# Blender 5.0.1
# www.blender.org
mtllib left_arm.mtl
o head.001
v 2.575831 1.007544 0.189193
v 2.603850 0.998907 0.173349
v 2.559377 0.958569 0.181072
v 2.528012 0.991252 0.185947
v 2.567896 1.040762 0.196636
v 2.622399 1.032536 0.197961
v 2.609515 1.053933 0.205870
v 2.637485 1.020261 0.181544
v 2.667880 1.040209 0.209135
v 2.717887 1.035701 0.223549
v 2.680335 1.027014 0.192377
v 2.653180 1.061308 0.216908
v 2.638237 1.085994 0.216323
v 2.699643 1.061382 0.230022
v 2.747213 1.057154 0.244685
v 2.680428 1.089731 0.227846
v 2.664876 1.115245 0.219184
v 2.723154 1.089968 0.239847
v 2.764904 1.088003 0.251419
v 2.704741 1.117191 0.229935
v 2.744265 1.115201 0.240319
v 2.692971 1.137662 0.214570
v 2.730728 1.135274 0.224457
v 2.688661 1.150440 0.193633
v 2.654983 1.135075 0.204390
v 2.617282 1.127352 0.194292
v 2.651793 1.147555 0.183764
v 2.615043 1.138906 0.173958
v 2.654063 1.153960 0.158593
v 2.659958 1.156323 0.130436
v 2.690359 1.157007 0.168268
v 2.617729 1.144838 0.149203
v 2.623624 1.147020 0.121780
v 2.581359 1.129628 0.140249
v 2.545100 1.108355 0.131319
v 2.586930 1.131518 0.114517
v 2.578529 1.124510 0.164270
v 2.580164 1.114536 0.184342
v 2.542382 1.104388 0.154681
v 2.507143 1.078377 0.145286
v 2.543925 1.096665 0.174636
v 2.509314 1.073527 0.165358
v 2.550684 1.084010 0.188652
v 2.516838 1.065225 0.179629
v 2.559713 1.065567 0.196052
v 2.587297 1.098611 0.198396
v 2.597856 1.077718 0.205721
v 2.625527 1.109070 0.208612
v 2.525195 1.050749 0.187271
v 2.501839 1.037000 0.180363
v 2.528590 1.026398 0.188496
v 2.495621 1.014509 0.179343
v 2.471090 1.008794 0.167367
v 2.489801 0.977299 0.177316
v 2.459312 0.966877 0.164171
v 2.485323 0.930158 0.175562
v 2.523404 0.945915 0.182794
v 2.452192 0.915924 0.162193
v 2.483228 0.877924 0.174779
v 2.449064 0.860700 0.161329
v 2.520861 0.895528 0.181420
v 2.484391 0.825660 0.175289
v 2.449425 0.806912 0.161447
v 2.523597 0.844240 0.182763
v 2.487692 0.778034 0.176713
v 2.529411 0.795053 0.186183
v 2.491871 0.738753 0.178230
v 2.452528 0.760200 0.162348
v 2.427356 0.745220 0.143401
v 2.457715 0.724880 0.163536
v 2.433662 0.712991 0.144863
v 2.464946 0.699938 0.163499
v 2.442765 0.692613 0.145690
v 2.473894 0.683180 0.160452
v 2.497014 0.708097 0.177950
v 2.503313 0.685456 0.173728
v 2.536394 0.714794 0.190107
v 2.540486 0.686519 0.185543
v 2.580121 0.716958 0.201300
v 2.533179 0.751190 0.189609
v 2.578592 0.755971 0.199186
v 2.576322 0.804990 0.188988
v 2.624520 0.747210 0.208930
v 2.667183 0.733020 0.217561
v 2.625061 0.712524 0.212331
v 2.625117 0.778419 0.197028
v 2.667115 0.757744 0.205161
v 2.627355 0.796533 0.176290
v 2.668359 0.773911 0.184790
v 2.626746 0.807359 0.149713
v 2.584648 0.819236 0.169002
v 2.591426 0.825492 0.145261
v 2.578560 0.869729 0.165912
v 2.577615 0.918268 0.165078
v 2.590108 0.875076 0.144384
v 2.558295 0.859487 0.180668
v 2.554377 0.909905 0.178684
v 2.592178 0.921987 0.144676
v 2.598017 0.877184 0.122067
v 2.601307 0.923355 0.122676
v 2.603595 0.879286 0.102591
v 2.597794 0.827649 0.122483
v 2.603210 0.827761 0.103940
v 2.618755 0.817408 0.120904
v 2.638560 0.805954 0.119237
v 2.607817 0.826841 0.092237
v 2.609751 0.834608 0.082562
v 2.615261 0.822364 0.088028
v 2.628468 0.811519 0.090813
v 2.614931 0.824397 0.080211
v 2.625048 0.811090 0.082916
v 2.614396 0.828234 0.071307
v 2.622014 0.809679 0.074864
v 2.611138 0.842349 0.074888
v 2.613351 0.843637 0.065685
v 2.615907 0.824037 0.063223
v 2.615254 0.838967 0.058155
v 2.616778 0.821574 0.055724
v 2.620179 0.806370 0.067103
v 2.619197 0.802372 0.059753
v 2.628338 0.783288 0.070679
v 2.633717 0.787747 0.080398
v 2.638971 0.753577 0.074198
v 2.625272 0.780260 0.063011
v 2.630079 0.755922 0.060045
v 2.633207 0.724165 0.058385
v 2.624768 0.765603 0.046577
v 2.627492 0.727019 0.039463
v 2.623326 0.782094 0.033002
v 2.628338 0.731142 0.005698
v 2.624594 0.809094 0.022114
v 2.617462 0.836324 0.048666
v 2.626503 0.842573 0.014254
v 2.632958 0.787249 -0.010091
v 2.634942 0.832848 -0.017316
v 2.643921 0.779856 -0.052114
v 2.640712 0.733554 -0.049975
v 2.656226 0.779029 -0.098272
v 2.645257 0.828719 -0.055832
v 2.646420 0.877582 -0.058170
v 2.656606 0.828128 -0.098173
v 2.657104 0.877358 -0.098036
v 2.657570 0.828128 -0.101773
v 2.658067 0.877358 -0.101642
v 2.657191 0.779029 -0.101879
v 2.658534 0.828128 -0.105380
v 2.658160 0.779029 -0.105479
v 2.659497 0.828128 -0.108986
v 2.659037 0.877358 -0.105243
v 2.660001 0.877358 -0.108849
v 2.662538 0.923473 -0.104304
v 2.663502 0.923473 -0.107910
v 2.661574 0.923473 -0.100703
v 2.672052 0.963376 -0.101760
v 2.671082 0.963376 -0.098154
v 2.673016 0.963376 -0.105361
v 2.690570 0.993951 -0.096798
v 2.691534 0.993951 -0.100399
v 2.689600 0.993951 -0.093192
v 2.720101 1.012475 -0.088882
v 2.721065 1.012475 -0.092489
v 2.719137 1.012475 -0.085276
v 2.758642 1.017786 -0.078554
v 2.759606 1.017786 -0.082161
v 2.757678 1.017786 -0.074954
v 2.803190 1.009105 -0.066621
v 2.802226 1.009105 -0.063014
v 2.850740 0.985656 -0.053880
v 2.804153 1.009105 -0.070221
v 2.851705 0.985656 -0.057480
v 2.805117 1.009105 -0.073828
v 2.806087 1.009105 -0.077428
v 2.760576 1.017786 -0.085761
v 2.852668 0.985656 -0.061087
v 2.853638 0.985656 -0.064687
v 2.900338 0.948328 -0.048314
v 2.945700 0.904682 -0.036158
v 2.901301 0.948334 -0.051915
v 2.899374 0.948334 -0.044708
v 2.898410 0.948334 -0.041107
v 2.944742 0.904694 -0.032551
v 2.943791 0.904725 -0.028944
v 2.985516 0.863977 -0.021625
v 2.984602 0.864082 -0.018013
v 3.019399 0.835410 -0.012547
v 2.986461 0.863933 -0.025238
v 3.020313 0.835310 -0.016166
v 2.987450 0.863977 -0.028833
v 3.021327 0.835410 -0.019754
v 2.946676 0.904694 -0.039758
v 2.988463 0.864082 -0.032427
v 3.022415 0.835659 -0.023329
v 2.947652 0.904725 -0.043358
v 2.989501 0.864232 -0.036008
v 2.948641 0.904769 -0.046959
v 3.023553 0.836013 -0.026886
v 2.990552 0.864399 -0.039590
v 3.024710 0.836417 -0.030437
v 3.000433 0.864791 -0.076290
v 2.949630 0.904818 -0.050553
v 2.904212 0.948346 -0.062728
v 2.959697 0.905092 -0.087328
v 2.914304 0.948663 -0.099584
v 2.970262 0.907020 -0.121298
v 2.925099 0.950852 -0.134151
v 2.982332 0.911665 -0.149573
v 3.009742 0.867546 -0.109732
v 3.018566 0.874106 -0.136807
v 3.042295 0.840739 -0.100504
v 3.047002 0.849998 -0.127342
v 3.034391 0.836958 -0.067125
v 3.067174 0.832388 -0.094267
v 3.069661 0.842660 -0.122878
v 3.059948 0.828433 -0.060334
v 3.084349 0.840254 -0.090095
v 3.077316 0.836896 -0.055733
v 3.094093 0.860084 -0.087054
v 3.086426 0.849351 -0.119800
v 3.096095 0.866619 -0.115795
v 3.081433 0.866974 -0.143728
v 3.064556 0.860569 -0.145326
v 3.092452 0.880666 -0.137851
v 3.067883 0.894944 -0.161518
v 3.083062 0.905869 -0.153186
v 3.046337 0.931389 -0.174763
v 3.048376 0.887544 -0.162550
v 3.021725 0.924232 -0.176933
v 3.030200 0.881854 -0.154914
v 2.998873 0.917839 -0.168924
v 3.048644 0.861290 -0.143765
v 2.956831 0.963593 -0.184140
v 2.900307 1.015174 -0.204269
v 2.937828 0.956331 -0.163825
v 2.986666 0.968581 -0.190184
v 2.949207 1.014304 -0.203031
v 3.018373 0.973058 -0.185396
v 3.044962 0.977865 -0.172742
v 2.987661 1.015000 -0.194718
v 3.018435 1.016225 -0.180304
v 2.957739 1.052645 -0.203218
v 2.918047 1.054449 -0.214342
v 2.989806 1.050979 -0.187722
v 2.929651 1.084607 -0.208678
v 2.891483 1.088003 -0.220971
v 2.904037 1.110276 -0.208255
v 2.960997 1.080528 -0.192989
v 2.934103 1.103866 -0.193455
v 2.982257 1.077121 -0.172581
v 2.953821 1.098704 -0.175279
v 3.011639 1.049642 -0.166698
v 2.991299 1.075436 -0.146594
v 2.960064 1.097411 -0.152408
v 2.990720 1.074938 -0.115615
v 3.021482 1.048859 -0.139655
v 3.048588 1.018240 -0.132553
v 3.021638 1.048504 -0.107705
v 3.015388 1.048373 -0.072429
v 3.048507 1.018650 -0.100560
v 3.042177 1.018799 -0.065253
v 3.069854 0.985911 -0.094790
v 3.063244 0.986371 -0.059607
v 3.070725 0.984649 -0.126459
v 3.085151 0.951990 -0.090313
v 3.094193 0.918747 -0.087079
v 3.086799 0.950585 -0.121006
v 3.078292 0.952432 -0.055528
v 3.087309 0.918573 -0.053009
v 3.068760 0.952494 -0.018635
v 3.053742 0.986433 -0.022658
v 3.066664 0.950162 -0.015333
v 3.077770 0.918555 -0.016222
v 3.080774 0.886163 -0.015413
v 3.075712 0.916291 -0.012908
v 3.078827 0.884136 -0.012074
v 3.073797 0.914326 -0.009562
v 3.077005 0.882364 -0.008698
v 3.072155 0.912933 -0.006136
v 3.064718 0.948122 -0.011993
v 3.063058 0.946680 -0.008573
v 3.049769 0.982205 -0.015998
v 3.048134 0.980812 -0.012578
v 3.028956 1.015019 -0.021576
v 3.051684 0.984176 -0.019350
v 3.030778 1.016791 -0.024952
v 3.004177 1.046695 -0.032078
v 3.032719 1.018824 -0.028292
v 3.005943 1.048361 -0.035467
v 2.974658 1.074783 -0.043850
v 2.973104 1.073570 -0.040405
v 2.940371 1.098107 -0.053034
v 2.984148 1.074807 -0.080749
v 2.949985 1.098064 -0.089803
v 2.914366 1.118186 -0.099286
v 2.957384 1.097796 -0.123742
v 2.922966 1.117278 -0.132479
v 2.888423 1.133496 -0.142217
v 2.929284 1.115015 -0.158882
v 2.898715 1.129180 -0.168850
v 2.932517 1.112098 -0.174881
v 2.912507 1.120114 -0.186348
v 2.882485 1.128938 -0.199313
v 2.866137 1.140298 -0.180136
v 2.847339 1.135274 -0.210723
v 2.830954 1.147729 -0.190707
v 2.867723 1.115201 -0.220430
v 2.809706 1.137662 -0.221089
v 2.794316 1.150440 -0.200687
v 2.828318 1.117191 -0.231244
v 2.771719 1.135075 -0.231275
v 2.788409 1.115245 -0.241852
v 2.734017 1.127352 -0.241373
v 2.757454 1.147555 -0.210568
v 2.720729 1.138906 -0.220468
v 2.745291 1.153960 -0.181871
v 2.709157 1.144838 -0.191994
v 2.781556 1.157007 -0.172089
v 2.734534 1.156323 -0.147881
v 2.770556 1.159426 -0.138038
v 2.698816 1.147020 -0.158826
v 2.724485 1.156659 -0.111256
v 2.689103 1.147331 -0.123369
v 2.760432 1.159768 -0.101251
v 2.723477 1.156659 -0.107488
v 2.722476 1.156659 -0.103757
v 2.687778 1.147331 -0.118419
v 2.759463 1.159768 -0.097650
v 2.758499 1.159768 -0.094044
v 2.795504 1.156783 -0.087993
v 2.794533 1.156777 -0.084387
v 2.831520 1.148320 -0.078342
v 2.796468 1.156789 -0.091594
v 2.832509 1.148370 -0.081937
v 2.806616 1.156453 -0.128369
v 2.842613 1.148071 -0.118674
v 2.817765 1.154109 -0.162333
v 2.853489 1.145994 -0.152384
v 2.878512 1.135063 -0.108955
v 2.868544 1.135286 -0.072280
v 2.904585 1.118317 -0.062623
v 2.867499 1.135112 -0.068698
v 2.903422 1.117906 -0.059072
v 2.866460 1.134963 -0.065116
v 2.902284 1.117552 -0.055515
v 2.830531 1.148276 -0.074742
v 2.865441 1.134857 -0.061528
v 2.864458 1.134820 -0.057928
v 2.901202 1.117303 -0.051946
v 2.829549 1.148245 -0.071142
v 2.828578 1.148233 -0.067541
v 2.793564 1.156771 -0.080786
v 2.757535 1.159768 -0.090443
v 2.792600 1.156771 -0.077180
v 2.791636 1.156771 -0.073579
v 2.756571 1.159768 -0.086837
v 2.755601 1.159768 -0.083230
v 2.720530 1.156659 -0.096494
v 2.719560 1.156659 -0.092881
v 2.684489 1.147331 -0.106151
v 2.721500 1.156659 -0.100107
v 2.685471 1.147331 -0.109813
v 2.649467 1.131786 -0.119582
v 2.686547 1.147331 -0.113824
v 2.650761 1.131786 -0.124414
v 2.614974 1.110022 -0.135003
v 2.652558 1.131786 -0.131130
v 2.617437 1.110022 -0.144213
v 2.654778 1.131786 -0.139418
v 2.621535 1.110022 -0.159491
v 2.663577 1.131518 -0.171536
v 2.628456 1.109816 -0.184625
v 2.673234 1.129628 -0.202621
v 2.637416 1.108355 -0.213217
v 2.684271 1.124510 -0.230361
v 2.648174 1.104388 -0.240155
v 2.696900 1.114536 -0.251316
v 2.660661 1.096665 -0.261029
v 2.710829 1.098611 -0.262640
v 2.674254 1.084010 -0.272521
v 2.749041 1.109070 -0.252367
v 2.723907 1.077718 -0.264711
v 2.686068 1.065567 -0.275530
v 2.764170 1.085994 -0.253648
v 2.733905 1.053933 -0.258349
v 2.693356 1.040762 -0.271582
v 2.740422 1.032536 -0.242511
v 2.777191 1.061308 -0.245919
v 2.785337 1.040209 -0.229223
v 2.824033 1.061382 -0.234197
v 2.806479 1.089731 -0.242580
v 2.835910 1.035701 -0.216923
v 2.872666 1.057154 -0.223539
v 2.849515 1.089967 -0.231735
v 2.835207 1.019894 -0.191559
v 2.786525 1.027014 -0.203921
v 2.827994 1.012258 -0.160250
v 2.887366 0.996606 -0.178475
v 2.876721 0.988834 -0.147390
v 2.866541 0.986054 -0.112419
v 2.856536 0.985656 -0.075501
v 2.818841 1.009497 -0.125172
v 2.808985 1.009105 -0.088242
v 2.774125 1.018122 -0.137130
v 2.782091 1.020491 -0.172350
v 2.764437 1.017786 -0.100181
v 2.735423 1.012755 -0.147527
v 2.725896 1.012475 -0.110503
v 2.705774 0.994125 -0.155493
v 2.742250 1.014720 -0.183220
v 2.711799 0.995381 -0.191584
v 2.744004 1.020261 -0.215996
v 2.710798 0.998907 -0.225784
v 2.691192 0.962847 -0.230075
v 2.695930 1.007544 -0.259027
v 2.677058 0.958588 -0.259388
v 2.653472 0.991252 -0.282271
v 2.655393 1.026398 -0.284727
v 2.647546 0.945927 -0.281413
v 2.616162 0.977299 -0.294260
v 2.611287 0.930164 -0.294857
v 2.582888 0.966877 -0.297008
v 2.622237 1.014509 -0.293215
v 2.594684 1.008794 -0.293893
v 2.628095 1.037000 -0.290840
v 2.651818 1.050749 -0.285293
v 2.613010 1.040955 -0.288881
v 2.640432 1.065225 -0.281637
v 2.595648 1.043865 -0.278447
v 2.626050 1.073527 -0.270307
v 2.580774 1.045569 -0.258256
v 2.571950 1.006288 -0.284802
v 2.553961 1.004933 -0.265395
v 2.555217 0.959863 -0.289285
v 2.534025 0.955615 -0.270655
v 2.545031 0.904949 -0.292015
v 2.521794 0.898053 -0.273833
v 2.540479 0.846665 -0.293234
v 2.575719 0.915924 -0.298836
v 2.572497 0.860706 -0.299645
v 2.572703 0.806930 -0.299570
v 2.608464 0.877968 -0.295174
v 2.642882 0.895653 -0.281332
v 2.608352 0.825809 -0.295025
v 2.641626 0.844737 -0.281170
v 2.610479 0.778382 -0.294434
v 2.575656 0.760243 -0.298774
v 2.642814 0.796521 -0.280779
v 2.613998 0.739456 -0.293103
v 2.644878 0.754013 -0.279864
v 2.617593 0.709484 -0.289447
v 2.580619 0.724967 -0.297083
v 2.550273 0.712991 -0.290324
v 2.586669 0.700113 -0.292935
v 2.558475 0.692613 -0.286132
v 2.592477 0.683491 -0.284634
v 2.567977 0.680600 -0.278664
v 2.594858 0.673225 -0.271177
v 2.619881 0.687906 -0.281537
v 2.644735 0.694075 -0.270630
v 2.619682 0.673436 -0.267453
v 2.642167 0.677298 -0.258505
v 2.616162 0.664631 -0.245807
v 2.590387 0.667491 -0.251304
v 2.639960 0.667050 -0.238022
v 2.609695 0.660079 -0.217277
v 2.635706 0.661404 -0.209878
v 2.582030 0.664737 -0.224261
v 2.601040 0.658400 -0.183351
v 2.572510 0.663742 -0.190943
v 2.591252 0.658164 -0.146582
v 2.628052 0.659246 -0.176057
v 2.618407 0.658935 -0.139306
v 2.649828 0.670880 -0.170168
v 2.640302 0.670601 -0.133443
v 2.656625 0.672845 -0.203840
v 2.663651 0.696500 -0.166524
v 2.670012 0.697364 -0.200743
v 2.670759 0.733747 -0.164721
v 2.654193 0.696375 -0.129718
v 2.661326 0.733816 -0.127809
v 2.653229 0.696375 -0.126111
v 2.639338 0.670594 -0.129836
v 2.660362 0.733816 -0.124202
v 2.652260 0.696375 -0.122511
v 2.659392 0.733816 -0.120602
v 2.638374 0.670601 -0.126229
v 2.651295 0.696375 -0.118904
v 2.650332 0.696375 -0.115304
v 2.637404 0.670594 -0.122629
v 2.658428 0.733816 -0.116995
v 2.657464 0.733816 -0.113389
v 2.661058 0.779029 -0.116293
v 2.660088 0.779029 -0.112686
v 2.661431 0.828128 -0.116193
v 2.662022 0.779029 -0.119893
v 2.662986 0.779029 -0.123500
v 2.662395 0.828128 -0.119794
v 2.663365 0.828128 -0.123400
v 2.662899 0.877358 -0.119663
v 2.661935 0.877358 -0.116056
v 2.663863 0.877358 -0.123263
v 2.666400 0.923473 -0.118724
v 2.665436 0.923473 -0.115117
v 2.667370 0.923473 -0.122324
v 2.675914 0.963376 -0.116174
v 2.676878 0.963376 -0.119775
v 2.674944 0.963376 -0.112568
v 2.694432 0.993951 -0.111212
v 2.693468 0.993951 -0.107606
v 2.723963 1.012475 -0.103296
v 2.695395 0.993951 -0.114813
v 2.724926 1.012475 -0.106903
v 2.696366 0.993951 -0.118419
v 2.677841 0.963376 -0.123381
v 2.687212 0.963370 -0.160442
v 2.668334 0.923473 -0.125931
v 2.677705 0.923293 -0.162942
v 2.664826 0.877358 -0.126870
v 2.674210 0.877091 -0.163856
v 2.664329 0.828128 -0.127001
v 2.673725 0.827867 -0.163981
v 2.663956 0.779029 -0.127100
v 2.673364 0.778830 -0.164074
v 2.679389 0.777437 -0.199412
v 2.679613 0.826058 -0.199406
v 2.678643 0.773625 -0.231517
v 2.676933 0.733256 -0.199692
v 2.676635 0.731683 -0.230908
v 2.666866 0.727423 -0.257087
v 2.670373 0.699093 -0.230031
v 2.658503 0.677577 -0.231443
v 2.662488 0.698975 -0.253343
v 2.656221 0.683037 -0.248916
v 2.667762 0.766051 -0.258840
v 2.645985 0.719383 -0.277041
v 2.666891 0.811544 -0.259363
v 2.666537 0.860395 -0.259556
v 2.678507 0.821133 -0.231716
v 2.678662 0.870270 -0.231747
v 2.681877 0.918393 -0.231387
v 2.680018 0.875263 -0.199325
v 2.683450 0.922043 -0.198579
v 2.692946 0.963351 -0.196409
v 2.669067 0.910079 -0.259574
v 2.763467 1.017786 -0.096575
v 2.808015 1.009105 -0.084635
v 2.762503 1.017786 -0.092974
v 2.761539 1.017786 -0.089367
v 2.807051 1.009105 -0.081035
v 2.854602 0.985656 -0.068294
v 2.902272 0.948334 -0.055521
v 2.855566 0.985656 -0.071900
v 2.903241 0.948340 -0.059122
v 2.722998 1.012475 -0.099696
v 2.722028 1.012475 -0.096090
v 2.692498 0.993951 -0.104005
v 2.673980 0.963376 -0.108968
v 2.664472 0.923473 -0.111517
v 2.660965 0.877358 -0.112450
v 2.660467 0.828128 -0.112586
v 2.659125 0.779029 -0.109086
v 2.656494 0.733816 -0.109788
v 2.655530 0.733816 -0.106182
v 2.649362 0.696375 -0.111697
v 2.648398 0.696375 -0.108097
v 2.635476 0.670601 -0.115422
v 2.634506 0.670601 -0.111816
v 2.636440 0.670594 -0.119022
v 2.613575 0.658941 -0.121286
v 2.612612 0.658941 -0.117685
v 2.586420 0.658164 -0.128561
v 2.614539 0.658941 -0.124893
v 2.587390 0.658164 -0.132168
v 2.615509 0.658941 -0.128499
v 2.588354 0.658164 -0.135774
v 2.616473 0.658941 -0.132099
v 2.589318 0.658164 -0.139375
v 2.617437 0.658941 -0.135706
v 2.590288 0.658164 -0.142982
v 2.561628 0.663605 -0.150655
v 2.562598 0.663605 -0.154261
v 2.535225 0.670601 -0.157731
v 2.560664 0.663605 -0.147054
v 2.534261 0.670601 -0.154131
v 2.559700 0.663605 -0.143448
v 2.533298 0.670601 -0.150524
v 2.558730 0.663605 -0.139847
v 2.532327 0.670601 -0.146924
v 2.557766 0.663605 -0.136241
v 2.531364 0.670601 -0.143317
v 2.556803 0.663605 -0.132641
v 2.530400 0.670601 -0.139711
v 2.585456 0.658164 -0.124961
v 2.555839 0.663605 -0.129034
v 2.554869 0.663605 -0.125433
v 2.529430 0.670601 -0.136110
v 2.584492 0.658164 -0.121354
v 2.583523 0.658164 -0.117754
v 2.611648 0.658941 -0.114079
v 2.610678 0.658941 -0.110479
v 2.633542 0.670601 -0.108215
v 2.632579 0.670601 -0.104608
v 2.647434 0.696375 -0.104490
v 2.646470 0.696375 -0.100890
v 2.654567 0.733816 -0.102581
v 2.653602 0.733816 -0.098975
v 2.634158 0.695424 -0.054725
v 2.623139 0.687502 -0.012721
v 2.621236 0.670010 -0.062268
v 2.610920 0.665875 -0.023752
v 2.600001 0.658711 -0.070613
v 2.573182 0.658096 -0.079145
v 2.590108 0.657144 -0.033677
v 2.581719 0.653482 -0.002330
v 2.563481 0.657654 -0.042948
v 2.555055 0.656616 -0.011477
v 2.535002 0.663537 -0.051287
v 2.526526 0.663406 -0.019636
v 2.508518 0.670601 -0.058046
v 2.544646 0.663593 -0.087278
v 2.518249 0.670601 -0.094367
v 2.496945 0.675389 -0.099945
v 2.528466 0.670601 -0.132504
v 2.507193 0.675389 -0.138206
v 2.490428 0.677851 -0.142702
v 2.508157 0.675389 -0.141812
v 2.509127 0.675389 -0.145413
v 2.491393 0.677851 -0.146302
v 2.492356 0.677851 -0.149909
v 2.477625 0.678759 -0.149989
v 2.478595 0.678759 -0.153596
v 2.465363 0.678890 -0.153279
v 2.476661 0.678759 -0.146389
v 2.464399 0.678890 -0.149672
v 2.466364 0.678759 -0.107954
v 2.454102 0.678890 -0.111231
v 2.480144 0.677851 -0.104316
v 2.456079 0.678759 -0.069568
v 2.445812 0.678759 -0.031252
v 2.469958 0.677851 -0.066298
v 2.443798 0.678890 -0.072789
v 2.433500 0.678890 -0.034348
v 2.419770 0.703763 -0.079225
v 2.410822 0.703763 -0.045821
v 2.395749 0.728636 -0.085668
v 2.428725 0.703763 -0.112636
v 2.436031 0.703763 -0.139903
v 2.403876 0.728636 -0.116000
v 2.379538 0.753509 -0.121273
v 2.410642 0.728636 -0.141259
v 2.386161 0.753509 -0.146004
v 2.415063 0.728636 -0.157744
v 2.390706 0.753509 -0.162967
v 2.417631 0.728636 -0.167338
v 2.439942 0.703763 -0.154504
v 2.441932 0.703763 -0.161929
v 2.443226 0.703763 -0.166748
v 2.466333 0.678890 -0.156879
v 2.467297 0.678890 -0.160486
v 2.468261 0.678890 -0.164086
v 2.479559 0.678759 -0.157196
v 2.480523 0.678759 -0.160803
v 2.493320 0.677851 -0.153509
v 2.494290 0.677851 -0.157116
v 2.510091 0.675389 -0.149019
v 2.511055 0.675389 -0.152620
v 2.512025 0.675389 -0.156226
v 2.512989 0.675389 -0.159827
v 2.495254 0.677851 -0.160716
v 2.496218 0.677851 -0.164323
v 2.481487 0.678759 -0.164404
v 2.482457 0.678759 -0.168010
v 2.469224 0.678890 -0.167693
v 2.445197 0.704005 -0.174110
v 2.470194 0.678890 -0.171293
v 2.446130 0.705703 -0.177593
v 2.471158 0.678890 -0.174900
v 2.446988 0.711424 -0.180801
v 2.472122 0.678890 -0.178500
v 2.483421 0.678759 -0.171617
v 2.497188 0.677851 -0.167923
v 2.484385 0.678759 -0.175217
v 2.498152 0.677851 -0.171530
v 2.496510 0.690126 -0.211457
v 2.488066 0.713867 -0.213727
v 2.510053 0.698427 -0.244787
v 2.508903 0.680966 -0.208093
v 2.521284 0.684132 -0.241398
v 2.525139 0.675843 -0.203641
v 2.546225 0.670669 -0.197932
v 2.536444 0.676682 -0.236529
v 2.514922 0.675389 -0.167034
v 2.536189 0.670601 -0.161338
v 2.513952 0.675389 -0.163433
v 2.556573 0.671191 -0.230653
v 2.550025 0.678255 -0.262279
v 2.537047 0.687620 -0.268311
v 2.567268 0.672590 -0.255887
v 2.576135 0.674742 -0.270375
v 2.527148 0.704969 -0.272110
v 2.520127 0.735115 -0.274156
v 2.516179 0.780994 -0.275219
v 2.544092 0.745220 -0.292264
v 2.502430 0.726565 -0.246883
v 2.498407 0.773283 -0.248002
v 2.498662 0.832152 -0.248213
v 2.484540 0.764553 -0.214803
v 2.472265 0.753136 -0.178706
v 2.484987 0.828302 -0.215555
v 2.473248 0.825143 -0.180123
v 2.489738 0.892985 -0.216450
v 2.476077 0.892519 -0.183904
v 2.502386 0.952842 -0.215978
v 2.504277 0.894452 -0.247374
v 2.517372 0.953495 -0.244663
v 2.539447 1.004280 -0.239390
v 2.527004 1.004305 -0.211681
v 2.568537 1.046458 -0.231996
v 2.558550 1.046906 -0.204468
v 2.601941 1.080864 -0.223141
v 2.593005 1.081797 -0.195507
v 2.612966 1.078377 -0.249644
v 2.586302 1.082008 -0.171604
v 2.551125 1.047578 -0.180646
v 2.581856 1.082176 -0.155132
v 2.579157 1.082344 -0.145021
v 2.546511 1.048933 -0.164329
v 2.543918 1.050276 -0.154367
v 2.512249 1.011524 -0.172263
v 2.479913 0.973792 -0.178438
v 2.517148 1.006145 -0.187815
v 2.510041 1.015902 -0.163036
v 2.508698 1.017661 -0.157420
v 2.478390 0.982286 -0.170827
v 2.449581 0.952034 -0.177642
v 2.477258 0.985233 -0.165753
v 2.448586 0.955497 -0.173327
v 2.476270 0.985656 -0.161941
v 2.447616 0.955989 -0.169621
v 2.475206 0.985656 -0.157974
v 2.507678 1.017916 -0.153528
v 2.541338 1.050948 -0.144505
v 2.506615 1.017916 -0.149560
v 2.504967 1.017916 -0.143417
v 2.540275 1.050948 -0.140538
v 2.538627 1.050948 -0.134394
v 2.575439 1.082431 -0.131123
v 2.573810 1.082431 -0.125035
v 2.611368 1.110022 -0.121553
v 2.576502 1.082431 -0.135084
v 2.577559 1.082419 -0.139027
v 2.612413 1.110022 -0.125465
v 2.613457 1.110022 -0.129357
v 2.648454 1.131786 -0.115808
v 2.647440 1.131786 -0.112021
v 2.646134 1.131786 -0.107145
v 2.683512 1.147331 -0.102488
v 2.682431 1.147331 -0.098459
v 2.681187 1.147331 -0.093826
v 2.718583 1.156659 -0.089224
v 2.717582 1.156659 -0.085494
v 2.754637 1.159768 -0.079630
v 2.753673 1.159768 -0.076023
v 2.790672 1.156777 -0.069973
v 2.789708 1.156783 -0.066372
v 2.826670 1.148276 -0.060328
v 2.825725 1.148320 -0.056721
v 2.827621 1.148245 -0.063935
v 2.862599 1.134963 -0.050702
v 2.863513 1.134857 -0.054321
v 2.898422 1.117552 -0.041101
v 2.861704 1.135112 -0.047077
v 2.897627 1.117906 -0.037451
v 2.860820 1.135286 -0.043452
v 2.850523 1.135286 -0.005010
v 2.824785 1.148370 -0.053109
v 2.896862 1.118317 -0.033795
v 2.886558 1.118317 0.004647
v 2.932648 1.098107 -0.024206
v 2.933239 1.097330 -0.027912
v 2.966936 1.074789 -0.015022
v 2.922350 1.098107 0.014235
v 2.956632 1.074789 0.023420
v 2.912047 1.098107 0.052677
v 2.901749 1.098107 0.091118
v 2.876261 1.118317 0.043088
v 2.946334 1.074789 0.061861
v 2.977618 1.048361 0.070243
v 2.936031 1.074789 0.100302
v 2.967315 1.048361 0.108685
v 2.925733 1.074789 0.138744
v 2.957017 1.048361 0.147126
v 2.924178 1.073570 0.142189
v 2.891445 1.098107 0.129560
v 2.855659 1.118317 0.119971
v 2.890109 1.097330 0.133060
v 2.854496 1.117906 0.123521
v 2.888815 1.096658 0.136580
v 2.853359 1.117552 0.127078
v 2.887621 1.096180 0.140118
v 2.922698 1.072507 0.145659
v 2.921374 1.071754 0.149166
v 2.953585 1.045246 0.153935
v 2.952123 1.044220 0.157405
v 2.955251 1.046695 0.150515
v 2.980031 1.015019 0.161018
v 3.000844 0.982205 0.166596
v 2.978458 1.013769 0.164463
v 2.981847 1.016791 0.157641
v 3.002759 0.984176 0.163250
v 2.983793 1.018824 0.154302
v 2.994097 1.018824 0.115861
v 3.004817 0.986433 0.159936
v 3.015115 0.986433 0.121494
v 3.019834 0.952494 0.163959
v 3.017739 0.950162 0.167261
v 3.028844 0.918555 0.166372
v 3.030132 0.952494 0.125518
v 3.039142 0.918555 0.127930
v 3.040435 0.952494 0.087076
v 3.049446 0.918555 0.089489
v 3.050733 0.952494 0.048635
v 3.025418 0.986433 0.083053
v 3.004394 1.018824 0.077419
v 3.035716 0.986433 0.044612
v 3.014698 1.018824 0.038978
v 3.046020 0.986433 0.006170
v 3.024995 1.018824 0.000536
v 3.061037 0.952494 0.010193
v 3.045895 0.984176 0.002278
v 3.060875 0.950156 0.006288
v 3.024983 1.016791 -0.003325
v 3.045907 0.982205 -0.001584
v 3.025095 1.015019 -0.007162
v 3.060857 0.948122 0.002421
v 3.046200 0.980812 -0.005365
v 3.025450 1.013769 -0.010924
v 3.061124 0.946680 -0.001366
v 3.046909 0.980283 -0.009040
v 3.061826 0.946139 -0.005041
v 3.026190 1.013296 -0.014593
v 3.027383 1.013769 -0.018137
v 2.999892 1.043834 -0.021638
v 2.999115 1.044220 -0.017982
v 2.969193 1.071468 -0.029865
v 3.001049 1.044220 -0.025189
v 2.970299 1.071754 -0.033428
v 3.002510 1.045246 -0.028665
v 2.971624 1.072507 -0.036935
v 2.937740 1.096658 -0.046014
v 2.939034 1.097330 -0.049533
v 2.936547 1.096180 -0.042475
v 2.935490 1.095999 -0.038894
v 2.934613 1.096180 -0.035269
v 2.900188 1.117210 -0.048352
v 2.899268 1.117303 -0.044739
v 2.933879 1.096658 -0.031600
v 2.968365 1.071754 -0.026221
v 2.967762 1.072507 -0.022521
v 2.967309 1.073570 -0.018778
v 2.998649 1.045246 -0.014244
v 2.998381 1.046695 -0.010457
v 2.998220 1.048361 -0.006639
v 2.987916 1.048361 0.031802
v 3.070936 0.912405 -0.002604
v 3.074238 0.880635 -0.001715
v 3.070227 0.912933 0.001071
v 3.069935 0.914326 0.004852
v 3.073504 0.881114 0.001948
v 3.073143 0.882364 0.005716
v 3.070818 0.853269 0.001227
v 3.070346 0.854295 0.004964
v 3.061466 0.833389 -0.001279
v 3.071595 0.852877 -0.002423
v 3.072746 0.853269 -0.005980
v 3.062293 0.833103 -0.004917
v 3.045485 0.825759 -0.009419
v 3.063400 0.833389 -0.008486
v 3.064724 0.834141 -0.011993
v 3.046536 0.825939 -0.013001
v 3.047736 0.826418 -0.016545
v 3.049023 0.827096 -0.020059
v 3.066204 0.835198 -0.015457
v 3.050366 0.827867 -0.023566
v 3.067759 0.836417 -0.018902
v 3.077646 0.857404 -0.016253
v 3.087184 0.857740 -0.053034
v 3.075874 0.855744 -0.012864
v 3.074207 0.854295 -0.009450
v 3.090300 0.886338 -0.052145
v 3.097146 0.887525 -0.085804
v 3.099093 0.890523 -0.113382
v 3.096692 0.894453 -0.130893
v 3.096139 0.918704 -0.115951
v 3.092420 0.915526 -0.138144
v 3.081196 0.946773 -0.146066
v 3.067156 0.939653 -0.164217
v 3.063045 0.982049 -0.152925
v 3.039285 1.017438 -0.159578
v 3.044608 0.825939 -0.005794
v 3.043868 0.826418 -0.002131
v 3.060862 0.834141 0.002427
v 3.043234 0.827096 0.001562
v 3.018553 0.835659 -0.008915
v 3.017758 0.836013 -0.005265
v 2.983706 0.864232 -0.014387
v 3.016986 0.836417 -0.001609
v 2.982823 0.864399 -0.010762
v 3.006689 0.836417 0.036833
v 3.042637 0.827867 0.005269
v 3.032339 0.827867 0.043710
v 3.060035 0.836417 0.009926
v 3.049732 0.836417 0.048367
v 3.069916 0.857404 0.012575
v 3.060409 0.835198 0.006164
v 3.070084 0.855744 0.008757
v 3.073032 0.884136 0.009547
v 3.073044 0.886163 0.013414
v 3.069916 0.916291 0.008713
v 3.070047 0.918555 0.012612
v 3.059743 0.918555 0.051047
v 3.062747 0.886163 0.051856
v 3.059619 0.857404 0.051016
v 3.052449 0.886163 0.090297
v 3.049315 0.857404 0.089458
v 3.042145 0.886163 0.128739
v 3.031848 0.886163 0.167180
v 3.039018 0.857404 0.127899
v 3.029131 0.836417 0.125250
v 3.028720 0.857404 0.166341
v 3.026948 0.855744 0.169730
v 3.018833 0.836417 0.163692
v 3.017279 0.835198 0.167137
v 3.001441 0.827867 0.159028
v 2.975784 0.836417 0.152157
v 3.011738 0.827867 0.120587
v 3.000097 0.827096 0.162535
v 2.974627 0.836013 0.155707
v 2.998811 0.826418 0.166048
v 2.973490 0.835659 0.159264
v 2.997610 0.825939 0.169593
v 3.015799 0.834141 0.170606
v 3.014474 0.833389 0.174107
v 3.025281 0.854295 0.173143
v 3.023820 0.853269 0.176613
v 3.028080 0.882364 0.173896
v 3.029902 0.884136 0.170519
v 3.024871 0.914326 0.173032
v 3.026506 0.881114 0.177334
v 3.023230 0.912933 0.176458
v 3.025313 0.880635 0.180879
v 3.022011 0.912405 0.179990
v 3.024579 0.881114 0.184542
v 3.022670 0.852877 0.180170
v 3.021893 0.853269 0.183826
v 3.013367 0.833103 0.177677
v 3.012540 0.833389 0.181321
v 2.996559 0.825759 0.173174
v 2.971388 0.835310 0.166428
v 2.995683 0.825939 0.176800
v 2.970467 0.835410 0.170047
v 2.994942 0.826418 0.180469
v 2.969628 0.835659 0.173684
v 2.994308 0.827096 0.184156
v 3.011937 0.834141 0.185020
v 3.011483 0.835198 0.188758
v 3.021420 0.854295 0.187557
v 3.021159 0.855744 0.191351
v 3.024218 0.882364 0.188310
v 3.021009 0.914326 0.187452
v 3.024106 0.884136 0.192140
v 3.024119 0.886163 0.196008
v 3.020991 0.916291 0.191307
v 3.021115 0.918555 0.195206
v 3.011943 0.950162 0.188882
v 3.012105 0.952494 0.192787
v 2.996969 0.984176 0.184871
v 3.011931 0.948122 0.185014
v 2.996982 0.982205 0.181010
v 3.012198 0.946680 0.181227
v 2.997275 0.980812 0.177229
v 3.012901 0.946139 0.177552
v 3.021302 0.912933 0.183665
v 2.997983 0.980283 0.173554
v 3.014132 0.946680 0.174020
v 2.999208 0.980812 0.170022
v 3.015792 0.948122 0.170600
v 2.977264 1.013296 0.168001
v 2.976524 1.013769 0.171670
v 2.950967 1.043834 0.160956
v 2.950189 1.044220 0.164612
v 2.920267 1.071468 0.152729
v 2.886564 1.095999 0.143700
v 2.919440 1.071754 0.156373
v 2.918837 1.072507 0.160073
v 2.885687 1.096180 0.147325
v 2.850343 1.117303 0.137855
v 2.884954 1.096658 0.150994
v 2.849497 1.117552 0.141492
v 2.884313 1.097330 0.154688
v 2.883723 1.098107 0.158387
v 2.848701 1.117906 0.145142
v 2.918383 1.073570 0.163816
v 2.949456 1.046695 0.172142
v 2.918010 1.074789 0.167578
v 2.949288 1.048361 0.175960
v 2.909684 1.074807 0.197152
v 2.940899 1.048374 0.205559
v 2.875564 1.098064 0.187930
v 2.899716 1.074938 0.224021
v 2.866740 1.097796 0.214532
v 2.930465 1.048504 0.232565
v 2.886235 1.075436 0.245518
v 2.915902 1.048859 0.254391
v 2.866554 1.077121 0.259242
v 2.856151 1.097411 0.235395
v 2.840338 1.098704 0.248254
v 2.826172 1.115015 0.225930
v 2.821789 1.112098 0.238361
v 2.794801 1.129180 0.218960
v 2.832540 1.117278 0.204981
v 2.797780 1.133496 0.196058
v 2.839977 1.118186 0.178348
v 2.804097 1.135063 0.168778
v 2.847930 1.118311 0.148799
v 2.811895 1.135286 0.139142
v 2.812778 1.135112 0.135517
v 2.775854 1.148370 0.129485
v 2.776799 1.148320 0.125878
v 2.768149 1.148071 0.159233
v 2.739819 1.156789 0.119828
v 2.740783 1.156783 0.116228
v 2.732127 1.156453 0.149620
v 2.703778 1.159768 0.110171
v 2.696067 1.159426 0.139963
v 2.667668 1.156659 0.100794
v 2.704748 1.159768 0.106571
v 2.668670 1.156659 0.097057
v 2.705712 1.159768 0.102964
v 2.741740 1.156777 0.112621
v 2.706676 1.159768 0.099363
v 2.669658 1.156659 0.093357
v 2.670634 1.156659 0.089713
v 2.633536 1.147331 0.084023
v 2.634587 1.147331 0.080093
v 2.632361 1.147331 0.088407
v 2.597302 1.131786 0.075100
v 2.595679 1.131786 0.081144
v 2.561069 1.110022 0.066176
v 2.598527 1.131786 0.070529
v 2.599529 1.131786 0.066786
v 2.562461 1.110022 0.060966
v 2.563487 1.110022 0.057135
v 2.526538 1.082419 0.051383
v 2.527577 1.082431 0.047509
v 2.491368 1.050867 0.041950
v 2.525065 1.082344 0.056855
v 2.489869 1.050276 0.047348
v 2.522720 1.082176 0.065567
v 2.558917 1.110022 0.074186
v 2.519070 1.082008 0.079297
v 2.487494 1.048933 0.055916
v 2.453790 1.011524 0.045899
v 2.484067 1.047578 0.069615
v 2.479764 1.046906 0.089564
v 2.450955 1.006145 0.059224
v 2.419932 0.952021 0.045669
v 2.448772 1.004305 0.080286
v 2.425180 0.952842 0.072159
v 2.447162 1.004280 0.105010
v 2.425373 0.953495 0.098667
v 2.476077 1.046458 0.113075
v 2.448169 1.004933 0.129435
v 2.455215 1.006288 0.150863
v 2.474964 1.045569 0.136648
v 2.428265 0.955615 0.124038
v 2.438481 0.959863 0.146380
v 2.416083 0.898053 0.120692
v 2.428296 0.904949 0.143650
v 2.410636 0.837617 0.119169
v 2.412638 0.894453 0.094631
v 2.407315 0.832152 0.092685
v 2.413838 0.892985 0.066823
v 2.410051 0.828302 0.064106
v 2.416543 0.892519 0.038281
v 2.415735 0.825143 0.034501
v 2.392087 0.878198 0.028444
v 2.391664 0.826574 0.027020
v 2.393144 0.919282 0.028761
v 2.367810 0.865842 0.019906
v 2.368351 0.896784 0.018943
v 2.367599 0.827631 0.019807
v 2.343690 0.855514 0.012675
v 2.343559 0.828066 0.013054
v 2.344075 0.878167 0.011369
v 2.319650 0.846267 0.006121
v 2.320477 0.849675 0.003049
v 2.319532 0.828128 0.006568
v 2.320017 0.861290 0.004771
v 2.320608 0.870879 0.002551
v 2.344709 0.892512 0.009124
v 2.321385 0.875804 -0.000334
v 2.345518 0.899813 0.006170
v 2.322280 0.877613 -0.003680
v 2.321347 0.851963 -0.000197
v 2.321329 0.828128 -0.000135
v 2.322274 0.852871 -0.003661
v 2.322268 0.828128 -0.003655
v 2.323232 0.853001 -0.007243
v 2.323232 0.828128 -0.007243
v 2.324295 0.853001 -0.011210
v 2.323232 0.877874 -0.007243
v 2.347383 0.902878 -0.000776
v 2.324295 0.877874 -0.011210
v 2.348447 0.902878 -0.004737
v 2.325943 0.877874 -0.017354
v 2.350094 0.902878 -0.010887
v 2.325943 0.853001 -0.017354
v 2.328753 0.877874 -0.027856
v 2.333318 0.877874 -0.044882
v 2.352905 0.902878 -0.021383
v 2.328753 0.853001 -0.027856
v 2.328753 0.828128 -0.027856
v 2.333318 0.853001 -0.044882
v 2.333318 0.828128 -0.044882
v 2.339921 0.853001 -0.069537
v 2.339921 0.828128 -0.069537
v 2.347694 0.853001 -0.098539
v 2.339921 0.877874 -0.069537
v 2.347694 0.877874 -0.098539
v 2.364073 0.902878 -0.063064
v 2.371846 0.902878 -0.092072
v 2.388977 0.928659 -0.056392
v 2.357469 0.902878 -0.038415
v 2.382374 0.928659 -0.031743
v 2.377809 0.928659 -0.014711
v 2.408777 0.955989 -0.024666
v 2.404212 0.955989 -0.007634
v 2.415380 0.955989 -0.049316
v 2.437430 0.985656 -0.016987
v 2.432866 0.985656 0.000045
v 2.444034 0.985656 -0.041636
v 2.468839 1.017916 -0.008573
v 2.475442 1.017916 -0.033223
v 2.464274 1.017916 0.008458
v 2.502498 1.050948 0.000449
v 2.537595 1.082431 0.010113
v 2.509102 1.050948 -0.024206
v 2.497934 1.050948 0.017481
v 2.495123 1.050948 0.027978
v 2.533049 1.082431 0.027076
v 2.530269 1.082431 0.037461
v 2.568592 1.110022 0.038095
v 2.572796 1.110022 0.022400
v 2.603676 1.131786 0.051302
v 2.566068 1.110022 0.047503
v 2.601848 1.131786 0.058130
v 2.564538 1.110022 0.053224
v 2.600542 1.131786 0.063005
v 2.528634 1.082431 0.043548
v 2.493475 1.050948 0.034121
v 2.492412 1.050948 0.038089
v 2.459816 1.017916 0.025099
v 2.461464 1.017916 0.018955
v 2.428408 0.985656 0.016685
v 2.458753 1.017916 0.029066
v 2.427344 0.985656 0.020652
v 2.457708 1.017661 0.032890
v 2.456172 1.015902 0.038002
v 2.426306 0.985233 0.024402
v 2.424838 0.982286 0.029053
v 2.397683 0.955497 0.016642
v 2.371311 0.928187 0.009497
v 2.396433 0.952034 0.020708
v 2.398690 0.955989 0.012973
v 2.372288 0.928659 0.005897
v 2.399754 0.955989 0.009006
v 2.373351 0.928659 0.001935
v 2.401395 0.955989 0.002862
v 2.374992 0.928659 -0.004214
v 2.430055 0.985656 0.010542
v 2.394798 0.942078 0.025279
v 2.370297 0.924878 0.013079
v 2.369247 0.915694 0.016468
v 2.422569 0.973792 0.035552
v 2.346426 0.902493 0.002800
v 2.636546 1.147331 0.072780
v 2.672568 1.156659 0.082487
v 2.635563 1.147331 0.076443
v 2.637628 1.147331 0.068751
v 2.673551 1.156659 0.078831
v 2.638865 1.147331 0.064124
v 2.640208 1.147331 0.059125
v 2.674552 1.156659 0.075100
v 2.675566 1.156659 0.071325
v 2.710537 1.159768 0.084950
v 2.711507 1.159768 0.081343
v 2.746572 1.156783 0.094600
v 2.709573 1.159768 0.088550
v 2.745608 1.156777 0.098207
v 2.708610 1.159768 0.092157
v 2.744638 1.156771 0.101807
v 2.707639 1.159768 0.095757
v 2.743674 1.156771 0.105414
v 2.671604 1.156659 0.086100
v 2.779653 1.148233 0.115052
v 2.742704 1.156771 0.109014
v 2.778690 1.148245 0.118659
v 2.814588 1.134857 0.128278
v 2.777744 1.148276 0.122265
v 2.813673 1.134963 0.131891
v 2.815533 1.134820 0.124666
v 2.816515 1.134857 0.121065
v 2.851263 1.117210 0.134242
v 2.852271 1.117303 0.130648
v 2.780623 1.148245 0.111452
v 2.817535 1.134963 0.117477
v 2.818573 1.135112 0.113896
v 2.781606 1.148276 0.107851
v 2.782594 1.148320 0.104251
v 2.783583 1.148370 0.100657
v 2.819618 1.135286 0.110314
v 2.793881 1.148370 0.062215
v 2.747542 1.156789 0.091000
v 2.757846 1.156789 0.052559
v 2.721805 1.159768 0.042902
v 2.768143 1.156789 0.014117
v 2.732108 1.159768 0.004460
v 2.778447 1.156789 -0.024324
v 2.804184 1.148370 0.023774
v 2.814482 1.148370 -0.014667
v 2.840219 1.135286 0.033431
v 2.829922 1.135286 0.071872
v 2.865957 1.118317 0.081529
v 2.742406 1.159768 -0.033981
v 2.788744 1.156789 -0.062766
v 2.752703 1.159768 -0.072423
v 2.716569 1.156659 -0.081713
v 2.706321 1.156659 -0.043458
v 2.679850 1.147331 -0.088833
v 2.669938 1.147331 -0.051840
v 2.642037 1.131786 -0.091867
v 2.633088 1.131786 -0.058456
v 2.603110 1.110022 -0.090735
v 2.644306 1.131786 -0.100324
v 2.607314 1.110022 -0.106424
v 2.571024 1.082431 -0.114651
v 2.609838 1.110022 -0.115833
v 2.566478 1.082431 -0.097688
v 2.535816 1.050948 -0.123898
v 2.531252 1.050948 -0.106866
v 2.502156 1.017916 -0.132914
v 2.497592 1.017916 -0.115888
v 2.470748 0.985656 -0.141334
v 2.442094 0.955989 -0.149013
v 2.466184 0.985656 -0.124302
v 2.473558 0.985656 -0.151830
v 2.444905 0.955989 -0.159510
v 2.446552 0.955989 -0.165653
v 2.418502 0.928659 -0.166586
v 2.420150 0.928659 -0.172730
v 2.415691 0.928659 -0.156083
v 2.393598 0.902878 -0.173258
v 2.395246 0.902878 -0.179402
v 2.390787 0.902878 -0.162756
v 2.369452 0.877874 -0.179725
v 2.371094 0.877874 -0.185869
v 2.366635 0.877874 -0.169229
v 2.369452 0.853001 -0.179725
v 2.366635 0.853001 -0.169229
v 2.369452 0.828128 -0.179725
v 2.371094 0.853001 -0.185869
v 2.371094 0.828128 -0.185869
v 2.372157 0.853001 -0.189836
v 2.372157 0.877874 -0.189836
v 2.372157 0.828128 -0.189836
v 2.373121 0.852871 -0.193424
v 2.373121 0.828128 -0.193430
v 2.374047 0.851963 -0.196882
v 2.373114 0.877613 -0.193406
v 2.374010 0.875804 -0.196745
v 2.397266 0.902493 -0.186939
v 2.396309 0.902878 -0.183369
v 2.398162 0.899813 -0.190321
v 2.422171 0.928187 -0.180310
v 2.421213 0.928659 -0.176697
v 2.423097 0.924878 -0.183966
v 2.423912 0.915694 -0.187548
v 2.450557 0.942078 -0.182822
v 2.398945 0.892512 -0.193300
v 2.424397 0.896784 -0.190216
v 2.399523 0.878167 -0.195569
v 2.450955 0.919282 -0.186995
v 2.424390 0.865842 -0.191248
v 2.399841 0.855514 -0.196882
v 2.449792 0.878198 -0.186926
v 2.424123 0.827631 -0.191148
v 2.448605 0.826574 -0.185496
v 2.399915 0.828066 -0.197261
v 2.423856 0.788941 -0.190514
v 2.399772 0.800556 -0.196788
v 2.423483 0.757656 -0.189177
v 2.448020 0.773165 -0.184488
v 2.447647 0.730190 -0.183263
v 2.399412 0.777866 -0.195439
v 2.422873 0.739648 -0.186907
v 2.398815 0.763626 -0.193219
v 2.422071 0.731745 -0.183923
v 2.421170 0.729021 -0.180534
v 2.398038 0.756487 -0.190315
v 2.397142 0.753882 -0.186970
v 2.374010 0.780453 -0.196745
v 2.373114 0.778643 -0.193406
v 2.374047 0.804294 -0.196882
v 2.374781 0.785378 -0.199636
v 2.375378 0.794966 -0.201850
v 2.374918 0.806582 -0.200127
v 2.375739 0.809990 -0.203205
v 2.374974 0.828128 -0.200339
v 2.375863 0.828128 -0.203653
v 2.374066 0.828128 -0.196944
v 2.374918 0.849675 -0.200127
v 2.375739 0.846267 -0.203205
v 2.374781 0.870879 -0.199636
v 2.375378 0.861290 -0.201850
v 2.373121 0.803386 -0.193424
v 2.372157 0.803255 -0.189836
v 2.372157 0.778382 -0.189836
v 2.371094 0.803255 -0.185869
v 2.371094 0.778382 -0.185869
v 2.369452 0.803255 -0.179725
v 2.369452 0.778382 -0.179725
v 2.366635 0.803255 -0.169229
v 2.366635 0.778382 -0.169229
v 2.366635 0.828128 -0.169229
v 2.362071 0.803255 -0.152197
v 2.355467 0.803255 -0.127548
v 2.362071 0.778382 -0.152197
v 2.362071 0.828128 -0.152197
v 2.362071 0.853001 -0.152197
v 2.355467 0.828128 -0.127548
v 2.355467 0.853001 -0.127548
v 2.347694 0.828128 -0.098539
v 2.347694 0.803255 -0.098539
v 2.339921 0.803255 -0.069537
v 2.347694 0.778382 -0.098539
v 2.339921 0.778382 -0.069537
v 2.371722 0.753509 -0.092103
v 2.355467 0.778382 -0.127548
v 2.363905 0.753509 -0.062933
v 2.357277 0.753509 -0.038203
v 2.387616 0.728636 -0.055329
v 2.380850 0.728636 -0.030076
v 2.403516 0.703763 -0.018554
v 2.376435 0.728636 -0.013585
v 2.399604 0.703763 -0.003953
v 2.352731 0.753509 -0.021240
v 2.373861 0.728636 -0.003997
v 2.349951 0.753509 -0.010855
v 2.372331 0.728636 0.001724
v 2.397615 0.703763 0.003471
v 2.396321 0.703763 0.008291
v 2.421269 0.678890 0.011300
v 2.420299 0.678890 0.014901
v 2.433544 0.678759 0.014521
v 2.422233 0.678890 0.007694
v 2.434545 0.678759 0.010790
v 2.423197 0.678890 0.004093
v 2.435559 0.678759 0.007016
v 2.450004 0.677851 0.008160
v 2.448667 0.677851 0.013159
v 2.459928 0.677851 -0.028889
v 2.468546 0.675389 0.006033
v 2.492711 0.670601 0.000947
v 2.477544 0.675389 -0.027558
v 2.466277 0.675389 0.014490
v 2.488507 0.670601 0.016636
v 2.464449 0.675389 0.021312
v 2.485983 0.670601 0.026044
v 2.447423 0.677851 0.017786
v 2.463143 0.675389 0.026187
v 2.484453 0.670601 0.031765
v 2.446347 0.677851 0.021815
v 2.462129 0.675389 0.029974
v 2.461128 0.675389 0.033717
v 2.483402 0.670601 0.035676
v 2.445365 0.677851 0.025478
v 2.444382 0.677851 0.029128
v 2.431597 0.678759 0.021791
v 2.430634 0.678759 0.025403
v 2.419335 0.678890 0.018507
v 2.432567 0.678759 0.018184
v 2.418371 0.678890 0.022108
v 2.395308 0.703763 0.012071
v 2.371286 0.728636 0.005629
v 2.394350 0.704005 0.015653
v 2.370329 0.729021 0.009205
v 2.393417 0.705703 0.019135
v 2.369421 0.731745 0.012587
v 2.392559 0.711424 0.022344
v 2.417401 0.678890 0.025714
v 2.416437 0.678890 0.029321
v 2.429657 0.678759 0.029047
v 2.428662 0.678759 0.032747
v 2.443331 0.677851 0.033058
v 2.442156 0.677851 0.037442
v 2.459903 0.675389 0.038281
v 2.458286 0.675389 0.044332
v 2.480983 0.670601 0.044717
v 2.478832 0.670601 0.052726
v 2.507280 0.663108 0.052074
v 2.482376 0.670601 0.039506
v 2.508642 0.663139 0.046570
v 2.536388 0.654433 0.053883
v 2.509612 0.663157 0.042696
v 2.510725 0.663139 0.038773
v 2.536929 0.654576 0.050022
v 2.538397 0.654452 0.046315
v 2.560602 0.646791 0.056370
v 2.563139 0.646318 0.053379
v 2.575656 0.641748 0.060418
v 2.561379 0.646250 0.060182
v 2.562710 0.645466 0.066158
v 2.580724 0.639895 0.064324
v 2.593310 0.636158 0.065256
v 2.584859 0.638396 0.070815
v 2.600237 0.634242 0.072625
v 2.586924 0.637725 0.080858
v 2.605050 0.633421 0.083768
v 2.588460 0.637544 0.096118
v 2.562498 0.645081 0.075535
v 2.561049 0.644994 0.089955
v 2.534093 0.654060 0.068552
v 2.531071 0.654029 0.082524
v 2.505017 0.663089 0.060847
v 2.535785 0.654184 0.059548
v 2.501423 0.663083 0.074609
v 2.496404 0.663226 0.094128
v 2.475411 0.670601 0.065499
v 2.470157 0.670669 0.085945
v 2.456334 0.675389 0.051613
v 2.440912 0.677851 0.042099
v 2.449774 0.675843 0.077637
v 2.434129 0.680966 0.070959
v 2.445508 0.676682 0.102846
v 2.430180 0.684132 0.098605
v 2.446074 0.678255 0.125667
v 2.465661 0.671191 0.108641
v 2.464094 0.672590 0.129162
v 2.491256 0.664227 0.116196
v 2.487027 0.667000 0.136754
v 2.521632 0.655981 0.124784
v 2.516054 0.660670 0.146405
v 2.555665 0.647630 0.133521
v 2.526768 0.654265 0.102236
v 2.558929 0.645298 0.110221
v 2.590649 0.637868 0.117415
v 2.619812 0.633415 0.122900
v 2.591594 0.640554 0.141853
v 2.589442 0.647929 0.165588
v 2.628027 0.636102 0.149327
v 2.629519 0.643663 0.174810
v 2.668265 0.635660 0.155776
v 2.669117 0.642326 0.184448
v 2.643690 0.633092 0.124498
v 2.682487 0.641194 0.140298
v 2.709443 0.641319 0.176476
v 2.712775 0.645628 0.159190
v 2.739297 0.650080 0.190045
v 2.705189 0.645112 0.195598
v 2.732799 0.652611 0.205559
v 2.702061 0.656006 0.211846
v 2.667842 0.655913 0.204639
v 2.723931 0.658164 0.214992
v 2.703479 0.673511 0.222890
v 2.731008 0.670078 0.222330
v 2.667650 0.677347 0.217219
v 2.705009 0.695785 0.226987
v 2.667768 0.704279 0.221634
v 2.703411 0.719483 0.222927
v 2.734521 0.688851 0.225930
v 2.731001 0.709782 0.222324
v 2.754444 0.684635 0.216727
v 2.749041 0.706194 0.213481
v 2.763535 0.683466 0.200864
v 2.749047 0.666105 0.213481
v 2.757498 0.664376 0.198172
v 2.755290 0.666857 0.179088
v 2.741224 0.671832 0.158257
v 2.739160 0.653258 0.172857
v 2.760663 0.685475 0.180543
v 2.755265 0.706884 0.179076
v 2.744495 0.690872 0.157548
v 2.741187 0.711417 0.158238
v 2.714809 0.699640 0.132942
v 2.714952 0.722803 0.136692
v 2.672320 0.711896 0.102149
v 2.715008 0.675911 0.136717
v 2.684134 0.674947 0.116128
v 2.713920 0.657269 0.145429
v 2.686404 0.654016 0.127514
v 2.733874 0.659482 0.159109
v 2.662613 0.648202 0.111191
v 2.647589 0.643483 0.100520
v 2.657663 0.638023 0.119455
v 2.659261 0.662952 0.100931
v 2.641433 0.648973 0.091423
v 2.650425 0.679319 0.088699
v 2.634264 0.657486 0.080877
v 2.639027 0.689915 0.074223
v 2.645463 0.720042 0.076468
v 2.630110 0.693695 0.060058
v 2.628468 0.665794 0.070766
v 2.625322 0.671291 0.063030
v 2.620005 0.647773 0.067165
v 2.622896 0.642618 0.075970
v 2.618855 0.653177 0.059666
v 2.612972 0.637370 0.062539
v 2.613787 0.640193 0.054928
v 2.604895 0.636008 0.055400
v 2.611604 0.634336 0.071412
v 2.618326 0.633341 0.085180
v 2.600965 0.634951 0.062458
v 2.587701 0.639186 0.055581
v 2.566988 0.645995 0.048274
v 2.581856 0.639994 0.059529
v 2.591911 0.640492 0.046813
v 2.596090 0.645255 0.031839
v 2.570713 0.646896 0.038412
v 2.575240 0.649440 0.021946
v 2.543862 0.654663 0.030179
v 2.548420 0.655447 0.013303
v 2.515265 0.663164 0.022356
v 2.540741 0.654365 0.040495
v 2.512448 0.663126 0.032722
v 2.519810 0.663263 0.005411
v 2.602482 0.656143 0.007812
v 2.607332 0.638334 0.045955
v 2.614521 0.665533 0.019415
v 2.620577 0.679350 0.032268
v 2.624470 0.688932 0.046502
v 2.628045 0.632694 0.101801
v 2.629277 0.638639 0.087089
v 2.640134 0.636798 0.101229
v 2.610920 0.633123 0.100178
v 2.684004 0.741390 0.116041
v 2.650295 0.756848 0.088612
v 2.658839 0.767537 0.100582
v 2.660909 0.780173 0.109624
v 2.639724 0.792187 0.089850
v 2.643548 0.795308 0.096926
v 2.685857 0.760001 0.127035
v 2.653217 0.793629 0.115245
v 2.681193 0.773600 0.139111
v 2.712558 0.751357 0.159022
v 2.666903 0.784750 0.154843
v 2.709231 0.755095 0.176358
v 2.739265 0.729973 0.190032
v 2.705053 0.750891 0.195616
v 2.701956 0.739325 0.211902
v 2.732780 0.728567 0.205547
v 2.723912 0.726074 0.214986
v 2.757479 0.705821 0.198166
v 2.739110 0.729096 0.172839
v 2.733818 0.727212 0.159084
v 2.713789 0.740880 0.145342
v 2.626106 0.681881 0.207823
v 2.627734 0.658400 0.195231
v 2.582484 0.685462 0.196760
v 2.585736 0.662305 0.184883
v 2.545442 0.666372 0.174406
v 2.509948 0.669985 0.163573
v 2.550864 0.653979 0.156136
v 2.482121 0.672796 0.152256
v 2.465413 0.674742 0.142867
v 2.454493 0.680600 0.144869
v 2.431971 0.687620 0.123845
v 2.421561 0.704969 0.121936
v 2.418869 0.698427 0.095533
v 2.414472 0.735115 0.120164
v 2.411227 0.726565 0.093481
v 2.410517 0.780994 0.119113
v 2.423775 0.791322 0.142444
v 2.407191 0.773283 0.092430
v 2.409995 0.764553 0.063403
v 2.415505 0.753136 0.033120
v 2.413577 0.713867 0.064268
v 2.415473 0.678890 0.032921
v 2.421990 0.690126 0.066668
v 2.427661 0.678759 0.036484
v 2.391894 0.730190 0.024806
v 2.391614 0.773165 0.026031
v 2.368009 0.757657 0.017842
v 2.367667 0.788941 0.019179
v 2.368619 0.739648 0.015572
v 2.344032 0.777866 0.011232
v 2.344629 0.763626 0.009012
v 2.343671 0.800556 0.012581
v 2.320017 0.794966 0.004771
v 2.320608 0.785378 0.002551
v 2.319650 0.809990 0.006121
v 2.320477 0.806582 0.003049
v 2.320421 0.828128 0.003254
v 2.321347 0.804294 -0.000197
v 2.321385 0.780453 -0.000334
v 2.322274 0.803386 -0.003661
v 2.323232 0.803255 -0.007243
v 2.322280 0.778643 -0.003680
v 2.323232 0.778382 -0.007243
v 2.346301 0.753882 0.002763
v 2.347259 0.753509 -0.000807
v 2.345406 0.756487 0.006108
v 2.348316 0.753509 -0.004768
v 2.324295 0.778382 -0.011210
v 2.325943 0.778382 -0.017354
v 2.324295 0.803255 -0.011210
v 2.325943 0.803255 -0.017354
v 2.324295 0.828128 -0.011210
v 2.325943 0.828128 -0.017354
v 2.328753 0.803255 -0.027856
v 2.333318 0.803255 -0.044882
v 2.328753 0.778382 -0.027856
v 2.333318 0.778382 -0.044882
v 2.423744 0.846665 0.142431
v 2.486984 0.675389 -0.062778
v 2.499768 0.670601 -0.025406
v 2.355467 0.877874 -0.127548
v 2.362071 0.877874 -0.152197
v 2.379619 0.902878 -0.121074
v 2.386223 0.902878 -0.145730
v 2.404523 0.928659 -0.114402
v 2.411127 0.928659 -0.139058
v 2.396750 0.928659 -0.085400
v 2.430926 0.955989 -0.107332
v 2.459580 0.985656 -0.099652
v 2.423153 0.955989 -0.078324
v 2.437530 0.955989 -0.131981
v 2.451807 0.985656 -0.070644
v 2.483216 1.017916 -0.062231
v 2.490988 1.017916 -0.091233
v 2.516875 1.050948 -0.053208
v 2.552039 1.082431 -0.043787
v 2.524648 1.050948 -0.082217
v 2.559856 1.082431 -0.072957
v 2.596127 1.110022 -0.064681
v 2.587950 1.110022 -0.034168
v 2.579773 1.110022 -0.003648
v 2.623991 1.131786 -0.024511
v 2.614894 1.131786 0.009441
v 2.660026 1.147331 -0.014854
v 2.650120 1.147331 0.022139
v 2.696067 1.156659 -0.005197
v 2.685813 1.156659 0.033064
v 2.605939 1.131786 0.042846
v 2.544223 1.082431 -0.014617
v 2.393492 0.753509 -0.173351
v 2.395121 0.753509 -0.179439
v 2.419161 0.728636 -0.173059
v 2.396184 0.753509 -0.183400
v 2.420212 0.728636 -0.176964
v 2.444233 0.703763 -0.170529
v 2.483160 0.952021 -0.190315
v 2.478912 1.043865 0.157212
v 2.489465 1.040955 0.172204
v 2.509438 1.080864 0.122085
v 2.514102 1.081797 0.098978
v 2.550168 1.109816 0.107553
v 2.555497 1.110022 0.086958
v 2.593727 1.131786 0.088432
v 2.631111 1.147331 0.093064
v 2.726593 1.154109 0.177938
v 2.725374 1.147729 0.203339
v 2.762485 1.145994 0.187253
v 2.761073 1.140298 0.211983
v 2.766781 1.128938 0.232509
v 2.781687 1.110277 0.248372
v 2.799023 1.120114 0.237186
v 2.814793 1.103866 0.251805
v 2.838646 1.080528 0.263632
v 2.866349 1.050979 0.273034
v 2.804004 1.084607 0.260230
v 2.831159 1.052646 0.269172
v 2.861305 1.015000 0.276858
v 2.791250 1.054449 0.258869
v 2.823753 1.014304 0.265193
v 2.780206 1.015174 0.243957
v 2.862474 0.968581 0.273307
v 2.838976 0.963594 0.255685
v 2.899275 0.924232 0.280054
v 2.892509 0.973058 0.284339
v 2.921598 0.977865 0.287678
v 2.921884 0.931389 0.289680
v 2.944954 0.939653 0.291850
v 2.946813 0.894944 0.290333
v 2.929197 0.887544 0.282231
v 2.963913 0.905869 0.291477
v 2.966755 0.866974 0.284258
v 2.981946 0.849351 0.270111
v 2.951197 0.860569 0.277729
v 2.979092 0.880666 0.285203
v 2.992256 0.866619 0.271734
v 2.985963 0.894459 0.282349
v 2.995981 0.890523 0.271436
v 2.978937 0.915526 0.285390
v 2.992231 0.918704 0.271859
v 2.965493 0.946773 0.285756
v 2.981735 0.950585 0.271106
v 2.946440 0.982049 0.282256
v 2.965145 0.984649 0.267587
v 2.922549 1.017438 0.276087
v 2.942927 1.018240 0.261766
v 2.894859 1.016225 0.280875
v 2.895027 1.049642 0.268482
v 2.957309 1.018650 0.239803
v 2.967688 1.018799 0.212741
v 2.978682 0.985911 0.245487
v 2.994147 0.951990 0.249324
v 2.988755 0.986371 0.218381
v 2.997094 0.986433 0.188764
v 3.003829 0.952432 0.222380
v 3.012888 0.918573 0.224724
v 3.015911 0.886338 0.225489
v 3.003555 0.918747 0.251189
v 3.006726 0.887525 0.251649
v 3.003480 0.860084 0.251127
v 3.012770 0.857740 0.224687
v 2.993537 0.840254 0.248814
v 2.976555 0.832388 0.243914
v 3.002877 0.836896 0.222081
v 2.985534 0.828433 0.217393
v 3.011110 0.836417 0.192520
v 2.993711 0.827867 0.187862
v 3.020991 0.857404 0.195169
v 2.968061 0.836417 0.180985
v 2.968832 0.836013 0.177328
v 2.933898 0.864399 0.171831
v 2.960002 0.836958 0.210509
v 2.951875 0.840739 0.236955
v 2.926013 0.864791 0.201449
v 2.919092 0.867546 0.228579
v 2.885221 0.905092 0.190617
v 2.892981 0.904818 0.160868
v 2.879171 0.907020 0.218674
v 2.839784 0.948663 0.178522
v 2.833659 0.950852 0.207089
v 2.847557 0.948346 0.148699
v 2.792009 0.986054 0.165750
v 2.799881 0.985656 0.135927
v 2.744284 1.009497 0.153096
v 2.785156 0.988834 0.194317
v 2.736511 1.012258 0.181171
v 2.780480 0.996606 0.220433
v 2.728719 1.019894 0.205845
v 2.831452 0.956331 0.233181
v 2.877007 0.911665 0.243510
v 2.882808 0.917839 0.264241
v 2.914621 0.874106 0.251121
v 2.916667 0.881854 0.268787
v 2.943890 0.849998 0.257476
v 2.937915 0.861290 0.269477
v 2.965822 0.842660 0.264652
v 2.690614 1.020491 0.169052
v 2.699307 1.018122 0.142095
v 2.650487 1.014720 0.159252
v 2.619744 0.995381 0.151964
v 2.659951 1.012755 0.134142
v 2.629569 0.994125 0.128913
v 2.667307 1.012475 0.108144
v 2.707191 1.017786 0.113448
v 2.635582 0.993951 0.108417
v 2.669260 1.012475 0.100862
v 2.639002 0.993951 0.095645
v 2.670877 1.012475 0.094812
v 2.708442 1.017786 0.108790
v 2.709617 1.017786 0.104407
v 2.753257 1.009105 0.119722
v 2.754251 1.009105 0.116022
v 2.800845 0.985656 0.132320
v 2.752256 1.009105 0.123459
v 2.801815 0.985656 0.128714
v 2.848521 0.948340 0.145093
v 2.849484 0.948334 0.141492
v 2.893920 0.904769 0.157262
v 2.894866 0.904725 0.153649
v 2.934781 0.864232 0.168206
v 2.935676 0.864082 0.164587
v 2.936590 0.863977 0.160968
v 2.937536 0.863933 0.157355
v 2.895817 0.904694 0.150043
v 2.896775 0.904682 0.146436
v 2.850448 0.948334 0.137886
v 2.851412 0.948328 0.134279
v 2.802779 0.985656 0.125113
v 2.803743 0.985656 0.121507
v 2.755228 1.009105 0.112378
v 2.756192 1.009105 0.108766
v 2.710668 1.017786 0.100483
v 2.672102 1.012475 0.090248
v 2.711644 1.017786 0.096833
v 2.712626 1.017786 0.093164
v 2.673103 1.012475 0.086504
v 2.674123 1.012475 0.082717
v 2.643573 0.993951 0.078588
v 2.642546 0.993951 0.082425
v 2.625054 0.964159 0.073632
v 2.644623 0.993951 0.074683
v 2.626112 0.964078 0.069690
v 2.646153 0.993951 0.068962
v 2.627741 0.963929 0.063615
v 2.648678 0.993951 0.059554
v 2.675423 1.012475 0.077842
v 2.677257 1.012475 0.071021
v 2.713708 1.017786 0.089141
v 2.714946 1.017786 0.084508
v 2.758144 1.009105 0.101496
v 2.759139 1.009105 0.097765
v 2.805677 0.985656 0.114300
v 2.757162 1.009105 0.105159
v 2.804713 0.985656 0.117906
v 2.852376 0.948334 0.130679
v 2.853346 0.948334 0.127072
v 2.897751 0.904694 0.142835
v 2.938524 0.863977 0.153761
v 2.898727 0.904725 0.139235
v 2.899716 0.904769 0.135635
v 2.939538 0.864082 0.150167
v 2.940576 0.864232 0.146585
v 2.941627 0.864399 0.143003
v 2.951924 0.864399 0.104562
v 2.900704 0.904818 0.132041
v 2.855280 0.948346 0.119865
v 2.911008 0.904818 0.093599
v 2.865584 0.948346 0.081430
v 2.921306 0.904818 0.055158
v 2.875881 0.948346 0.042989
v 2.962228 0.864399 0.066121
v 2.931609 0.904818 0.016716
v 2.972526 0.864399 0.027679
v 2.941907 0.904818 -0.021725
v 2.886185 0.948346 0.004547
v 2.838509 0.985656 -0.008231
v 2.896482 0.948346 -0.033894
v 2.848807 0.985656 -0.046673
v 2.897446 0.948340 -0.037501
v 2.849777 0.985656 -0.050273
v 2.942846 0.904769 -0.025338
v 2.801255 1.009105 -0.059414
v 2.756708 1.017786 -0.071347
v 2.790958 1.009105 -0.020979
v 2.746429 1.017786 -0.032968
v 2.780673 1.009105 0.017413
v 2.736237 1.017786 0.005051
v 2.770407 1.009105 0.055724
v 2.828206 0.985656 0.030210
v 2.817908 0.985656 0.068651
v 2.807605 0.985656 0.107093
v 2.760153 1.009105 0.093991
v 2.806640 0.985656 0.110699
v 2.854316 0.948340 0.123472
v 2.716289 1.017786 0.079515
v 2.679520 1.012475 0.062564
v 2.726213 1.017786 0.042460
v 2.688518 1.012475 0.028973
v 2.659939 0.993951 0.017512
v 2.697958 1.012475 -0.006248
v 2.668688 0.993951 -0.015127
v 2.707919 1.012475 -0.043414
v 2.678420 0.993951 -0.051448
v 2.718167 1.012475 -0.081675
v 2.688636 0.993951 -0.089585
v 2.670118 0.963376 -0.094554
v 2.660610 0.923473 -0.097097
v 2.659895 0.963382 -0.056398
v 2.650263 0.923535 -0.058494
v 2.650251 0.963438 -0.020407
v 2.641769 0.963569 0.011244
v 2.640563 0.923983 -0.022297
v 2.636533 0.879149 -0.021240
v 2.632137 0.925015 0.009174
v 2.628139 0.882799 0.010113
v 2.625502 0.926184 0.033960
v 2.621659 0.886835 0.034383
v 2.635060 0.963712 0.036298
v 2.620988 0.927042 0.050842
v 2.630520 0.963824 0.053243
v 2.618208 0.927932 0.061252
v 2.617275 0.889615 0.050892
v 2.616181 0.858598 0.053311
v 2.614583 0.892295 0.061028
v 2.613041 0.895951 0.066749
v 2.613762 0.862982 0.062558
v 2.612357 0.869847 0.067700
v 2.611909 0.853176 0.070163
v 2.611679 0.877632 0.070069
v 2.611100 0.869592 0.072451
v 2.612108 0.898252 0.070175
v 2.611219 0.895771 0.073558
v 2.615565 0.929729 0.071089
v 2.614564 0.929032 0.074839
v 2.616591 0.929101 0.067271
v 2.613109 0.927416 0.080342
v 2.624022 0.964072 0.077488
v 2.622555 0.963867 0.082972
v 2.620210 0.963637 0.091740
v 2.641153 0.993951 0.087636
v 2.616523 0.963457 0.105495
v 2.610727 0.925563 0.089302
v 2.607426 0.885007 0.088177
v 2.607003 0.924126 0.103225
v 2.607637 0.851260 0.086585
v 2.609826 0.890815 0.078955
v 2.609882 0.860961 0.077500
v 2.610746 0.963382 0.124995
v 2.600984 0.963345 0.147120
v 2.584884 0.962829 0.167591
v 2.620111 0.853437 0.038275
v 2.652881 0.993951 0.043859
v 2.996385 0.836417 0.075274
v 3.022042 0.827867 0.082151
v 2.986088 0.836417 0.113715
v 3.039434 0.836417 0.086809
v 2.972401 0.835410 0.162840
v 2.976070 1.018824 0.183136
v 2.976058 1.016791 0.179268
v 2.976163 1.015019 0.175432
v 2.949717 1.045246 0.168349
v 3.026786 0.916291 0.169686
v 3.075438 0.881114 -0.005259
v 2.542382 1.050867 -0.148441
v 2.516309 0.837617 -0.275219
v 2.540511 0.791322 -0.293221
vn 0.1697 -0.7532 0.6356
vn -0.0405 -0.6687 0.7424
vn 0.1137 -0.3080 0.9446
vn 0.4023 -0.4835 0.7774
vn 0.2565 -0.1483 0.9551
vn 0.6551 -0.3820 0.6519
vn -0.1119 -0.0885 0.9898
vn -0.0650 -0.0498 0.9966
vn -0.1443 -0.1358 0.9802
vn -0.1950 -0.0528 0.9794
vn -0.1658 -0.2197 0.9614
vn 0.0825 -0.6214 0.7791
vn -0.2254 -0.2716 0.9357
vn -0.1086 -0.9026 0.4166
vn -0.0650 -0.6473 0.7595
vn -0.2903 -0.2599 0.9210
vn -0.3528 -0.8639 0.3594
vn -0.2642 0.0296 0.9640
vn -0.2619 0.0504 0.9638
vn -0.2718 0.0296 0.9619
vn -0.3289 -0.1948 0.9241
vn -0.2720 0.0541 0.9608
vn -0.7208 -0.3507 0.5979
vn -0.2769 0.3333 0.9012
vn -0.3128 0.3357 0.8885
vn -0.2383 0.3521 0.9051
vn -0.2382 0.1163 0.9642
vn -0.1751 0.4031 0.8982
vn -0.2998 -0.0799 0.9507
vn -0.0779 0.7284 0.6807
vn -0.1837 0.6925 0.6976
vn -0.2745 0.6705 0.6892
vn -0.1083 0.9140 0.3909
vn 0.0816 0.9556 0.2831
vn -0.3308 0.8621 0.3838
vn -0.3583 0.6625 0.6578
vn -0.3457 0.9234 0.1667
vn -0.3340 0.9380 0.0930
vn -0.1857 0.9797 0.0758
vn -0.0537 0.9668 0.2498
vn -0.3131 0.9492 -0.0320
vn -0.1695 0.9855 0.0064
vn -0.0150 0.9989 0.0443
vn -0.4377 0.8966 -0.0669
vn -0.4537 0.8898 0.0496
vn -0.3186 0.8944 0.3139
vn -0.5573 0.8303 0.0036
vn -0.5629 0.7728 0.2931
vn -0.5437 0.8336 -0.0976
vn -0.4405 0.6644 0.6038
vn -0.4587 0.6115 0.6447
vn -0.6690 0.7309 0.1354
vn -0.5930 0.5877 0.5504
vn -0.6581 0.7520 -0.0368
vn -0.5378 0.3671 0.7590
vn -0.4096 0.3858 0.8267
vn -0.3545 0.3547 0.8652
vn -0.3752 0.0456 0.9258
vn -0.2753 0.0879 0.9573
vn -0.4963 0.1674 0.8518
vn -0.4448 0.0816 0.8919
vn -0.5899 0.3264 0.7386
vn -0.3113 -0.0045 0.9503
vn -0.5540 0.0781 0.8289
vn -0.4755 0.2122 0.8538
vn -0.2849 -0.0056 0.9585
vn -0.5154 0.0319 0.8564
vn -0.0616 0.0011 0.9981
vn -0.2793 0.0024 0.9602
vn -0.4953 0.0094 0.8687
vn -0.2895 0.0104 0.9571
vn -0.4879 -0.0061 0.8729
vn -0.1031 0.0469 0.9936
vn -0.3090 0.0119 0.9510
vn -0.4878 -0.0266 0.8726
vn -0.1664 0.0757 0.9832
vn -0.2272 0.0408 0.9730
vn -0.3235 -0.0245 0.9459
vn -0.4824 -0.0897 0.8714
vn -0.7476 -0.0206 0.6638
vn -0.7380 -0.0773 0.6703
vn -0.6353 -0.1321 0.7609
vn -0.3450 -0.2225 0.9119
vn -0.5171 -0.5777 0.6316
vn -0.3207 -0.1578 0.9339
vn -0.2550 -0.5371 0.8041
vn -0.4788 -0.7139 0.5109
vn -0.3030 -0.4382 0.8463
vn -0.2628 -0.3620 0.8944
vn -0.2562 -0.0972 0.9617
vn -0.2543 -0.3233 0.9115
vn -0.2356 -0.0549 0.9703
vn -0.1643 0.1306 0.9777
vn -0.1559 0.0600 0.9860
vn -0.1197 0.2221 0.9677
vn 0.1323 0.4135 0.9008
vn -0.2197 -0.0270 0.9752
vn -0.0589 0.2895 0.9554
vn 0.1472 0.6029 0.7841
vn -0.1716 -0.0103 0.9851
vn 0.2432 0.8674 0.4341
vn 0.3947 0.7739 0.4953
vn 0.6196 0.5107 0.5961
vn 0.4262 0.8959 0.1253
vn 0.4412 0.8709 0.2164
vn 0.7822 0.5101 0.3578
vn 0.9162 0.0064 0.4008
vn 0.8580 0.1267 0.4978
vn 0.2882 -0.1552 0.9449
vn 0.8326 -0.0352 0.5527
vn 0.2946 -0.0145 0.9555
vn 0.8763 -0.1218 0.4662
vn 0.9353 -0.1500 0.3205
vn 0.9525 -0.0294 0.3032
vn 0.8198 0.5062 0.2679
vn 0.9538 -0.1588 0.2552
vn 0.9649 -0.0364 0.2600
vn 0.8261 0.5096 0.2404
vn 0.4729 0.8708 0.1347
vn 0.8070 0.5289 0.2625
vn 0.5640 0.8251 0.0334
vn 0.6938 0.7145 0.0900
vn 0.9296 0.2235 0.2932
vn 0.9653 0.0245 0.2599
vn 0.8669 0.4906 0.0882
vn 0.7178 0.6548 -0.2365
vn 0.6931 0.6924 -0.2005
vn 0.8041 0.5087 -0.3078
vn 0.8851 0.3511 -0.3054
vn 0.9652 0.2481 0.0832
vn 0.9630 0.1054 0.2482
vn 0.9348 0.2385 -0.2633
vn 0.9866 0.1628 0.0113
vn 0.9677 0.0317 0.2501
vn 0.9715 0.0705 0.2262
vn 0.9794 0.0525 0.1952
vn 0.9749 0.0260 0.2211
vn 0.9905 0.0925 0.1014
vn 0.9766 0.1785 -0.1201
vn 0.9139 0.2302 -0.3343
vn 0.8441 0.2437 -0.4776
vn 0.7796 0.2737 -0.5634
vn 0.7168 0.1764 -0.6746
vn 0.7976 0.1730 -0.5779
vn 0.9083 0.1679 -0.3832
vn 0.9852 0.1375 -0.1025
vn 0.7705 -0.0002 -0.6374
vn 0.9027 -0.0019 -0.4302
vn 0.9894 -0.0176 -0.1444
vn 0.9901 -0.0804 0.1151
vn 0.9895 0.0627 0.1299
vn 0.9724 0.0153 0.2329
vn 0.9711 -0.0096 0.2386
vn 0.9670 -0.0045 0.2546
vn 0.9662 -0.0044 0.2577
vn 0.9663 -0.0062 0.2575
vn 0.9661 -0.0082 0.2582
vn 0.9677 -0.0265 0.2507
vn 0.9641 -0.1197 0.2369
vn 0.9657 -0.0334 0.2577
vn 0.9588 -0.1264 0.2546
vn 0.9660 -0.0091 0.2585
vn 0.9643 -0.0454 0.2610
vn 0.9648 -0.0445 0.2593
vn 0.9650 -0.0445 0.2584
vn 0.9650 -0.0445 0.2585
vn 0.9659 -0.0092 0.2588
vn 0.9654 -0.0340 0.2586
vn 0.9659 -0.0092 0.2587
vn 0.9536 -0.1595 0.2554
vn 0.9536 -0.1595 0.2555
vn 0.8894 -0.3904 0.2380
vn 0.8893 -0.3904 0.2384
vn 0.8893 -0.3903 0.2384
vn 0.6777 -0.7125 0.1817
vn 0.6778 -0.7125 0.1818
vn 0.6778 -0.7125 0.1813
vn 0.3208 -0.9432 0.0858
vn 0.3208 -0.9432 0.0862
vn 0.3206 -0.9433 0.0860
vn -0.0259 -0.9996 -0.0069
vn -0.0260 -0.9996 -0.0070
vn -0.2996 -0.9507 -0.0802
vn -0.2995 -0.9507 -0.0801
vn -0.2996 -0.9507 -0.0804
vn -0.5017 -0.8546 -0.1340
vn -0.5017 -0.8546 -0.1341
vn -0.5016 -0.8546 -0.1345
vn -0.2994 -0.9507 -0.0803
vn -0.0261 -0.9996 -0.0070
vn -0.5016 -0.8546 -0.1348
vn -0.2996 -0.9507 -0.0803
vn -0.0259 -0.9996 -0.0070
vn -0.6203 -0.7661 -0.1683
vn -0.6209 -0.7660 -0.1663
vn -0.6214 -0.7661 -0.1643
vn -0.6642 -0.7261 -0.1781
vn -0.6662 -0.7263 -0.1695
vn -0.6617 -0.7263 -0.1863
vn -0.6670 -0.7268 -0.1637
vn -0.6215 -0.7662 -0.1633
vn -0.6469 -0.7483 -0.1472
vn -0.6494 -0.7493 -0.1295
vn -0.6411 -0.7480 -0.1719
vn -0.4894 -0.8690 -0.0729
vn -0.4940 -0.8689 -0.0316
vn -0.4773 -0.8694 -0.1278
vn -0.4604 -0.8690 -0.1812
vn -0.6338 -0.7483 -0.1958
vn -0.4435 -0.8689 -0.2197
vn -0.6272 -0.7493 -0.2126
vn -0.6595 -0.7268 -0.1918
vn -0.4290 -0.8705 -0.2413
vn -0.6216 -0.7510 -0.2227
vn -0.6575 -0.7276 -0.1956
vn -0.6257 -0.7535 -0.2019
vn -0.6580 -0.7283 -0.1912
vn -0.4379 -0.8786 -0.1905
vn -0.6233 -0.7543 -0.2061
vn -0.4399 -0.8826 -0.1661
vn -0.6518 -0.7276 -0.2141
vn -0.6192 -0.7665 -0.1705
vn -0.6183 -0.7666 -0.1732
vn -0.6096 -0.7656 -0.2054
vn -0.5776 -0.7572 -0.3049
vn -0.6212 -0.7202 -0.3089
vn -0.5920 -0.7482 -0.2997
vn -0.4849 -0.7105 -0.5099
vn -0.5337 -0.6836 -0.4978
vn -0.5154 -0.7144 -0.4732
vn -0.4024 -0.8718 -0.2795
vn -0.3298 -0.8196 -0.4685
vn 0.1068 -0.9736 -0.2019
vn 0.1316 -0.8753 -0.4653
vn 0.0794 -0.9958 -0.0447
vn 0.6972 -0.7155 -0.0449
vn 0.6659 -0.6573 -0.3528
vn 0.6880 -0.7158 0.1200
vn 0.9366 -0.2847 0.2042
vn 0.9518 -0.2955 0.0823
vn 0.9392 -0.2983 -0.1701
vn 0.5375 -0.4715 -0.6991
vn 0.8351 -0.2080 -0.5093
vn 0.1025 -0.6558 -0.7480
vn 0.0216 -0.4400 -0.8977
vn 0.3824 -0.2456 -0.8908
vn 0.6943 -0.0308 -0.7190
vn 0.3099 -0.1038 -0.9451
vn 0.6114 0.1018 -0.7848
vn -0.0057 -0.3305 -0.9438
vn -0.3197 -0.5552 -0.7678
vn -0.3131 -0.6124 -0.7259
vn -0.2446 -0.7017 -0.6692
vn -0.2524 -0.5315 -0.8085
vn 0.0354 -0.2599 -0.9650
vn -0.0841 -0.5396 -0.8377
vn 0.1137 -0.2069 -0.9717
vn -0.3531 -0.7970 -0.4901
vn 0.3190 0.0256 -0.9474
vn 0.2986 -0.0249 -0.9541
vn 0.5483 0.2535 -0.7969
vn 0.5642 0.1872 -0.8041
vn 0.3530 0.1057 -0.9296
vn 0.5458 0.3419 -0.7650
vn 0.2059 -0.0974 -0.9737
vn 0.2788 0.1420 -0.9498
vn 0.3849 0.2862 -0.8775
vn 0.5354 0.4889 -0.6887
vn 0.2978 0.4702 -0.8308
vn 0.3901 0.5639 -0.7280
vn 0.4965 0.6736 -0.5475
vn 0.6941 0.5655 -0.4455
vn 0.6362 0.6761 -0.3717
vn 0.5633 0.7805 -0.2711
vn 0.5482 0.8354 -0.0396
vn 0.6334 0.7695 -0.0812
vn 0.7196 0.6839 -0.1205
vn 0.5184 0.8524 0.0689
vn 0.6001 0.7971 0.0677
vn 0.6911 0.7199 0.0645
vn 0.8014 0.5811 -0.1419
vn 0.7408 0.4663 -0.4836
vn 0.7858 0.6147 0.0682
vn 0.6688 0.7289 0.1463
vn 0.7656 0.6217 0.1657
vn 0.5796 0.8044 0.1305
vn 0.8519 0.4894 0.1867
vn 0.8687 0.4884 0.0830
vn 0.8735 0.4668 -0.1379
vn 0.9160 0.3442 0.2062
vn 0.9311 0.3487 0.1068
vn 0.9339 0.3409 -0.1080
vn 0.9581 0.1828 0.2206
vn 0.9736 0.1878 0.1295
vn 0.9792 0.1937 -0.0601
vn 0.8225 0.3417 0.4547
vn 0.8807 0.1896 0.4340
vn 0.7521 0.4800 0.4517
vn 0.6335 0.4312 0.6424
vn 0.7137 0.3080 0.6290
vn 0.7985 0.1694 0.5777
vn 0.8747 -0.0069 0.4847
vn 0.9218 0.0076 0.3875
vn 0.9745 -0.0093 0.2240
vn 0.8363 0.1750 0.5196
vn 0.8974 -0.0045 0.4411
vn 0.7625 0.3181 0.5633
vn 0.8932 0.1802 0.4121
vn 0.9311 -0.0037 0.3648
vn 0.8366 0.3305 0.4369
vn 0.6870 0.4458 0.5738
vn 0.7684 0.4659 0.4388
vn 0.6133 0.5679 0.5490
vn 0.6909 0.5922 0.4147
vn 0.5615 0.5511 0.6172
vn 0.6706 0.6082 0.4246
vn 0.5051 0.6635 0.5519
vn 0.5495 0.6781 0.4881
vn 0.5895 0.7150 0.3758
vn 0.5217 0.7941 0.3117
vn 0.4672 0.7588 0.4538
vn 0.4666 0.8509 0.2414
vn 0.4373 0.8324 0.3405
vn 0.5029 0.8565 0.1160
vn 0.4159 0.8920 0.1770
vn 0.4356 0.8946 0.1001
vn 0.4460 0.8931 0.0583
vn 0.4649 0.8849 -0.0279
vn 0.3633 0.9284 0.0783
vn 0.3386 0.9407 0.0189
vn 0.3540 0.9302 -0.0967
vn 0.4905 0.8520 -0.1832
vn 0.4333 0.8473 -0.3073
vn 0.2305 0.9536 -0.1935
vn 0.3521 0.8216 -0.4483
vn 0.2021 0.9449 -0.2576
vn 0.2604 0.7872 -0.5590
vn 0.0844 0.9403 -0.3297
vn 0.1707 0.7576 -0.6300
vn 0.2394 0.4165 -0.8771
vn -0.0420 0.9239 -0.3803
vn 0.0803 0.7373 -0.6708
vn 0.1979 0.3960 -0.8967
vn 0.1536 0.3984 -0.9042
vn -0.0156 0.7272 -0.6863
vn -0.1688 0.8975 -0.4074
vn -0.1137 0.9770 -0.1805
vn 0.0314 0.9907 -0.1325
vn -0.2526 0.9431 -0.2162
vn -0.2896 0.9497 -0.1195
vn -0.1460 0.9860 -0.0810
vn 0.0071 0.9993 -0.0371
vn -0.1564 0.9866 -0.0468
vn -0.0007 1.0000 -0.0045
vn -0.3020 0.9494 -0.0858
vn -0.3038 0.9493 -0.0813
vn -0.1577 0.9866 -0.0423
vn -0.0018 1.0000 -0.0000
vn -0.1578 0.9866 -0.0423
vn -0.0016 1.0000 -0.0000
vn -0.3037 0.9493 -0.0814
vn 0.1454 0.9884 0.0427
vn 0.1447 0.9885 0.0432
vn 0.1454 0.9887 0.0374
vn 0.2664 0.9599 0.0875
vn 0.2636 0.9604 0.0906
vn 0.2649 0.9611 0.0787
vn 0.1508 0.9885 0.0075
vn 0.2702 0.9617 0.0472
vn 0.1668 0.9831 -0.0759
vn 0.2529 0.9671 -0.0268
vn 0.3537 0.9271 0.1237
vn 0.3493 0.9247 0.1514
vn 0.4031 0.8845 0.2348
vn 0.3562 0.9236 0.1415
vn 0.4166 0.8839 0.2124
vn 0.3640 0.9232 0.1236
vn 0.4330 0.8845 0.1736
vn 0.2694 0.9596 0.0813
vn 0.2722 0.9595 0.0728
vn 0.3716 0.9231 0.0995
vn 0.4496 0.8851 0.1205
vn 0.1462 0.9884 0.0413
vn 0.1469 0.9884 0.0393
vn -0.0015 1.0000 -0.0002
vn -0.0014 1.0000 -0.0004
vn -0.0014 1.0000 -0.0006
vn 0.1473 0.9884 0.0373
vn 0.2740 0.9596 0.0643
vn -0.3038 0.9493 -0.0814
vn -0.3037 0.9493 -0.0813
vn -0.4300 0.8954 -0.1154
vn -0.4301 0.8954 -0.1152
vn -0.5319 0.8342 -0.1454
vn -0.5317 0.8346 -0.1442
vn -0.5329 0.8335 -0.1456
vn -0.5323 0.8332 -0.1499
vn -0.4280 0.8958 -0.1197
vn -0.4149 0.8971 -0.1520
vn -0.5221 0.8339 -0.1790
vn -0.3778 0.8941 -0.2406
vn -0.4897 0.8335 -0.2557
vn -0.2918 0.8623 -0.4138
vn -0.4112 0.8163 -0.4057
vn -0.1203 0.7234 -0.6799
vn -0.2381 0.7168 -0.6554
vn 0.0977 0.4184 -0.9030
vn 0.0208 0.4499 -0.8928
vn 0.2360 0.1078 -0.9657
vn 0.2542 0.0620 -0.9652
vn 0.2519 0.0364 -0.9671
vn 0.3876 -0.1652 -0.9069
vn 0.3518 -0.2657 -0.8976
vn 0.2725 -0.3263 -0.9051
vn 0.6103 -0.3587 -0.7063
vn 0.4259 -0.6184 -0.6605
vn 0.2087 -0.7075 -0.6752
vn 0.1960 -0.3120 -0.9297
vn 0.0345 -0.6702 -0.7414
vn 0.2424 0.0363 -0.9695
vn 0.2413 0.0665 -0.9682
vn 0.1581 -0.2357 -0.9589
vn -0.1519 -0.8937 -0.4222
vn 0.0951 -0.9333 -0.3463
vn -0.2481 -0.9449 -0.2137
vn 0.0196 -0.9903 -0.1378
vn -0.4538 -0.8476 -0.2752
vn -0.4897 -0.8543 -0.1742
vn -0.2866 -0.9508 -0.1177
vn -0.5001 -0.8546 -0.1396
vn -0.2981 -0.9508 -0.0849
vn -0.0146 -0.9990 -0.0434
vn -0.0248 -0.9996 -0.0113
vn 0.3308 -0.9427 0.0439
vn 0.3590 -0.9312 -0.0640
vn 0.3217 -0.9433 0.0811
vn 0.6791 -0.7127 0.1758
vn 0.6903 -0.7115 0.1316
vn 0.7176 -0.6965 0.0024
vn 0.7333 -0.6221 -0.2744
vn 0.4085 -0.8625 -0.2987
vn 0.9183 -0.3163 -0.2382
vn 0.7566 -0.1913 -0.6253
vn 0.9267 -0.3729 0.0471
vn 0.4883 -0.0729 -0.8696
vn 0.4284 -0.1100 -0.8969
vn 0.3346 -0.0647 -0.9401
vn 0.1935 -0.0063 -0.9811
vn 0.1317 0.0443 -0.9903
vn 0.2307 -0.0104 -0.9730
vn -0.0761 0.0377 -0.9964
vn -0.1295 0.0916 -0.9873
vn -0.1997 0.2056 -0.9580
vn 0.0822 0.1629 -0.9832
vn 0.1746 0.1534 -0.9726
vn -0.2078 0.3719 -0.9047
vn -0.0951 0.4647 -0.8804
vn -0.3768 0.6740 -0.6354
vn -0.5011 0.5462 -0.6712
vn -0.5389 0.3620 -0.7606
vn -0.6517 0.6191 -0.4381
vn -0.5345 0.7430 -0.4030
vn -0.7278 0.4498 -0.5176
vn -0.7513 0.2727 -0.6010
vn -0.5043 0.2009 -0.8399
vn -0.7459 0.1328 -0.6526
vn -0.4557 0.0935 -0.8852
vn -0.7351 0.0389 -0.6768
vn -0.4218 0.0273 -0.9063
vn -0.0476 0.0104 -0.9988
vn 0.2488 -0.0059 -0.9685
vn -0.0345 -0.0092 -0.9994
vn -0.4023 -0.0239 -0.9152
vn 0.2558 -0.0022 -0.9667
vn 0.5251 -0.0047 -0.8510
vn 0.5167 -0.0326 -0.8555
vn 0.2599 -0.0061 -0.9656
vn -0.0282 -0.0357 -0.9990
vn 0.5314 0.0058 -0.8471
vn 0.2750 -0.0487 -0.9602
vn -0.0136 -0.1120 -0.9936
vn 0.5493 -0.0225 -0.8353
vn 0.5773 -0.1384 -0.8047
vn 0.3052 -0.1951 -0.9321
vn 0.0192 -0.3083 -0.9511
vn -0.2964 -0.4884 -0.8207
vn -0.3644 -0.2273 -0.9031
vn -0.3895 -0.0887 -0.9167
vn 0.0515 -0.6120 -0.7892
vn -0.1971 -0.7589 -0.6207
vn 0.3104 -0.4964 -0.8107
vn 0.0055 -0.8759 -0.4825
vn -0.1350 -0.9055 -0.4022
vn 0.2198 -0.8160 -0.5347
vn 0.4740 -0.7163 -0.5122
vn 0.5686 -0.3876 -0.7256
vn 0.0754 -0.9632 -0.2579
vn -0.1026 -0.9685 -0.2270
vn 0.3609 -0.9014 -0.2392
vn -0.0195 -0.9938 -0.1097
vn -0.1705 -0.9781 -0.1192
vn 0.2957 -0.9531 -0.0641
vn 0.2557 -0.9663 0.0289
vn -0.0608 -0.9972 -0.0440
vn -0.1981 -0.9775 -0.0726
vn -0.0728 -0.9971 -0.0225
vn -0.2060 -0.9769 -0.0574
vn 0.2420 -0.9684 0.0605
vn 0.6730 -0.7188 0.1746
vn 0.6837 -0.7171 0.1354
vn 0.7081 -0.7057 0.0216
vn 0.9083 -0.3446 0.2373
vn 0.9178 -0.3442 0.1977
vn 0.9368 -0.3411 0.0782
vn 0.9697 -0.1256 0.2098
vn 0.9889 -0.1221 0.0844
vn 0.9596 -0.1269 0.2511
vn 0.9068 -0.3445 0.2431
vn 0.6716 -0.7188 0.1799
vn 0.9580 -0.1270 0.2571
vn 0.9067 -0.3446 0.2433
vn 0.6715 -0.7188 0.1801
vn 0.9581 -0.1271 0.2569
vn 0.9069 -0.3446 0.2426
vn 0.6712 -0.7192 0.1796
vn 0.9580 -0.1271 0.2571
vn 0.9067 -0.3445 0.2432
vn 0.6712 -0.7191 0.1801
vn 0.9653 -0.0340 0.2590
vn 0.9658 -0.0092 0.2592
vn 0.9658 -0.0092 0.2590
vn 0.9535 -0.1595 0.2557
vn 0.8892 -0.3904 0.2384
vn 0.8893 -0.3903 0.2382
vn 0.6778 -0.7125 0.1817
vn 0.6778 -0.7125 0.1815
vn 0.6776 -0.7126 0.1818
vn 0.3208 -0.9433 0.0858
vn 0.3212 -0.9431 0.0860
vn 0.3209 -0.9432 0.0861
vn 0.8911 -0.3902 0.2319
vn 0.9029 -0.3879 0.1852
vn 0.9552 -0.1595 0.2493
vn 0.9665 -0.1583 0.2020
vn 0.9665 -0.0445 0.2526
vn 0.9778 -0.0441 0.2047
vn 0.9675 -0.0091 0.2526
vn 0.9786 -0.0084 0.2057
vn 0.9669 -0.0338 0.2529
vn 0.9776 -0.0325 0.2082
vn 0.9968 -0.0286 0.0746
vn 0.9978 -0.0056 0.0660
vn 0.9801 -0.0216 -0.1973
vn 0.9768 0.0002 -0.2144
vn 0.9781 -0.1164 -0.1727
vn 0.9345 -0.3230 -0.1494
vn 0.8397 -0.1171 -0.5302
vn 0.8254 -0.0168 -0.5643
vn 0.8170 -0.3203 -0.4795
vn 0.7273 -0.6642 -0.1728
vn 0.7062 -0.5816 -0.4038
vn 0.8120 0.0062 -0.5836
vn 0.8067 -0.0179 -0.5906
vn 0.9750 -0.0334 -0.2196
vn 0.9971 -0.0414 0.0635
vn 0.9669 -0.1292 -0.2198
vn 0.7988 -0.0811 -0.5961
vn 0.9865 -0.1513 0.0622
vn -0.2995 -0.9507 -0.0803
vn -0.2996 -0.9507 -0.0801
vn -0.5016 -0.8546 -0.1346
vn -0.6198 -0.7662 -0.1694
vn 0.3208 -0.9432 0.0861
vn 0.6778 -0.7124 0.1817
vn 0.9535 -0.1595 0.2556
vn 0.9649 -0.0445 0.2589
vn 0.9582 -0.1271 0.2565
vn 0.9068 -0.3446 0.2427
vn 0.9067 -0.3446 0.2434
vn 0.6713 -0.7190 0.1799
vn 0.6714 -0.7189 0.1804
vn 0.2402 -0.9686 0.0643
vn 0.2402 -0.9686 0.0645
vn 0.2400 -0.9686 0.0645
vn -0.0742 -0.9970 -0.0198
vn -0.0742 -0.9970 -0.0199
vn -0.0741 -0.9971 -0.0199
vn 0.2400 -0.9686 0.0647
vn -0.0742 -0.9970 -0.0197
vn -0.2070 -0.9768 -0.0555
vn -0.2070 -0.9768 -0.0554
vn -0.2224 -0.9731 -0.0596
vn -0.2236 -0.9726 -0.0631
vn -0.2224 -0.9731 -0.0595
vn -0.2224 -0.9731 -0.0597
vn -0.2069 -0.9768 -0.0555
vn -0.2223 -0.9731 -0.0597
vn -0.0748 -0.9970 -0.0213
vn -0.2072 -0.9767 -0.0559
vn 0.2404 -0.9685 0.0644
vn 0.2390 -0.9691 0.0608
vn 0.6714 -0.7190 0.1797
vn 0.6716 -0.7199 0.1752
vn 0.9077 -0.3446 0.2393
vn 0.9582 -0.1270 0.2565
vn 0.9148 -0.3457 0.2089
vn 0.6701 -0.7297 0.1363
vn 0.9290 -0.3607 0.0830
vn 0.6383 -0.7698 0.0034
vn 0.1816 -0.9824 -0.0440
vn 0.2284 -0.9730 0.0340
vn -0.1014 -0.9931 -0.0585
vn -0.0803 -0.9963 -0.0312
vn 0.0683 -0.9861 -0.1513
vn -0.1452 -0.9849 -0.0943
vn 0.4769 -0.8501 -0.2233
vn -0.2279 -0.9709 -0.0731
vn -0.2153 -0.9744 -0.0645
vn -0.2089 -0.9762 -0.0581
vn -0.2254 -0.9723 -0.0616
vn -0.2236 -0.9728 -0.0606
vn -0.2227 -0.9730 -0.0599
vn -0.1706 -0.9843 -0.0457
vn -0.1706 -0.9843 -0.0456
vn -0.1705 -0.9843 -0.0457
vn -0.0986 -0.9948 -0.0264
vn -0.0357 -0.9993 -0.0096
vn -0.3740 -0.9220 -0.1002
vn -0.3740 -0.9220 -0.1003
vn -0.3742 -0.9219 -0.1002
vn -0.3742 -0.9219 -0.1003
vn -0.6830 -0.7071 -0.1830
vn -0.6830 -0.7071 -0.1831
vn -0.6830 -0.7071 -0.1829
vn -0.6830 -0.7071 -0.1828
vn -0.3743 -0.9219 -0.1001
vn -0.6783 -0.7063 -0.2029
vn -0.3731 -0.9217 -0.1063
vn -0.0986 -0.9948 -0.0265
vn -0.1705 -0.9843 -0.0458
vn -0.3654 -0.9189 -0.1490
vn -0.3356 -0.9031 -0.2679
vn -0.6434 -0.6920 -0.3275
vn -0.5255 -0.6023 -0.6010
vn -0.2447 -0.3447 -0.9063
vn -0.2484 -0.8500 -0.4645
vn 0.1241 -0.0810 -0.9890
vn -0.4087 -0.6274 -0.6628
vn -0.2395 -0.9404 -0.2414
vn -0.1703 -0.9794 -0.1085
vn -0.5914 -0.6690 -0.4502
vn -0.3598 -0.9036 -0.2325
vn -0.8658 -0.2093 -0.4545
vn -0.8498 -0.1709 -0.4986
vn -0.7479 -0.4572 -0.4812
vn -0.5156 -0.7835 -0.3467
vn -0.2399 -0.9646 -0.1096
vn -0.2997 -0.9353 -0.1881
vn -0.1873 -0.9801 -0.0653
vn -0.2254 -0.9710 -0.0795
vn -0.2209 -0.9672 -0.1249
vn -0.3158 -0.8788 -0.3577
vn -0.2000 -0.9531 -0.2273
vn -0.5047 -0.6578 -0.5591
vn -0.6493 -0.3492 -0.6756
vn -0.7030 -0.1411 -0.6971
vn -0.8777 -0.0401 -0.4776
vn -0.7226 -0.0376 -0.6903
vn -0.9275 -0.0268 -0.3730
vn -0.8822 0.0400 -0.4692
vn -0.9314 0.0298 -0.3628
vn -0.4778 -0.0201 -0.8782
vn -0.4881 -0.0092 -0.8727
vn -0.4874 0.0074 -0.8732
vn -0.9020 0.1080 -0.4181
vn -0.8696 0.1410 -0.4732
vn -0.5916 0.2930 -0.7511
vn -0.8405 0.3053 -0.4477
vn -0.8385 0.3017 -0.4537
vn -0.7817 0.4881 -0.3882
vn -0.7715 0.5193 -0.3676
vn -0.7025 0.6602 -0.2659
vn -0.6983 0.6425 -0.3156
vn -0.6176 0.7582 -0.2093
vn -0.5967 0.7545 -0.2734
vn -0.6178 0.7635 -0.1879
vn -0.6815 0.6816 -0.2664
vn -0.6490 0.7049 -0.2864
vn -0.6090 0.7703 -0.1893
vn -0.6022 0.7761 -0.1873
vn -0.6318 0.7254 -0.2731
vn -0.6166 0.6142 -0.4925
vn -0.6083 0.6754 -0.4168
vn -0.6984 0.5538 -0.4535
vn -0.4729 0.4862 -0.7348
vn -0.5278 0.6168 -0.5840
vn -0.6228 0.6906 -0.3679
vn -0.6422 0.7090 -0.2914
vn -0.6375 0.7378 -0.2220
vn -0.2426 0.3465 -0.9061
vn -0.4161 0.5520 -0.7226
vn -0.5943 0.6792 -0.4306
vn -0.6719 0.7064 -0.2226
vn -0.6731 0.7078 -0.2146
vn -0.6673 0.7174 -0.2000
vn -0.6830 0.7071 -0.1831
vn -0.6816 0.7085 -0.1828
vn -0.6724 0.7179 -0.1803
vn -0.6463 0.7410 -0.1823
vn -0.6483 0.7413 -0.1738
vn -0.6817 0.7085 -0.1827
vn -0.6724 0.7179 -0.1802
vn -0.6483 0.7413 -0.1737
vn -0.6041 0.7803 -0.1619
vn -0.6042 0.7803 -0.1618
vn -0.6036 0.7802 -0.1642
vn -0.5320 0.8347 -0.1425
vn -0.5320 0.8347 -0.1424
vn -0.5319 0.8347 -0.1429
vn -0.6018 0.7793 -0.1746
vn -0.4301 0.8954 -0.1151
vn -0.4301 0.8954 -0.1153
vn -0.3037 0.9493 -0.0815
vn -0.0014 1.0000 -0.0008
vn 0.1469 0.9885 0.0349
vn 0.1473 0.9884 0.0358
vn 0.2736 0.9604 0.0533
vn 0.2744 0.9599 0.0576
vn 0.3783 0.9247 0.0433
vn 0.3792 0.9236 0.0557
vn 0.3770 0.9232 0.0749
vn 0.4670 0.8839 0.0245
vn 0.4618 0.8845 0.0662
vn 0.4665 0.8845 -0.0019
vn 0.2699 0.9609 0.0615
vn 0.3689 0.9270 0.0676
vn 0.4492 0.8919 0.0523
vn 0.3601 0.9279 0.0965
vn 0.4315 0.8947 0.1156
vn 0.2666 0.9612 0.0714
vn 0.4969 0.8576 0.1331
vn 0.5251 0.8508 0.0213
vn 0.5490 0.8323 -0.0765
vn 0.6078 0.7940 -0.0118
vn 0.6315 0.7588 -0.1594
vn 0.5509 0.8214 0.1476
vn 0.5713 0.8064 0.1531
vn 0.6349 0.7536 0.1701
vn 0.6822 0.7079 0.1828
vn 0.6589 0.7312 0.1766
vn 0.5204 0.7939 0.3144
vn 0.5877 0.7146 0.3793
vn 0.4655 0.8508 0.2439
vn 0.5052 0.6635 0.5519
vn 0.4671 0.7587 0.4540
vn 0.4372 0.8323 0.3407
vn 0.4152 0.8919 0.1791
vn 0.4600 0.8348 0.3026
vn 0.4166 0.8839 0.2125
vn 0.5009 0.7674 0.4003
vn 0.4893 0.8399 0.2346
vn 0.4330 0.8845 0.1735
vn 0.5472 0.7807 0.3017
vn 0.6136 0.6996 0.3662
vn 0.5496 0.6782 0.4879
vn 0.6135 0.5680 0.5487
vn 0.5616 0.5512 0.6171
vn 0.6871 0.4459 0.5737
vn 0.7684 0.4659 0.4387
vn 0.7500 0.4793 0.4558
vn 0.6686 0.6077 0.4287
vn 0.7555 0.6231 0.2024
vn 0.8427 0.4887 0.2258
vn 0.8206 0.3411 0.4585
vn 0.9077 0.3418 0.2432
vn 0.7137 0.3080 0.6291
vn 0.7985 0.1694 0.5776
vn 0.8790 0.1892 0.4376
vn 0.9500 0.1810 0.2546
vn 0.9500 0.1810 0.2545
vn 0.8935 0.3799 0.2394
vn 0.8314 0.4883 0.2653
vn 0.9500 0.1809 0.2545
vn 0.9205 0.3032 0.2466
vn 0.8774 0.4793 -0.0197
vn 0.7933 0.6077 -0.0370
vn 0.9399 0.3411 0.0130
vn 0.7949 0.5511 -0.2538
vn 0.8699 0.4312 -0.2396
vn 0.9327 0.3079 -0.1880
vn 0.8818 0.4458 -0.1539
vn 0.9420 0.3181 -0.1068
vn 0.8056 0.5679 -0.1691
vn 0.8057 0.5921 -0.0139
vn 0.8848 0.4659 0.0041
vn 0.9430 0.3305 0.0397
vn 0.7688 0.6053 0.2062
vn 0.8492 0.4765 0.2277
vn 0.9095 0.3366 0.2438
vn 0.6788 0.7114 0.1821
vn 0.7145 0.6996 -0.0104
vn 0.6136 0.6996 0.3661
vn 0.5947 0.7879 0.1596
vn 0.6249 0.7806 0.0117
vn 0.5471 0.7806 0.3023
vn 0.4893 0.8399 0.2347
vn 0.5197 0.8429 0.1394
vn 0.5411 0.8399 0.0415
vn 0.5495 0.8349 -0.0318
vn 0.6340 0.7673 -0.0964
vn 0.7199 0.6781 -0.1482
vn 0.7134 0.6635 -0.2256
vn 0.6986 0.7147 -0.0344
vn 0.9498 0.1819 0.2545
vn 0.9796 0.1802 0.0896
vn 0.9659 -0.0045 0.2588
vn 0.9888 -0.0037 0.1495
vn 0.9841 0.1750 -0.0316
vn 0.9978 -0.0045 0.0668
vn 0.9428 -0.2804 0.1801
vn 0.9357 -0.2827 0.2108
vn 0.9259 -0.2850 0.2480
vn 0.6434 -0.7230 0.2515
vn 0.6444 -0.7323 0.2202
vn 0.6525 -0.7374 0.1748
vn 0.9157 -0.2827 0.2857
vn 0.6683 -0.7322 0.1315
vn 0.0014 -0.9963 0.0860
vn 0.0192 -0.9998 0.0052
vn 0.0446 -0.9963 -0.0741
vn 0.9066 -0.2804 0.3154
vn 0.6829 -0.7231 0.1037
vn 0.0702 -0.9890 -0.1301
vn 0.6945 -0.7137 0.0915
vn 0.0926 -0.9827 -0.1602
vn 0.0995 -0.9916 -0.0826
vn 0.7128 -0.6864 0.1443
vn 0.9173 -0.2558 0.3051
vn 0.9002 -0.2793 0.3342
vn 0.9914 -0.0111 0.1306
vn 0.9985 -0.0141 -0.0536
vn 0.9515 -0.0018 -0.3076
vn 0.9082 0.1387 -0.3948
vn 0.8475 0.2672 -0.4587
vn 0.7891 0.3720 -0.4888
vn -0.0045 -0.9890 0.1478
vn 0.6470 -0.7138 0.2681
vn 0.0006 -0.9827 0.1851
vn -0.4922 -0.8705 -0.0057
vn -0.6496 -0.7510 -0.1181
vn -0.4736 -0.8787 -0.0592
vn -0.6418 -0.7536 -0.1422
vn 0.0465 -0.9924 0.1137
vn -0.4549 -0.8821 -0.1219
vn -0.6338 -0.7547 -0.1698
vn 0.0636 -0.9978 0.0170
vn 0.6795 -0.7108 0.1821
vn 0.6922 -0.6858 0.2249
vn 0.9275 -0.2792 0.2485
vn 0.9481 -0.2550 0.1899
vn 0.9467 -0.2793 0.1606
vn 0.9998 -0.0069 0.0183
vn 0.9926 0.0077 0.1214
vn 0.9802 0.1700 -0.1012
vn 0.9801 0.1891 0.0603
vn 0.9659 -0.0083 0.2588
vn 0.9659 -0.0082 0.2588
vn 0.9204 0.0078 0.3910
vn 0.9161 -0.2550 0.3095
vn 0.6794 -0.7108 0.1820
vn 0.6795 -0.7107 0.1821
vn 0.7118 -0.6859 0.1515
vn 0.6944 -0.7137 0.0914
vn 0.9000 -0.2793 0.3346
vn 0.0973 -0.9924 -0.0751
vn -0.4397 -0.8787 -0.1860
vn 0.0705 -0.9890 -0.1302
vn 0.6830 -0.7230 0.1038
vn -0.4604 -0.8690 -0.1815
vn 0.6682 -0.7323 0.1315
vn 0.9065 -0.2804 0.3156
vn 0.9158 -0.2827 0.2852
vn 0.8973 -0.0046 0.4415
vn 0.8363 0.1750 0.5197
vn 0.8931 0.1802 0.4121
vn 0.9661 -0.0045 0.2583
vn 0.9499 0.1819 0.2543
vn 0.9260 -0.2849 0.2477
vn 0.9795 0.1802 0.0896
vn 0.9357 -0.2827 0.2109
vn 0.6444 -0.7325 0.2194
vn 0.6525 -0.7374 0.1747
vn 0.0019 -0.9962 0.0865
vn 0.0192 -0.9998 0.0051
vn -0.4772 -0.8694 -0.1280
vn -0.4895 -0.8689 -0.0729
vn -0.4939 -0.8689 -0.0313
vn -0.0045 -0.9890 0.1480
vn 0.6434 -0.7230 0.2517
vn 0.0005 -0.9827 0.1852
vn 0.6470 -0.7138 0.2682
vn 0.9428 -0.2804 0.1802
vn 0.9998 -0.0069 0.0184
vn 0.9841 0.1750 -0.0315
vn 0.9804 0.1695 -0.1003
vn 0.9466 -0.2558 0.1962
vn 0.9919 0.0076 0.1267
vn 0.9946 0.0774 0.0687
vn 0.9327 0.3080 -0.1875
vn 0.9958 0.0841 0.0365
vn 0.9421 0.3181 -0.1066
vn 0.8699 0.4311 -0.2396
vn 0.9764 0.2154 0.0169
vn 0.8818 0.4458 -0.1537
vn 0.8848 0.4659 0.0042
vn 0.9095 0.3366 0.2439
vn 0.8491 0.4765 0.2279
vn 0.7626 0.3181 0.5633
vn 0.7688 0.6053 0.2064
vn 0.8057 0.5922 -0.0134
vn 0.6788 0.7114 0.1822
vn 0.7144 0.6996 -0.0100
vn 0.6249 0.7806 0.0123
vn 0.5197 0.8429 0.1393
vn 0.7199 0.6781 -0.1481
vn 0.5495 0.8349 -0.0317
vn 0.4496 0.8851 0.1203
vn 0.6316 0.7587 -0.1597
vn 0.5489 0.8324 -0.0762
vn 0.4664 0.8846 -0.0013
vn 0.6076 0.7942 -0.0087
vn 0.5247 0.8509 0.0242
vn 0.4486 0.8920 0.0550
vn 0.7134 0.6637 -0.2250
vn 0.7799 0.6258 -0.0080
vn 0.5657 0.8042 0.1825
vn 0.6252 0.7521 0.2083
vn 0.4924 0.8564 0.1552
vn 0.5471 0.7951 0.2618
vn 0.6216 0.7169 0.3156
vn 0.4788 0.8512 0.2150
vn 0.5081 0.7776 0.3703
vn 0.5661 0.7610 0.3170
vn 0.6334 0.6732 0.3815
vn 0.3165 0.6384 0.7016
vn 0.3187 0.5246 0.7895
vn 0.2400 0.6761 0.6966
vn 0.3773 0.8798 0.2890
vn 0.1763 0.8727 0.4552
vn 0.4113 0.8923 0.1860
vn 0.2920 0.9305 0.2211
vn 0.1213 0.7352 0.6669
vn 0.3309 0.9270 0.1767
vn 0.3313 0.9368 0.1125
vn 0.4263 0.8945 0.1348
vn 0.3937 0.9160 0.0773
vn 0.3783 0.9247 0.0436
vn 0.2957 0.9526 0.0722
vn 0.2249 0.9701 0.0916
vn 0.2736 0.9604 0.0534
vn 0.1443 0.9887 0.0412
vn 0.1321 0.9883 0.0762
vn -0.0033 1.0000 0.0046
vn -0.1592 0.9866 -0.0366
vn -0.1578 0.9866 -0.0422
vn 0.1473 0.9885 0.0356
vn 0.1472 0.9884 0.0374
vn -0.4300 0.8954 -0.1153
vn -0.5334 0.8342 -0.1398
vn -0.5345 0.8335 -0.1399
vn -0.5323 0.8346 -0.1416
vn -0.5321 0.8347 -0.1422
vn -0.6049 0.7802 -0.1596
vn -0.6088 0.7793 -0.1488
vn -0.6159 0.7760 -0.1358
vn -0.6509 0.7410 -0.1651
vn -0.6638 0.7377 -0.1229
vn -0.6858 0.7247 -0.0674
vn -0.6231 0.7702 -0.1363
vn -0.7084 0.7035 -0.0580
vn -0.5364 0.8331 -0.1349
vn -0.6301 0.7634 -0.1418
vn -0.7267 0.6806 -0.0933
vn -0.7365 0.6715 0.0817
vn -0.7785 0.6058 0.1638
vn -0.8324 0.5461 0.0938
vn -0.8558 0.5163 -0.0328
vn -0.7448 0.6592 -0.1042
vn -0.6418 0.7578 -0.1180
vn -0.7517 0.3818 0.5377
vn -0.9391 0.2628 0.2213
vn -0.9530 0.3027 0.0155
vn -0.9543 0.2979 0.0238
vn -0.8747 0.4844 -0.0153
vn -0.7670 0.6398 -0.0476
vn -0.8780 0.2955 0.3765
vn -0.8238 0.5413 0.1684
vn -0.7858 0.6088 0.1088
vn -0.8109 0.1851 0.5551
vn -0.8706 0.1832 0.4567
vn -0.7512 0.5153 0.4125
vn -0.9906 0.1032 0.0903
vn -0.7838 0.0848 0.6152
vn -0.9899 0.1388 0.0275
vn -0.9944 -0.0035 0.1058
vn -0.7614 0.0249 0.6478
vn -0.9991 0.0394 0.0161
vn -0.9916 0.0296 -0.1258
vn -0.9930 0.1072 -0.0502
vn -0.8524 -0.0041 0.5229
vn -0.8417 0.0174 0.5396
vn -0.3949 0.1280 0.9098
vn -0.3694 -0.0276 0.9289
vn -0.3046 -0.0217 0.9522
vn -0.2995 0.0015 0.9541
vn -0.2864 -0.0105 0.9581
vn -0.4095 0.0666 0.9099
vn -0.3555 0.1144 0.9277
vn -0.2903 0.0364 0.9562
vn -0.2702 -0.0032 0.9628
vn -0.8659 0.0282 0.4994
vn -0.8634 -0.0006 0.5045
vn -0.8727 0.0765 0.4822
vn -0.8897 0.1754 0.4215
vn -0.9659 -0.0000 -0.2590
vn -0.9658 -0.0000 -0.2592
vn -0.4946 0.2798 0.8229
vn -0.6703 0.5234 0.5261
vn -0.9142 0.3343 0.2292
vn -0.9659 -0.0000 -0.2588
vn -0.7256 0.6817 0.0941
vn -0.9073 0.4133 -0.0777
vn -0.9660 0.0001 -0.2584
vn -0.9660 -0.0000 -0.2585
vn -0.9660 -0.0000 -0.2587
vn -0.9659 -0.0000 -0.2589
vn -0.8938 0.3900 -0.2213
vn -0.8924 0.3827 -0.2393
vn -0.6915 0.7070 -0.1483
vn -0.6830 0.7071 -0.1829
vn -0.8924 0.3827 -0.2391
vn -0.6830 0.7071 -0.1830
vn -0.8924 0.3827 -0.2390
vn -0.6830 0.7072 -0.1830
vn -0.6817 0.7085 -0.1826
vn -0.6725 0.7179 -0.1801
vn -0.6725 0.7179 -0.1802
vn -0.6484 0.7413 -0.1737
vn -0.6042 0.7803 -0.1619
vn -0.6042 0.7802 -0.1619
vn -0.5319 0.8347 -0.1425
vn -0.6780 0.7174 -0.1601
vn -0.6903 0.7078 -0.1503
vn -0.7030 0.7086 -0.0617
vn -0.7242 0.6894 0.0168
vn -0.7453 0.6071 0.2756
vn -0.7303 0.6779 0.0845
vn -0.7131 0.5407 0.4463
vn -0.6932 0.7064 -0.1431
vn -0.6931 0.7066 -0.1424
vn -0.7294 0.6742 0.1154
vn -0.6774 0.5047 0.5351
vn -0.6223 0.4115 0.6659
vn -0.4552 0.3174 0.8319
vn -0.1577 0.9866 -0.0422
vn -0.0017 1.0000 -0.0000
vn -0.0017 1.0000 -0.0002
vn 0.1446 0.9885 0.0432
vn 0.1447 0.9886 0.0411
vn -0.0015 1.0000 -0.0004
vn 0.1469 0.9884 0.0394
vn 0.2722 0.9595 0.0729
vn 0.2739 0.9596 0.0643
vn 0.2745 0.9599 0.0574
vn 0.3716 0.9231 0.0994
vn 0.3562 0.9236 0.1416
vn 0.2645 0.9609 0.0816
vn 0.3533 0.9270 0.1258
vn 0.1451 0.9886 0.0389
vn -0.0017 1.0000 -0.0004
vn 0.1451 0.9887 0.0389
vn -0.0017 1.0000 -0.0005
vn 0.1459 0.9886 0.0367
vn -0.0016 1.0000 -0.0007
vn -0.5319 0.8347 -0.1426
vn -0.6829 0.7071 -0.1831
vn -0.8925 0.3826 -0.2389
vn -0.8847 0.3901 -0.2552
vn -0.9658 -0.0000 -0.2591
vn -0.8247 0.4134 -0.3860
vn -0.9658 -0.0000 -0.2593
vn -0.9659 -0.0001 -0.2588
vn -0.6774 0.3346 -0.6551
vn -0.5820 0.6819 -0.4430
vn -0.6729 0.7070 -0.2175
vn -0.3216 0.5253 -0.7878
vn -0.5764 0.6750 -0.4606
vn -0.6714 0.7066 -0.2234
vn -0.3322 0.5112 -0.7927
vn -0.0606 0.2646 -0.9625
vn -0.0226 0.2818 -0.9592
vn -0.0029 0.0744 -0.9972
vn 0.1109 0.0858 -0.9901
vn 0.1515 0.1142 -0.9818
vn 0.1928 0.0100 -0.9812
vn 0.2238 0.0353 -0.9740
vn 0.1461 -0.0276 -0.9889
vn 0.2262 -0.0135 -0.9740
vn 0.2458 -0.0041 -0.9693
vn 0.2038 -0.0276 -0.9786
vn 0.2114 -0.0248 -0.9771
vn 0.2250 -0.0320 -0.9738
vn 0.2339 -0.0418 -0.9714
vn 0.1681 -0.0872 -0.9819
vn 0.1687 -0.1149 -0.9789
vn -0.0131 -0.2479 -0.9687
vn -0.0075 -0.2775 -0.9607
vn -0.3480 -0.5197 -0.7802
vn -0.3227 -0.5263 -0.7867
vn -0.5994 -0.6815 -0.4199
vn -0.5881 -0.6834 -0.4325
vn -0.8253 -0.4135 -0.3846
vn -0.6778 -0.3348 -0.6546
vn -0.5593 -0.1750 -0.8103
vn -0.9659 0.0001 -0.2588
vn -0.9660 0.0001 -0.2585
vn -0.5137 -0.0766 -0.8546
vn -0.4994 -0.0292 -0.8659
vn -0.4953 -0.0008 -0.8687
vn -0.9660 -0.0001 -0.2585
vn -0.5005 0.0280 -0.8653
vn -0.5608 0.1755 -0.8091
vn -0.5156 0.0763 -0.8534
vn -0.8850 -0.3900 -0.2545
vn -0.8925 -0.3826 -0.2389
vn -0.8924 -0.3827 -0.2390
vn -0.8924 -0.3827 -0.2393
vn -0.8924 -0.3827 -0.2391
vn -0.3744 -0.9218 -0.1004
vn -0.3743 -0.9219 -0.1002
vn -0.3743 -0.9219 -0.1003
vn -0.2275 -0.9718 -0.0624
vn -0.2290 -0.9714 -0.0627
vn -0.2299 -0.9712 -0.0625
vn -0.2304 -0.9711 -0.0620
vn -0.2305 -0.9711 -0.0617
vn -0.3905 -0.9190 -0.0539
vn -0.3763 -0.9217 -0.0943
vn -0.7209 -0.6920 -0.0382
vn -0.6889 -0.7063 -0.1632
vn -0.6914 -0.7065 -0.1510
vn -0.7290 -0.6815 0.0641
vn -0.7555 -0.6024 0.2575
vn -0.6914 -0.5196 0.5020
vn -0.4250 -0.9029 0.0642
vn -0.6651 -0.3447 0.6624
vn -0.4957 -0.2479 0.8323
vn -0.4473 -0.8500 0.2782
vn -0.2304 -0.9711 -0.0615
vn -0.2680 -0.9609 -0.0701
vn -0.2671 -0.9612 -0.0684
vn -0.2681 -0.9608 -0.0713
vn -0.2678 -0.9608 -0.0721
vn -0.2870 -0.9552 -0.0728
vn -0.2867 -0.9557 -0.0665
vn -0.2852 -0.9552 -0.0786
vn -0.2664 -0.9609 -0.0752
vn -0.2797 -0.9557 -0.0922
vn -0.2791 -0.9531 -0.1174
vn -0.2921 -0.9527 -0.0836
vn -0.2964 -0.9529 -0.0646
vn -0.2653 -0.9556 -0.1279
vn -0.2922 -0.9525 -0.0861
vn -0.2868 -0.9561 -0.0595
vn -0.2943 -0.9545 -0.0469
vn -0.2755 -0.9611 -0.0187
vn -0.2196 -0.9714 -0.0904
vn -0.1387 -0.9895 -0.0399
vn -0.2563 -0.9666 0.0043
vn -0.1135 -0.9934 -0.0147
vn -0.2850 -0.9579 -0.0341
vn -0.2294 -0.9730 0.0256
vn -0.1054 -0.9942 0.0236
vn -0.2690 -0.9630 -0.0180
vn -0.2831 -0.9572 -0.0606
vn -0.2764 -0.9597 -0.0505
vn -0.2655 -0.9621 -0.0628
vn -0.2352 -0.9703 -0.0567
vn -0.2656 -0.9634 -0.0358
vn -0.2471 -0.9683 -0.0365
vn -0.2696 -0.9629 -0.0130
vn -0.2769 -0.9608 -0.0119
vn -0.2044 -0.9784 -0.0315
vn -0.2180 -0.9757 0.0239
vn -0.4484 -0.8923 0.0520
vn -0.3674 -0.9290 0.0434
vn -0.6309 -0.7705 0.0907
vn -0.2687 -0.9630 0.0191
vn -0.4623 -0.8606 0.2135
vn -0.7102 -0.6328 0.3085
vn -0.3054 -0.9418 0.1407
vn -0.2674 -0.9629 0.0349
vn -0.2703 -0.9455 0.1818
vn -0.2646 -0.9610 0.0806
vn -0.2414 -0.9540 0.1780
vn -0.2429 -0.9600 0.1394
vn -0.1975 -0.9114 0.3611
vn -0.2523 -0.9672 0.0286
vn -0.2030 -0.9763 0.0753
vn -0.1942 -0.9624 0.1901
vn -0.0925 -0.9924 0.0812
vn -0.1004 -0.9757 0.1947
vn -0.2127 -0.8876 0.4086
vn -0.1609 -0.9258 0.3421
vn 0.0866 -0.9946 0.0572
vn -0.2730 -0.8990 0.3423
vn 0.1237 -0.9914 -0.0419
vn -0.1691 -0.9310 0.3234
vn 0.1944 -0.9804 0.0308
vn 0.4117 -0.8468 -0.3367
vn 0.3694 -0.8602 -0.3516
vn 0.3756 -0.8550 -0.3577
vn 0.5586 -0.7534 -0.3469
vn 0.4497 -0.8905 0.0685
vn 0.4306 -0.7107 0.5563
vn 0.0647 -0.6858 0.7249
vn -0.0883 -0.6930 0.7155
vn -0.1783 -0.6775 0.7136
vn -0.1055 -0.3447 0.9328
vn -0.2098 -0.3302 0.9203
vn 0.1608 -0.4100 0.8978
vn 0.2517 -0.0051 0.9678
vn -0.0457 -0.0026 0.9990
vn 0.0500 0.3198 0.9462
vn 0.3101 0.3642 0.8782
vn 0.7187 -0.5852 0.3754
vn 0.6109 -0.3846 0.6920
vn 0.7724 0.4102 0.4849
vn 0.9785 -0.0339 0.2036
vn 0.8206 0.4575 0.3425
vn 0.8052 -0.5725 0.1549
vn 0.8199 -0.4500 -0.3541
vn 0.9398 -0.0123 -0.3414
vn 0.6804 -0.2966 -0.6702
vn 0.7431 -0.0016 -0.6692
vn 0.5645 -0.5505 -0.6151
vn 0.8874 0.3663 -0.2798
vn 0.7581 0.2698 -0.5937
vn 0.6115 -0.0019 -0.7913
vn 0.6536 0.2335 -0.7199
vn 0.5692 -0.2469 -0.7843
vn 0.6473 -0.0014 -0.7623
vn 0.6608 0.2267 -0.7155
vn 0.5784 -0.2359 -0.7809
vn 0.5082 -0.5492 -0.6634
vn 0.5348 -0.5307 -0.6575
vn 0.5855 -0.5215 -0.6207
vn 0.6217 -0.2692 -0.7355
vn 0.5988 -0.5312 -0.5994
vn 0.6318 -0.3932 -0.6680
vn 0.4541 -0.7942 -0.4037
vn 0.6940 -0.3002 -0.6543
vn 0.6601 -0.1879 -0.7273
vn 0.7822 -0.2693 -0.5618
vn 0.7504 -0.1841 -0.6348
vn 0.8784 -0.1807 -0.4425
vn 0.8682 -0.2589 -0.4234
vn 0.6889 -0.5248 -0.4999
vn 0.8288 -0.3949 -0.3964
vn 0.9183 -0.2817 -0.2781
vn 0.3221 -0.9184 -0.2298
vn 0.5936 -0.7646 -0.2510
vn 0.7795 -0.5848 -0.2245
vn 0.4322 -0.8381 -0.3330
vn 0.1007 -0.9674 -0.2323
vn -0.0449 -0.9861 -0.1600
vn 0.2545 -0.9398 -0.2280
vn 0.5511 -0.6664 -0.5021
vn -0.1694 -0.9512 -0.2578
vn -0.2188 -0.9561 -0.1950
vn -0.2511 -0.9547 -0.1599
vn -0.1985 -0.9611 -0.1922
vn 0.1651 -0.9248 -0.3429
vn -0.0835 -0.9748 -0.2069
vn -0.2410 -0.9631 -0.1196
vn -0.1989 -0.9731 -0.1167
vn -0.2659 -0.9577 -0.1103
vn -0.2552 -0.9635 -0.0813
vn -0.2431 -0.9667 -0.0793
vn -0.2625 -0.9616 -0.0795
vn 0.8521 -0.4893 -0.1857
vn 0.9675 -0.2325 -0.0991
vn 0.9613 -0.1860 -0.2033
vn 0.1626 -0.9777 -0.1328
vn 0.7065 0.2519 -0.6613
vn 0.7497 0.3454 -0.5645
vn 0.7401 0.4549 -0.4953
vn 0.7068 0.4672 -0.5313
vn 0.7538 0.4720 -0.4571
vn 0.6681 0.7129 -0.2131
vn 0.6915 0.4852 -0.5351
vn 0.6671 0.7126 -0.2171
vn 0.5624 0.8171 0.1264
vn 0.4625 0.8462 0.2646
vn 0.7593 0.6133 -0.2174
vn 0.6599 0.7072 0.2536
vn 0.6178 0.5999 0.5084
vn 0.3332 0.5938 0.7324
vn 0.2234 0.6219 0.7506
vn 0.7270 0.4750 -0.4958
vn -0.2477 -0.3174 0.9154
vn -0.3276 -0.6071 0.7240
vn -0.2821 -0.4627 0.8405
vn -0.3189 -0.6271 0.7107
vn -0.2453 -0.6561 0.7136
vn -0.1533 -0.8358 0.5273
vn -0.3378 -0.8734 0.3509
vn -0.9030 -0.3650 0.2265
vn -0.8895 -0.4452 0.1028
vn -0.8559 -0.0615 0.5135
vn -0.9840 -0.1662 0.0644
vn -0.9325 0.1738 0.3167
vn -0.9989 -0.0393 0.0272
vn -0.9932 -0.0270 -0.1131
vn -0.9804 -0.1971 0.0027
vn -0.6658 -0.6257 0.4064
vn -0.8456 -0.0192 0.5335
vn -0.3331 -0.9350 0.1218
vn -0.7429 -0.6510 0.1556
vn -0.3024 -0.0227 0.9529
vn -0.3865 -0.0807 0.9187
vn -0.2904 -0.0308 0.9564
vn -0.3451 -0.0870 0.9345
vn -0.2826 -0.0413 0.9584
vn -0.3433 -0.1149 0.9322
vn -0.4868 -0.2775 0.8283
vn -0.8719 -0.0767 0.4836
vn -0.8896 -0.1751 0.4218
vn -0.8654 -0.0292 0.5002
vn -0.9142 -0.3349 0.2282
vn -0.9660 -0.0001 -0.2584
vn -0.9070 -0.4134 -0.0796
vn -0.8938 -0.3900 -0.2216
vn -0.7256 -0.6834 0.0806
vn -0.6911 -0.7069 -0.1504
vn -0.6727 -0.5262 0.5201
vn -0.8924 -0.3827 -0.2392
vn -0.4300 0.8954 -0.1152
vn -0.6737 -0.7069 -0.2154
vn -0.6743 -0.7065 -0.2151
vn -0.4308 0.8958 -0.1092
vn -0.3048 0.9494 -0.0756
vn 0.1605 0.9682 0.1917
vn 0.2265 0.9577 0.1774
vn 0.1698 0.9622 0.2128
vn 0.0511 0.7740 0.6312
vn 0.1111 0.6162 0.7797
vn -0.0589 0.4971 0.8657
vn 0.0677 0.4320 0.8993
vn -0.1323 0.2397 0.9618
vn 0.0354 0.2938 0.9552
vn -0.1777 0.0867 0.9802
vn 0.0206 0.2145 0.9765
vn -0.2090 0.0210 0.9777
vn -0.3665 -0.1706 0.9146
vn -0.5746 -0.3826 0.7236
vn -0.4228 -0.2171 0.8798
vn -0.2262 -0.0200 0.9739
vn -0.6358 -0.5059 0.5830
vn -0.4473 -0.2792 0.8497
vn -0.2150 -0.0844 0.9730
vn 0.0284 0.1580 0.9870
vn 0.0719 0.0871 0.9936
vn -0.1409 -0.2028 0.9690
vn 0.0427 -0.0610 0.9972
vn -0.4117 -0.3750 0.8306
vn -0.3960 -0.4241 0.8145
vn -0.0888 -0.2433 0.9659
vn 0.4834 -0.0132 0.8753
vn 0.6792 -0.2847 0.6765
vn 0.4617 -0.7081 0.5343
vn -0.0606 -0.9207 0.3856
vn 0.7994 -0.0138 0.6006
vn 0.5939 0.0006 0.8045
vn 0.4533 0.2657 0.8508
vn 0.7804 0.1891 0.5960
vn 0.7730 0.3406 0.5353
vn 0.2991 0.2341 0.9251
vn 0.7236 0.2851 0.6286
vn 0.3648 0.3385 0.8674
vn 0.4424 0.5663 0.6954
vn 0.3315 0.4268 0.8414
vn 0.7029 0.6114 0.3635
vn 0.7809 0.4855 0.3931
vn 0.7653 0.5914 0.2540
vn 0.8152 0.4888 0.3107
vn 0.8473 0.3468 0.4023
vn 0.8806 0.3789 0.2846
vn 0.8198 0.4971 -0.2843
vn 0.9283 0.2283 0.2936
vn 0.8964 0.1869 0.4018
vn 0.9535 -0.0095 0.3014
vn 0.9117 -0.0115 0.4106
vn 0.8489 -0.2941 0.4392
vn 0.9098 -0.2850 0.3017
vn 0.5619 -0.7063 0.4305
vn 0.6511 -0.7153 0.2539
vn -0.0204 -0.9616 0.2736
vn 0.0434 -0.9947 0.0931
vn 0.6889 -0.6863 0.2333
vn 0.0444 -0.9915 0.1226
vn -0.4746 -0.8786 -0.0526
vn -0.4659 -0.8825 -0.0651
vn -0.6430 -0.7535 -0.1369
vn -0.6496 -0.7510 -0.1182
vn -0.6449 -0.7541 -0.1244
vn -0.4939 -0.8660 0.0784
vn -0.6675 -0.7446 -0.0053
vn -0.6736 -0.7273 -0.1315
vn -0.6657 -0.7283 -0.1624
vn -0.6973 -0.7166 -0.0116
vn -0.6329 -0.7653 -0.1175
vn -0.6224 -0.7666 -0.1581
vn -0.6579 -0.7531 0.0083
vn -0.5368 -0.8425 0.0453
vn -0.5136 -0.8539 -0.0843
vn -0.5030 -0.8547 -0.1284
vn -0.3093 -0.9504 -0.0319
vn -0.3008 -0.9508 -0.0745
vn -0.3289 -0.9397 0.0940
vn -0.5534 -0.7691 0.3198
vn -0.6564 -0.7254 0.2072
vn -0.7058 -0.7053 0.0666
vn -0.7431 -0.6367 0.2060
vn -0.6048 -0.4754 0.6389
vn -0.5254 -0.7921 0.3109
vn -0.4034 -0.6602 0.6335
vn -0.0599 -0.9847 0.1639
vn -0.0360 -0.9985 0.0408
vn 0.2665 -0.9225 0.2792
vn 0.3061 -0.9412 0.1432
vn 0.6158 -0.5992 0.5116
vn 0.6574 -0.7089 0.2555
vn -0.0271 -0.9996 -0.0013
vn 0.3193 -0.9431 0.0930
vn 0.6750 -0.7126 0.1910
vn 0.3207 -0.9433 0.0859
vn 0.6771 -0.7139 0.1786
vn 0.6764 -0.7151 0.1766
vn 0.3209 -0.9432 0.0860
vn -0.2995 -0.9507 -0.0804
vn -0.5016 -0.8546 -0.1343
vn -0.5016 -0.8547 -0.1341
vn -0.6214 -0.7665 -0.1622
vn -0.6671 -0.7268 -0.1636
vn -0.6672 -0.7276 -0.1596
vn -0.6495 -0.7493 -0.1293
vn -0.6662 -0.7263 -0.1694
vn -0.6467 -0.7483 -0.1477
vn -0.6411 -0.7479 -0.1720
vn -0.6641 -0.7261 -0.1781
vn -0.6214 -0.7661 -0.1642
vn -0.6209 -0.7660 -0.1664
vn -0.5016 -0.8546 -0.1344
vn -0.0260 -0.9996 -0.0069
vn 0.3208 -0.9433 0.0859
vn 0.6740 -0.7163 0.1806
vn 0.6733 -0.7161 0.1837
vn 0.6754 -0.7160 0.1765
vn 0.8869 -0.4091 0.2146
vn 0.8801 -0.4125 0.2349
vn 0.8769 -0.4093 0.2520
vn 0.8798 -0.4050 0.2488
vn 0.6743 -0.7154 0.1831
vn 0.8829 -0.4021 0.2426
vn 0.6751 -0.7149 0.1822
vn 0.3207 -0.9433 0.0860
vn -0.5015 -0.8546 -0.1346
vn -0.6595 -0.7268 -0.1919
vn -0.6576 -0.7276 -0.1954
vn -0.6193 -0.7665 -0.1702
vn -0.6269 -0.7536 -0.1977
vn -0.6592 -0.7284 -0.1867
vn -0.6615 -0.7287 -0.1773
vn -0.6196 -0.7667 -0.1681
vn -0.6201 -0.7668 -0.1662
vn -0.6201 -0.7668 -0.1661
vn -0.6615 -0.7287 -0.1772
vn -0.6337 -0.7547 -0.1698
vn -0.6643 -0.7284 -0.1677
vn -0.6207 -0.7667 -0.1640
vn -0.5015 -0.8547 -0.1344
vn -0.5016 -0.8546 -0.1341
vn -0.6215 -0.7665 -0.1622
vn -0.2994 -0.9507 -0.0804
vn -0.5015 -0.8547 -0.1345
vn 0.3208 -0.9432 0.0859
vn 0.3208 -0.9432 0.0860
vn 0.6759 -0.7142 0.1819
vn 0.6766 -0.7135 0.1819
vn 0.6772 -0.7129 0.1819
vn 0.6776 -0.7126 0.1817
vn 0.6777 -0.7125 0.1815
vn 0.8893 -0.3904 0.2381
vn 0.8890 -0.3908 0.2388
vn 0.9536 -0.1596 0.2554
vn 0.9532 -0.1600 0.2565
vn 0.8880 -0.3923 0.2399
vn 0.9523 -0.1620 0.2587
vn 0.8864 -0.3954 0.2409
vn 0.9508 -0.1665 0.2612
vn 0.9636 -0.0483 0.2630
vn 0.9495 -0.1722 0.2622
vn 0.9634 -0.0520 0.2630
vn 0.8847 -0.3990 0.2412
vn 0.9631 -0.0532 0.2638
vn 0.9480 -0.1762 0.2649
vn 0.9436 -0.1795 0.2782
vn 0.9602 -0.0522 0.2745
vn 0.9683 -0.0010 0.2497
vn 0.9665 0.0038 0.2567
vn 0.9641 0.0001 0.2655
vn 0.9540 -0.0601 0.2937
vn 0.9388 -0.1890 0.2879
vn 0.9664 -0.0146 0.2566
vn 0.9704 0.0012 0.2414
vn 0.9634 -0.0808 0.2557
vn 0.9759 -0.0607 0.2096
vn 0.9469 -0.2000 0.2518
vn 0.9594 -0.1896 0.2090
vn 0.9735 -0.0495 0.2231
vn 0.9617 -0.1757 0.2104
vn 0.8899 -0.4026 0.2143
vn 0.9592 -0.1657 0.2292
vn 0.8902 -0.3965 0.2242
vn 0.8871 -0.3917 0.2442
vn 0.9704 -0.0427 0.2377
vn 0.8675 -0.3846 0.3154
vn 0.9701 0.0116 0.2425
vn 0.7923 -0.4381 0.4247
vn 0.0637 -0.9978 0.0171
vn 0.7949 0.5511 -0.2540
vn 0.8055 0.5679 -0.1691
vt 0.526915 0.017890
vt 0.635461 0.017890
vt 0.635461 0.133376
vt 0.526915 0.133376
s 1
usemtl Material.003
f 8/1/1 6/2/2 1/3/3 2/4/4
f 2/1/4 1/2/3 3/3/5 1914/4/6
f 3/1/5 1/2/3 4/3/7 57/4/8
f 1/1/3 5/2/9 51/3/10 4/4/7
f 1/1/3 6/2/2 7/3/11 5/4/9
f 6/1/2 9/2/12 12/3/13 7/4/11
f 11/1/14 9/2/12 6/3/2 8/4/1
f 9/1/12 10/2/15 14/3/16 12/4/13
f 1752/1/17 10/2/15 9/3/12 11/4/14
f 7/1/11 12/2/13 13/3/18 47/4/19
f 12/1/13 14/2/16 16/3/20 13/4/18
f 14/1/16 15/2/21 18/3/22 16/4/20
f 10/1/15 1685/2/23 15/3/21 14/4/16
f 13/1/18 16/2/20 17/3/24 48/4/25
f 16/1/20 18/2/22 20/3/26 17/4/24
f 19/1/27 21/2/28 20/3/26 18/4/22
f 1683/1/29 19/2/27 18/3/22 15/4/21
f 21/1/28 23/2/30 22/3/31 20/4/26
f 17/1/24 20/2/26 22/3/31 25/4/32
f 24/1/33 22/2/31 23/3/30 1671/4/34
f 27/1/35 25/2/32 22/3/31 24/4/33
f 48/1/25 17/2/24 25/3/32 26/4/36
f 28/1/37 26/2/36 25/3/32 27/4/35
f 32/1/38 28/2/37 27/3/35 29/4/39
f 29/1/39 27/2/35 24/3/33 31/4/40
f 33/1/41 32/2/38 29/3/39 30/4/42
f 30/1/42 29/2/39 31/3/40 1034/4/43
f 36/1/44 34/2/45 32/3/38 33/4/41
f 34/1/45 37/2/46 28/3/37 32/4/38
f 35/1/47 39/2/48 37/3/46 34/4/45
f 1666/1/49 35/2/47 34/3/45 36/4/44
f 37/1/46 38/2/50 26/3/36 28/4/37
f 39/1/48 41/2/51 38/3/50 37/4/46
f 40/1/52 42/2/53 41/3/51 39/4/48
f 1664/1/54 40/2/52 39/3/48 35/4/47
f 41/1/51 42/2/53 44/3/55 43/4/56
f 43/1/56 46/2/57 38/3/50 41/4/51
f 43/1/56 44/2/55 49/3/58 45/4/59
f 45/1/59 47/2/19 46/3/57 43/4/56
f 47/1/19 13/2/18 48/3/25 46/4/57
f 46/1/57 48/2/25 26/3/36 38/4/50
f 5/1/9 7/2/11 47/3/19 45/4/59
f 5/1/9 45/2/59 49/3/58 51/4/10
f 51/1/10 49/2/58 50/3/60 52/4/61
f 44/1/55 1663/2/62 50/3/60 49/4/58
f 4/1/7 51/2/10 52/3/61 54/4/63
f 55/1/64 54/2/63 52/3/61 53/4/65
f 53/1/65 52/2/61 50/3/60 1663/4/62
f 56/1/66 54/2/63 55/3/64 58/4/67
f 57/1/8 4/2/7 54/3/63 56/4/66
f 61/1/68 57/2/8 56/3/66 59/4/69
f 59/1/69 56/2/66 58/3/67 60/4/70
f 62/1/71 59/2/69 60/3/70 63/4/72
f 64/1/73 61/2/68 59/3/69 62/4/71
f 65/1/74 62/2/71 63/3/72 68/4/75
f 66/1/76 64/2/73 62/3/71 65/4/74
f 80/1/77 66/2/76 65/3/74 67/4/78
f 67/1/78 65/2/74 68/3/75 70/4/79
f 68/1/75 63/2/72 1582/3/80 69/4/81
f 70/1/79 68/2/75 69/3/81 71/4/82
f 72/1/83 70/2/79 71/3/82 73/4/84
f 75/1/85 67/2/78 70/3/79 72/4/83
f 74/1/86 72/2/83 73/3/84 1575/4/87
f 76/1/88 75/2/85 72/3/83 74/4/86
f 78/1/89 77/2/90 75/3/85 76/4/88
f 77/1/90 80/2/77 67/3/78 75/4/85
f 1568/1/91 79/2/92 77/3/90 78/4/89
f 79/1/92 81/2/93 80/3/77 77/4/90
f 81/1/93 82/2/94 66/3/76 80/4/77
f 81/1/93 83/2/95 86/3/96 82/4/94
f 79/1/92 85/2/97 83/3/95 81/4/93
f 83/1/95 84/2/98 87/3/99 86/4/96
f 85/1/97 1478/2/100 84/3/98 83/4/95
f 86/1/96 87/2/99 89/3/101 88/4/102
f 82/1/94 86/2/96 88/3/102 91/4/103
f 88/1/102 89/2/101 1555/3/104 90/4/105
f 91/1/103 88/2/102 90/3/105 92/4/106
f 95/1/107 93/2/108 91/3/103 92/4/106
f 93/1/108 96/2/109 82/3/94 91/4/103
f 94/1/110 97/2/111 96/3/109 93/4/108
f 98/1/112 94/2/110 93/3/108 95/4/107
f 82/1/94 96/2/109 64/3/73 66/4/76
f 96/1/109 97/2/111 61/3/68 64/4/73
f 97/1/111 3/2/5 57/3/8 61/4/68
f 1914/1/6 3/2/5 97/3/111 94/4/110
f 100/1/113 98/2/112 95/3/107 99/4/114
f 99/1/114 95/2/107 92/3/106 102/4/115
f 1908/1/116 100/2/113 99/3/114 101/4/117
f 101/1/117 99/2/114 102/3/115 103/4/118
f 102/1/115 92/2/106 90/3/105 104/4/119
f 103/1/118 102/2/115 104/3/119 106/4/120
f 104/1/119 90/2/105 1555/3/104 105/4/121
f 106/1/120 104/2/119 105/3/121 108/4/122
f 103/1/118 106/2/120 107/3/123 1909/4/124
f 106/1/120 108/2/122 110/3/125 107/4/123
f 109/1/126 108/2/122 105/3/121 1552/4/127
f 109/1/126 111/2/128 110/3/125 108/4/122
f 111/1/128 113/2/129 112/3/130 110/4/125
f 107/1/123 110/2/125 112/3/130 114/4/131
f 119/1/132 116/2/133 112/3/130 113/4/129
f 1892/1/134 114/2/131 112/3/130 115/4/135
f 117/1/136 115/2/135 112/3/130 116/4/133
f 132/1/137 117/2/136 116/3/133 118/4/138
f 120/1/139 118/2/138 116/3/133 119/4/132
f 124/1/140 120/2/139 119/3/132 121/4/141
f 121/1/141 119/2/132 113/3/129 122/4/142
f 121/1/141 122/2/142 1546/3/143 123/4/144
f 124/1/140 121/2/141 123/3/144 125/4/145
f 124/1/140 125/2/145 127/3/146 120/4/139
f 125/1/145 123/2/144 1510/3/147 126/4/148
f 125/1/145 126/2/148 128/3/149 127/4/146
f 127/1/146 128/2/149 130/3/150 129/4/151
f 120/1/139 127/2/146 129/3/151 118/4/138
f 131/1/152 129/2/151 130/3/150 134/4/153
f 132/1/137 118/2/138 129/3/151 131/4/152
f 1915/1/154 132/2/137 131/3/152 133/4/155
f 133/1/155 131/2/152 134/3/153 135/4/156
f 139/1/157 135/2/156 134/3/153 136/4/158
f 136/1/158 134/2/153 130/3/150 137/4/159
f 138/1/160 136/2/158 137/3/159 605/4/161
f 141/1/162 139/2/157 136/3/158 138/4/160
f 1877/1/163 135/2/156 139/3/157 140/4/164
f 140/1/164 139/2/157 141/3/162 142/4/165
f 144/1/166 142/2/165 141/3/162 143/4/167
f 143/1/167 141/2/162 138/3/160 145/4/168
f 149/1/166 144/2/166 143/3/167 146/4/169
f 146/1/169 143/2/167 145/3/168 147/4/168
f 148/1/167 146/2/169 147/3/168 560/4/168
f 150/1/166 149/2/166 146/3/169 148/4/167
f 152/1/170 151/2/171 149/3/166 150/4/166
f 151/1/171 153/2/171 144/3/166 149/4/166
f 156/1/172 154/2/173 151/3/171 152/4/170
f 154/1/173 155/2/174 153/3/171 151/4/171
f 157/1/175 159/2/176 155/3/174 154/4/173
f 158/1/177 157/2/175 154/3/173 156/4/172
f 161/1/178 160/2/179 157/3/175 158/4/177
f 160/1/179 162/2/180 159/3/176 157/4/175
f 164/1/181 163/2/182 160/3/179 161/4/178
f 163/1/182 165/2/182 162/3/180 160/4/179
f 169/1/183 166/2/184 163/3/182 164/4/181
f 166/1/184 167/2/185 165/3/182 163/4/182
f 168/1/186 1844/2/187 167/3/185 166/4/184
f 170/1/186 168/2/186 166/3/184 169/4/183
f 174/1/188 170/2/186 169/3/183 171/4/189
f 171/1/189 169/2/183 164/3/181 173/4/190
f 175/1/191 174/2/188 171/3/189 172/4/192
f 172/1/192 171/2/189 173/3/190 547/4/193
f 178/1/194 176/2/195 174/3/188 175/4/191
f 176/1/195 179/2/196 170/3/186 174/4/188
f 177/1/197 181/2/198 179/3/196 176/4/195
f 190/1/199 177/2/197 176/3/195 178/4/194
f 181/1/198 182/2/200 180/3/201 179/4/196
f 179/1/196 180/2/201 168/3/186 170/4/186
f 183/1/202 184/2/203 182/3/200 181/4/198
f 186/1/204 183/2/202 181/3/198 177/4/197
f 185/1/205 903/2/206 184/3/203 183/4/202
f 187/1/207 185/2/205 183/3/202 186/4/204
f 189/1/208 187/2/207 186/3/204 188/4/209
f 188/1/209 186/2/204 177/3/197 190/4/199
f 192/1/210 189/2/208 188/3/209 191/4/211
f 191/1/211 188/2/209 190/3/199 193/4/212
f 196/1/213 192/2/210 191/3/211 194/4/214
f 194/1/214 191/2/211 193/3/212 195/4/215
f 197/1/216 194/2/214 195/3/215 200/4/217
f 198/1/218 196/2/213 194/3/214 197/4/216
f 198/1/218 197/2/216 199/3/219 211/4/220
f 197/1/216 200/2/217 202/3/221 199/4/219
f 200/1/217 195/2/215 552/3/222 201/4/223
f 200/1/217 201/2/223 203/3/224 202/4/221
f 202/1/221 203/2/224 205/3/225 204/4/226
f 199/1/219 202/2/221 204/3/226 207/4/227
f 204/1/226 205/2/225 233/3/228 206/4/229
f 207/1/227 204/2/226 206/3/229 208/4/230
f 209/1/231 207/2/227 208/3/230 210/4/232
f 211/1/220 199/2/219 207/3/227 209/4/231
f 212/1/233 209/2/231 210/3/232 213/4/234
f 214/1/235 211/2/220 209/3/231 212/4/233
f 215/1/236 212/2/233 213/3/234 218/4/237
f 216/1/238 214/2/235 212/3/233 215/4/236
f 886/1/239 216/2/238 215/3/236 217/4/240
f 217/1/240 215/2/236 218/3/237 219/4/241
f 219/1/241 218/2/237 220/3/242 222/4/243
f 218/1/237 213/2/234 221/3/244 220/4/242
f 226/1/245 223/2/246 220/3/242 221/4/244
f 223/1/246 224/2/247 222/3/243 220/4/242
f 225/1/248 896/2/249 224/3/247 223/4/246
f 227/1/250 225/2/248 223/3/246 226/4/245
f 229/1/251 227/2/250 226/3/245 228/4/252
f 228/1/252 226/2/245 221/3/244 230/4/253
f 208/1/230 206/2/229 229/3/251 228/4/252
f 210/1/232 208/2/230 228/3/252 230/4/253
f 213/1/234 210/2/232 230/3/253 221/4/244
f 231/1/254 234/2/255 227/3/250 229/4/251
f 206/1/229 233/2/228 231/3/254 229/4/251
f 232/1/256 235/2/257 234/3/255 231/4/254
f 233/1/228 396/2/258 232/3/256 231/4/254
f 235/1/257 238/2/259 236/3/260 234/4/255
f 234/1/255 236/2/260 225/3/248 227/4/250
f 238/1/259 239/2/261 237/3/262 236/4/260
f 236/1/260 237/2/262 896/3/249 225/4/248
f 239/1/261 238/2/259 240/3/263 242/4/264
f 238/1/259 235/2/257 241/3/265 240/4/263
f 240/1/263 241/2/265 244/3/266 243/4/267
f 242/1/264 240/2/263 243/3/267 246/4/268
f 243/1/267 244/2/266 305/3/269 245/4/270
f 246/1/268 243/2/267 245/3/270 247/4/271
f 250/1/272 242/2/264 246/3/268 248/4/273
f 248/1/273 246/2/268 247/3/271 249/4/274
f 252/1/275 251/2/276 248/3/273 249/4/274
f 251/1/276 254/2/277 250/3/272 248/4/273
f 294/1/278 253/2/279 251/3/276 252/4/275
f 253/1/279 256/2/280 254/3/277 251/4/276
f 254/1/277 255/2/281 898/3/282 250/4/272
f 256/1/280 258/2/283 255/3/281 254/4/277
f 257/1/284 259/2/285 258/3/283 256/4/280
f 291/1/286 257/2/284 256/3/280 253/4/279
f 259/1/285 261/2/287 260/3/288 258/4/283
f 258/1/283 260/2/288 262/3/289 255/4/281
f 261/1/287 266/2/290 263/3/291 260/4/288
f 260/1/288 263/2/291 265/3/292 262/4/289
f 266/1/290 267/2/293 264/3/294 263/4/291
f 263/1/291 264/2/294 893/3/295 265/4/292
f 268/1/296 271/2/297 267/3/293 266/4/290
f 269/1/298 268/2/296 266/3/290 261/4/287
f 269/1/298 283/2/299 270/3/300 268/4/296
f 268/1/296 270/2/300 273/3/301 271/4/297
f 271/1/297 273/2/301 274/3/302 272/4/303
f 271/1/297 272/2/303 889/3/304 267/4/293
f 273/1/301 275/2/305 276/3/306 274/4/302
f 270/1/300 278/2/307 275/3/305 273/4/301
f 275/1/305 277/2/308 1927/3/309 276/4/306
f 278/1/307 279/2/310 277/3/308 275/4/305
f 280/1/311 281/2/312 279/3/310 278/4/307
f 283/1/299 280/2/311 278/3/307 270/4/300
f 282/1/313 841/2/314 281/3/312 280/4/311
f 284/1/315 282/2/313 280/3/311 283/4/299
f 286/1/316 284/2/315 283/3/299 269/4/298
f 285/1/317 847/2/318 282/3/313 284/4/315
f 287/1/319 285/2/317 284/3/315 286/4/316
f 287/1/319 286/2/316 259/3/285 257/4/284
f 286/1/316 269/2/298 261/3/287 259/4/285
f 288/1/320 289/2/321 285/3/317 287/4/319
f 288/1/320 287/2/319 257/3/284 291/4/286
f 290/1/322 850/2/323 289/3/321 288/4/320
f 290/1/322 288/2/320 291/3/286 292/4/324
f 292/1/324 291/2/286 253/3/279 294/4/278
f 339/1/325 290/2/322 292/3/324 293/4/326
f 293/1/326 292/2/324 294/3/278 295/4/327
f 295/1/327 294/2/278 252/3/275 297/4/328
f 337/1/329 293/2/326 295/3/327 296/4/330
f 296/1/330 295/2/327 297/3/328 298/4/331
f 298/1/331 297/2/328 299/3/332 300/4/333
f 297/1/328 252/2/275 249/3/274 299/4/332
f 249/1/274 247/2/271 300/3/333 299/4/332
f 302/1/334 298/2/331 300/3/333 301/4/335
f 247/1/271 245/2/270 301/3/335 300/4/333
f 304/1/336 302/2/334 301/3/335 303/4/337
f 245/1/270 305/2/269 303/3/337 301/4/335
f 307/1/338 304/2/336 303/3/337 306/4/339
f 305/1/269 308/2/340 306/3/339 303/4/337
f 312/1/341 307/2/338 306/3/339 309/4/342
f 310/1/343 309/2/342 306/3/339 308/4/340
f 379/1/344 311/2/345 309/3/342 310/4/343
f 313/1/346 312/2/341 309/3/342 311/4/345
f 314/1/347 316/2/348 307/3/338 312/4/341
f 315/1/349 314/2/347 312/3/341 313/4/346
f 319/1/350 317/2/351 314/3/347 315/4/349
f 317/1/351 318/2/352 316/3/348 314/4/347
f 320/1/353 322/2/354 318/3/352 317/4/351
f 321/1/355 320/2/353 317/3/351 319/4/350
f 321/1/355 325/2/356 323/3/357 320/4/353
f 320/1/353 323/2/357 326/3/358 322/4/354
f 323/1/357 324/2/359 327/3/360 326/4/358
f 325/1/356 362/2/361 324/3/359 323/4/357
f 326/1/358 327/2/360 329/3/362 328/4/363
f 322/1/354 326/2/358 328/3/363 331/4/364
f 328/1/363 329/2/362 344/3/365 330/4/366
f 331/1/364 328/2/363 330/3/366 332/4/367
f 322/1/354 331/2/364 333/3/368 318/4/352
f 331/1/364 332/2/367 334/3/369 333/4/368
f 318/1/352 333/2/368 335/3/370 316/4/348
f 333/1/368 334/2/369 336/3/371 335/4/370
f 316/1/348 335/2/370 304/3/336 307/4/338
f 335/1/370 336/2/371 302/3/334 304/4/336
f 334/1/369 337/2/329 296/3/330 336/4/371
f 336/1/371 296/2/330 298/3/331 302/4/334
f 332/1/367 338/2/372 337/3/329 334/4/369
f 338/1/372 339/2/325 293/3/326 337/4/329
f 332/1/367 330/2/366 340/3/373 338/4/372
f 338/1/372 340/2/373 341/3/374 339/4/325
f 340/1/373 342/2/375 343/3/376 341/4/374
f 330/1/366 344/2/365 342/3/375 340/4/373
f 342/1/375 345/2/377 347/3/378 343/4/376
f 344/1/365 348/2/379 345/3/377 342/4/375
f 348/1/379 349/2/380 346/3/381 345/4/377
f 345/1/377 346/2/381 854/3/382 347/4/378
f 350/1/383 352/2/384 349/3/380 348/4/379
f 329/1/362 350/2/383 348/3/379 344/4/365
f 351/1/385 354/2/386 352/3/384 350/4/383
f 327/1/360 351/2/385 350/3/383 329/4/362
f 354/1/386 355/2/387 353/3/388 352/4/384
f 352/1/384 353/2/388 767/3/389 349/4/380
f 356/1/357 357/2/359 355/3/387 354/4/386
f 359/1/357 356/2/357 354/3/386 351/4/385
f 358/1/390 756/2/391 357/3/359 356/4/357
f 360/1/361 358/2/390 356/3/357 359/4/357
f 324/1/359 359/2/357 351/3/385 327/4/360
f 362/1/361 360/2/361 359/3/357 324/4/359
f 361/1/392 753/2/393 358/3/390 360/4/361
f 363/1/393 361/2/392 360/3/361 362/4/361
f 365/1/393 363/2/393 362/3/361 325/4/356
f 364/1/394 752/2/395 361/3/392 363/4/393
f 366/1/396 364/2/394 363/3/393 365/4/393
f 368/1/397 366/2/396 365/3/393 367/4/398
f 367/1/398 365/2/393 325/3/356 321/4/355
f 368/1/397 367/2/398 369/3/399 370/4/400
f 367/1/398 321/2/355 319/3/350 369/4/399
f 370/1/400 369/2/399 371/3/401 372/4/402
f 369/1/399 319/2/350 315/3/349 371/4/401
f 372/1/402 371/2/401 373/3/403 374/4/404
f 371/1/401 315/2/349 313/3/346 373/4/403
f 373/1/403 313/2/346 311/3/345 375/4/405
f 374/1/404 373/2/403 375/3/405 376/4/406
f 377/1/407 375/2/405 311/3/345 379/4/344
f 378/1/408 376/2/406 375/3/405 377/4/407
f 381/1/409 378/2/408 377/3/407 380/4/410
f 380/1/410 377/2/407 379/3/344 382/4/411
f 384/1/412 381/2/409 380/3/410 383/4/413
f 383/1/413 380/2/410 382/3/411 386/4/414
f 413/1/415 384/2/412 383/3/413 385/4/416
f 385/1/416 383/2/413 386/3/414 387/4/417
f 387/1/417 386/2/414 388/3/418 390/4/419
f 386/1/414 382/2/411 389/3/420 388/4/418
f 388/1/418 389/2/420 392/3/421 391/4/422
f 390/1/419 388/2/418 391/3/422 232/4/256
f 235/1/257 232/2/256 391/3/422 241/4/265
f 241/1/265 391/2/422 392/3/421 244/4/266
f 244/1/266 392/2/421 308/3/340 305/4/269
f 389/1/420 310/2/343 308/3/340 392/4/421
f 393/1/423 394/2/424 387/3/417 390/4/419
f 396/1/258 393/2/423 390/3/419 232/4/256
f 395/1/425 403/2/426 394/3/424 393/4/423
f 397/1/427 395/2/425 393/3/423 396/4/258
f 205/1/225 397/2/427 396/3/258 233/4/228
f 398/1/428 400/2/429 395/3/425 397/4/427
f 203/1/224 398/2/428 397/3/427 205/4/225
f 399/1/430 401/2/431 400/3/429 398/4/428
f 201/1/223 399/2/430 398/3/428 203/4/224
f 400/1/429 402/2/432 403/3/426 395/4/425
f 401/1/431 404/2/433 402/3/432 400/4/429
f 402/1/432 405/2/434 408/3/435 403/4/426
f 404/1/433 406/2/436 405/3/434 402/4/432
f 406/1/436 512/2/437 407/3/438 405/4/434
f 405/1/434 407/2/438 409/3/439 408/4/435
f 408/1/435 409/2/439 411/3/440 410/4/441
f 403/1/426 408/2/435 410/3/441 394/4/424
f 410/1/441 411/2/440 413/3/415 385/4/416
f 394/1/424 410/2/441 385/3/416 387/4/417
f 411/1/440 412/2/442 414/3/443 413/4/415
f 409/1/439 542/2/444 412/3/442 411/4/440
f 414/1/443 417/2/445 415/3/446 413/4/415
f 413/1/415 415/2/446 416/3/447 384/4/412
f 415/1/446 418/2/448 421/3/449 416/4/447
f 417/1/445 419/2/450 418/3/448 415/4/446
f 419/1/450 437/2/451 420/3/452 418/4/448
f 420/1/452 422/2/453 421/3/449 418/4/448
f 416/1/447 421/2/449 423/3/454 424/4/455
f 422/1/453 425/2/456 423/3/454 421/4/449
f 426/1/457 424/2/455 423/3/454 425/4/456
f 428/1/458 426/2/457 425/3/456 427/4/459
f 430/1/460 427/2/459 425/3/456 422/4/453
f 429/1/461 721/2/462 428/3/458 427/4/459
f 431/1/463 429/2/461 427/3/459 430/4/460
f 433/1/464 431/2/463 430/3/460 432/4/465
f 432/1/465 430/2/460 422/3/453 420/4/452
f 435/1/466 433/2/464 432/3/465 434/4/467
f 437/1/451 434/2/467 432/3/465 420/4/452
f 1929/1/468 435/2/466 434/3/467 436/4/469
f 438/1/470 436/2/469 434/3/467 437/4/451
f 440/1/471 438/2/470 437/3/451 419/4/450
f 439/1/472 1930/2/473 436/3/469 438/4/470
f 442/1/474 439/2/472 438/3/470 440/4/471
f 443/1/475 442/2/474 440/3/471 441/4/476
f 441/1/476 440/2/471 419/3/450 417/4/445
f 444/1/477 445/2/478 439/3/472 442/4/474
f 446/1/479 444/2/477 442/3/474 443/4/475
f 447/1/480 450/2/481 445/3/478 444/4/477
f 448/1/482 447/2/480 444/3/477 446/4/479
f 534/1/483 449/2/484 447/3/480 448/4/482
f 449/1/484 452/2/485 450/3/481 447/4/480
f 452/1/485 453/2/486 451/3/487 450/4/481
f 450/1/481 451/2/487 702/3/488 445/4/478
f 454/1/489 455/2/490 453/3/486 452/4/485
f 457/1/491 454/2/489 452/3/485 449/4/484
f 456/1/492 698/2/493 455/3/490 454/4/489
f 459/1/494 456/2/492 454/3/489 457/4/491
f 460/1/495 459/2/494 457/3/491 458/4/496
f 458/1/496 457/2/491 449/3/484 534/4/483
f 461/1/497 462/2/498 456/3/492 459/4/494
f 463/1/499 461/2/497 459/3/494 460/4/495
f 464/1/500 466/2/501 462/3/498 461/4/497
f 465/1/502 464/2/500 461/3/497 463/4/499
f 470/1/503 467/2/504 464/3/500 465/4/502
f 467/1/504 468/2/505 466/3/501 464/4/500
f 469/1/506 580/2/507 468/3/505 467/4/504
f 471/1/508 469/2/506 467/3/504 470/4/503
f 473/1/509 471/2/508 470/3/503 472/4/510
f 472/1/510 470/2/503 465/3/502 474/4/511
f 478/1/512 473/2/509 472/3/510 475/4/513
f 475/1/513 472/2/510 474/3/511 476/4/514
f 477/1/515 475/2/513 476/3/514 526/4/516
f 479/1/517 478/2/512 475/3/513 477/4/515
f 478/1/512 480/2/518 481/3/519 473/4/509
f 479/1/517 482/2/520 480/3/518 478/4/512
f 480/1/518 483/2/521 485/3/522 481/4/519
f 482/1/520 484/2/523 483/3/521 480/4/518
f 484/1/523 489/2/523 486/3/524 483/4/521
f 483/1/521 486/2/524 488/3/525 485/4/522
f 489/1/523 490/2/526 487/3/527 486/4/524
f 486/1/524 487/2/527 567/3/528 488/4/525
f 491/1/168 492/2/529 490/3/526 489/4/523
f 494/1/168 491/2/168 489/3/523 484/4/523
f 493/1/169 559/2/530 492/3/529 491/4/168
f 496/1/167 493/2/169 491/3/168 494/4/168
f 497/1/531 496/2/167 494/3/168 495/4/529
f 495/1/529 494/2/168 484/3/523 482/4/520
f 500/1/166 498/2/166 496/3/167 497/4/531
f 498/1/166 499/2/165 493/3/169 496/4/167
f 501/1/532 502/2/170 499/3/165 498/4/166
f 503/1/171 501/2/532 498/3/166 500/4/166
f 504/1/533 506/2/174 502/3/170 501/4/532
f 505/1/534 504/2/533 501/3/532 503/4/171
f 510/1/535 507/2/536 504/3/533 505/4/534
f 507/1/536 508/2/537 506/3/174 504/4/533
f 509/1/538 553/2/539 508/3/537 507/4/536
f 511/1/540 509/2/538 507/3/536 510/4/535
f 406/1/436 511/2/540 510/3/535 512/4/437
f 512/1/437 510/2/535 505/3/534 513/4/541
f 512/1/437 513/2/541 514/3/542 407/4/438
f 513/1/541 515/2/543 516/3/544 514/4/542
f 513/1/541 505/2/534 503/3/171 515/4/543
f 515/1/543 517/2/545 518/3/546 516/4/544
f 515/1/543 503/2/171 500/3/166 517/4/545
f 517/1/545 519/2/547 520/3/548 518/4/546
f 517/1/545 500/2/166 497/3/531 519/4/547
f 519/1/547 521/2/549 522/3/550 520/4/548
f 519/1/547 497/2/531 495/3/529 521/4/549
f 521/1/549 479/2/517 477/3/515 522/4/550
f 521/1/549 495/2/529 482/3/520 479/4/517
f 520/1/548 522/2/550 523/3/551 524/4/552
f 522/1/550 477/2/515 526/3/516 523/4/551
f 524/1/552 523/2/551 525/3/553 537/4/554
f 523/1/551 526/2/516 527/3/555 525/4/553
f 526/1/516 476/2/514 529/3/556 527/4/555
f 525/1/553 527/2/555 528/3/557 533/4/558
f 527/1/555 529/2/556 531/3/559 528/4/557
f 529/1/556 530/2/560 532/3/561 531/4/559
f 476/1/514 474/2/511 530/3/560 529/4/556
f 532/1/561 460/2/495 458/3/496 531/4/559
f 531/1/559 458/2/496 534/3/483 528/4/557
f 530/1/560 463/2/499 460/3/495 532/4/561
f 474/1/511 465/2/502 463/3/499 530/4/560
f 528/1/557 534/2/483 448/3/482 533/4/558
f 537/1/554 525/2/553 533/3/558 535/4/562
f 533/1/558 448/2/482 446/3/479 535/4/562
f 535/1/562 446/2/479 443/3/475 536/4/563
f 538/1/564 537/2/554 535/3/562 536/4/563
f 540/1/565 524/2/552 537/3/554 538/4/564
f 539/1/566 538/2/564 536/3/563 543/4/567
f 541/1/568 540/2/565 538/3/564 539/4/566
f 518/1/546 520/2/548 524/3/552 540/4/565
f 516/1/544 518/2/546 540/3/565 541/4/568
f 542/1/444 541/2/568 539/3/566 412/4/442
f 514/1/542 516/2/544 541/3/568 542/4/444
f 407/1/438 514/2/542 542/3/444 409/4/439
f 412/1/442 539/2/566 543/3/567 414/4/443
f 543/1/567 441/2/476 417/3/445 414/4/443
f 536/1/563 443/2/475 441/3/476 543/4/567
f 544/1/181 546/2/181 509/3/538 511/4/540
f 404/1/433 544/2/181 511/3/540 406/4/436
f 545/1/569 548/2/570 546/3/181 544/4/181
f 401/1/431 545/2/569 544/3/181 404/4/433
f 548/1/570 172/2/192 547/3/193 546/4/181
f 546/1/181 547/2/193 553/3/539 509/4/538
f 549/1/188 175/2/191 172/3/192 548/4/570
f 551/1/571 549/2/188 548/3/570 545/4/569
f 550/1/572 178/2/194 175/3/191 549/4/188
f 552/1/222 550/2/572 549/3/188 551/4/571
f 201/1/223 552/2/222 551/3/571 399/4/430
f 399/1/430 551/2/571 545/3/569 401/4/431
f 195/1/215 193/2/212 550/3/572 552/4/222
f 193/1/212 190/2/199 178/3/194 550/4/572
f 547/1/193 173/2/190 554/3/573 553/4/539
f 553/1/539 554/2/573 555/3/574 508/4/537
f 554/1/573 161/2/178 158/3/177 555/4/574
f 173/1/190 164/2/181 161/3/178 554/4/573
f 508/1/537 555/2/574 556/3/534 506/4/174
f 555/1/574 158/2/177 156/3/172 556/4/534
f 506/1/174 556/2/534 557/3/575 502/4/170
f 556/1/534 156/2/172 152/3/170 557/4/575
f 502/1/170 557/2/575 558/3/576 499/4/165
f 557/1/575 152/2/170 150/3/166 558/4/576
f 499/1/165 558/2/576 559/3/530 493/4/169
f 558/1/576 150/2/166 148/3/167 559/4/530
f 559/1/530 148/2/167 560/3/168 492/4/529
f 492/1/529 560/2/168 561/3/523 490/4/526
f 560/1/168 147/2/168 562/3/577 561/4/523
f 561/1/523 562/2/577 564/3/578 563/4/579
f 490/1/526 561/2/523 563/3/579 487/4/527
f 563/1/579 564/2/578 566/3/580 565/4/581
f 487/1/527 563/2/579 565/3/581 567/4/528
f 565/1/581 566/2/580 569/3/582 568/4/583
f 567/1/528 565/2/581 568/3/583 571/4/584
f 568/1/583 569/2/582 592/3/585 570/4/586
f 571/1/584 568/2/583 570/3/586 572/4/587
f 573/1/582 571/2/584 572/3/587 574/4/586
f 488/1/525 567/2/528 571/3/584 573/4/582
f 485/1/522 488/2/525 573/3/582 575/4/582
f 575/1/582 573/2/582 574/3/586 576/4/586
f 481/1/519 485/2/522 575/3/582 577/4/588
f 577/1/588 575/2/582 576/3/586 578/4/589
f 473/1/509 481/2/519 577/3/588 471/4/508
f 471/1/508 577/2/588 578/3/589 469/4/506
f 469/1/506 578/2/589 579/3/590 580/4/507
f 578/1/589 576/2/586 582/3/591 579/4/590
f 580/1/507 579/2/590 581/3/592 692/4/593
f 579/1/590 582/2/591 583/3/594 581/4/592
f 576/1/586 574/2/586 584/3/590 582/4/591
f 582/1/591 584/2/590 585/3/595 583/4/594
f 584/1/590 586/2/590 587/3/595 585/4/595
f 574/1/586 572/2/587 586/3/590 584/4/590
f 586/1/590 588/2/591 589/3/594 587/4/595
f 572/1/587 570/2/586 588/3/591 586/4/590
f 588/1/591 590/2/591 591/3/592 589/4/594
f 570/1/586 592/2/585 590/3/591 588/4/591
f 590/1/591 593/2/596 595/3/597 591/4/592
f 592/1/585 596/2/587 593/3/596 590/4/591
f 596/1/587 597/2/598 594/3/599 593/4/596
f 593/1/596 594/2/599 622/3/592 595/4/597
f 598/1/600 599/2/601 597/3/598 596/4/587
f 569/1/582 598/2/600 596/3/587 592/4/585
f 600/1/602 601/2/603 599/3/601 598/4/600
f 566/1/580 600/2/602 598/3/600 569/4/582
f 602/1/524 603/2/604 601/3/603 600/4/602
f 564/1/578 602/2/524 600/3/602 566/4/580
f 604/1/605 605/2/161 603/3/604 602/4/524
f 562/1/577 604/2/605 602/3/524 564/4/578
f 145/1/168 138/2/160 605/3/161 604/4/605
f 147/1/168 145/2/168 604/3/605 562/4/577
f 603/1/604 605/2/161 137/3/159 606/4/606
f 601/1/603 603/2/604 606/3/606 608/4/607
f 606/1/606 137/2/159 130/3/150 607/4/608
f 608/1/607 606/2/606 607/3/608 609/4/609
f 609/1/609 612/2/610 610/3/611 608/4/607
f 608/1/607 610/2/611 599/3/601 601/4/603
f 612/1/610 614/2/612 611/3/613 610/4/611
f 610/1/611 611/2/613 597/3/598 599/4/601
f 613/1/614 615/2/615 614/3/612 612/4/610
f 1536/1/616 613/2/614 612/3/610 609/4/609
f 615/1/615 617/2/617 616/3/618 614/4/612
f 614/1/612 616/2/618 619/3/619 611/4/613
f 617/1/617 1625/2/620 618/3/621 616/4/618
f 616/1/618 618/2/621 620/3/622 619/4/619
f 619/1/619 620/2/622 622/3/592 594/4/599
f 611/1/613 619/2/619 594/3/599 597/4/598
f 620/1/622 621/2/623 623/3/624 622/4/592
f 618/1/621 1624/2/625 621/3/623 620/4/622
f 595/1/597 622/2/592 623/3/624 625/4/625
f 625/1/625 623/2/624 624/3/626 627/4/626
f 621/1/623 636/2/626 624/3/626 623/4/624
f 591/1/592 595/2/597 625/3/625 626/4/623
f 626/1/623 625/2/625 627/3/626 628/4/626
f 628/1/626 627/2/626 629/3/627 630/4/627
f 627/1/626 624/2/626 632/3/627 629/4/627
f 630/1/627 629/2/627 631/3/628 657/4/629
f 629/1/627 632/2/627 633/3/630 631/4/628
f 636/1/626 634/2/627 632/3/627 624/4/626
f 634/1/627 635/2/631 633/3/630 632/4/627
f 637/1/627 640/2/631 635/3/631 634/4/627
f 639/1/626 637/2/627 634/3/627 636/4/626
f 638/1/627 641/2/631 640/3/631 637/4/627
f 1371/1/626 638/2/627 637/3/627 639/4/626
f 641/1/631 643/2/632 642/3/632 640/4/631
f 640/1/631 642/2/632 645/3/632 635/4/631
f 643/1/632 1351/2/632 644/3/632 642/4/632
f 642/1/632 644/2/632 647/3/632 645/4/632
f 635/1/631 645/2/632 646/3/632 633/4/630
f 645/1/632 647/2/632 649/3/632 646/4/632
f 644/1/632 1347/2/632 648/3/632 647/4/632
f 647/1/632 648/2/632 650/3/632 649/4/632
f 649/1/632 650/2/632 652/3/633 651/4/632
f 646/1/632 649/2/632 651/3/632 654/4/633
f 651/1/632 652/2/633 1655/3/634 653/4/634
f 654/1/633 651/2/632 653/3/634 655/4/633
f 633/1/630 646/2/632 654/3/633 631/4/628
f 631/1/628 654/2/633 655/3/633 657/4/629
f 655/1/633 653/2/634 1657/3/632 656/4/635
f 657/1/629 655/2/633 656/3/635 658/4/636
f 660/1/627 630/2/627 657/3/629 658/4/636
f 658/1/636 656/2/635 1660/3/637 659/4/638
f 661/1/627 660/2/627 658/3/636 659/4/638
f 663/1/639 662/2/626 660/3/627 661/4/627
f 662/1/626 628/2/626 630/3/627 660/4/627
f 665/1/640 664/2/624 662/3/626 663/4/639
f 664/1/624 626/2/623 628/3/626 662/4/626
f 587/1/595 589/2/594 664/3/624 665/4/640
f 589/1/594 591/2/592 626/3/623 664/4/624
f 585/1/595 587/2/595 665/3/640 666/4/625
f 666/1/625 665/2/640 663/3/639 668/4/626
f 583/1/594 585/2/595 666/3/625 667/4/624
f 667/1/624 666/2/625 668/3/626 669/4/626
f 669/1/626 668/2/626 670/3/627 671/4/627
f 668/1/626 663/2/639 661/3/627 670/4/627
f 671/1/627 670/2/627 672/3/641 674/4/642
f 670/1/627 661/2/627 659/3/638 672/4/641
f 672/1/641 673/2/643 675/3/644 674/4/642
f 659/1/638 1660/2/637 673/3/643 672/4/641
f 674/1/642 675/2/644 677/3/645 676/4/646
f 679/1/627 671/2/627 674/3/642 676/4/646
f 676/1/646 677/2/645 1303/3/647 678/4/648
f 681/1/649 679/2/627 676/3/646 678/4/648
f 680/1/639 669/2/626 671/3/627 679/4/627
f 682/1/650 680/2/639 679/3/627 681/4/649
f 682/1/650 681/2/649 683/3/651 686/4/652
f 681/1/649 678/2/648 684/3/653 683/4/651
f 683/1/651 684/2/653 703/3/654 685/4/655
f 686/1/652 683/2/651 685/3/655 687/4/656
f 688/1/657 686/2/652 687/3/656 690/4/658
f 691/1/659 682/2/650 686/3/652 688/4/657
f 692/1/593 691/2/659 688/3/657 689/4/660
f 689/1/660 688/2/657 690/3/658 694/4/661
f 691/1/659 693/2/625 680/3/639 682/4/650
f 692/1/593 581/2/592 693/3/625 691/4/659
f 581/1/592 583/2/594 667/3/624 693/4/625
f 693/1/625 667/2/624 669/3/626 680/4/639
f 580/1/507 692/2/593 689/3/660 468/4/505
f 694/1/661 690/2/658 695/3/662 697/4/663
f 690/1/658 687/2/656 696/3/664 695/4/662
f 695/1/662 696/2/664 453/3/486 455/4/490
f 697/1/663 695/2/662 455/3/490 698/4/493
f 462/1/498 697/2/663 698/3/493 456/4/492
f 466/1/501 694/2/661 697/3/663 462/4/498
f 696/1/664 699/2/665 451/3/487 453/4/486
f 687/1/656 685/2/655 699/3/665 696/4/664
f 699/1/665 700/2/666 702/3/488 451/4/487
f 685/1/655 703/2/654 700/3/666 699/4/665
f 703/1/654 704/2/667 701/3/668 700/4/666
f 700/1/666 701/2/668 1930/3/473 702/4/488
f 684/1/653 706/2/669 704/3/667 703/4/654
f 704/1/667 705/2/670 1929/3/468 701/4/668
f 706/1/669 708/2/671 705/3/670 704/4/667
f 707/1/672 709/2/673 708/3/671 706/4/669
f 678/1/648 707/2/672 706/3/669 684/4/653
f 709/1/673 711/2/674 710/3/675 708/4/671
f 708/1/671 710/2/675 713/3/676 705/4/670
f 711/1/674 1661/2/677 712/3/678 710/4/675
f 710/1/675 712/2/678 714/3/679 713/4/676
f 713/1/676 714/2/679 433/3/464 435/4/466
f 705/1/670 713/2/676 435/3/466 1929/4/468
f 714/1/679 715/2/680 431/3/463 433/4/464
f 712/1/678 716/2/681 715/3/680 714/4/679
f 716/1/681 718/2/682 717/3/683 715/4/680
f 715/1/680 717/2/683 429/3/461 431/4/463
f 718/1/682 720/2/684 719/3/685 717/4/683
f 717/1/683 719/2/685 721/3/462 429/4/461
f 720/1/684 370/2/400 372/3/402 719/4/685
f 719/1/685 372/2/402 374/3/404 721/4/462
f 721/1/462 374/2/404 376/3/406 428/4/458
f 722/1/686 368/2/397 370/3/400 720/4/684
f 723/1/687 722/2/686 720/3/684 718/4/682
f 723/1/687 726/2/688 724/3/689 722/4/686
f 722/1/686 724/2/689 366/3/396 368/4/397
f 724/1/689 725/2/690 364/3/394 366/4/396
f 726/1/688 727/2/691 725/3/690 724/4/689
f 728/1/692 731/2/693 727/3/691 726/4/688
f 730/1/694 728/2/692 726/3/688 723/4/687
f 729/1/695 733/2/696 731/3/693 728/4/692
f 1661/1/677 729/2/695 728/3/692 730/4/694
f 733/1/696 735/2/697 732/3/698 731/4/693
f 731/1/693 732/2/698 1928/3/699 727/4/691
f 729/1/695 1288/2/700 734/3/701 733/4/696
f 733/1/696 734/2/701 736/3/702 735/4/697
f 735/1/697 736/2/702 738/3/703 737/4/704
f 735/1/697 737/2/704 740/3/705 732/4/698
f 737/1/704 738/2/703 1258/3/706 739/4/707
f 737/1/704 739/2/707 742/3/708 740/4/705
f 732/1/698 740/2/705 741/3/709 1928/4/699
f 740/1/705 742/2/708 744/3/710 741/4/709
f 739/1/707 1256/2/711 743/3/712 742/4/708
f 742/1/708 743/2/712 745/3/713 744/4/710
f 744/1/710 745/2/713 747/3/714 746/4/715
f 741/1/709 744/2/710 746/3/715 749/4/716
f 746/1/715 747/2/714 1247/3/717 748/4/718
f 749/1/716 746/2/715 748/3/718 751/4/719
f 1928/1/699 741/2/709 749/3/716 750/4/720
f 750/1/720 749/2/716 751/3/719 752/4/395
f 752/1/395 751/2/719 753/3/393 361/4/392
f 751/1/719 748/2/718 754/3/721 753/4/393
f 753/1/393 754/2/721 756/3/391 358/4/390
f 748/1/718 1247/2/717 755/3/722 754/4/721
f 754/1/721 755/2/722 757/3/361 756/4/391
f 756/1/391 757/2/361 759/3/357 357/4/359
f 755/1/722 1244/2/722 758/3/723 757/4/361
f 757/1/361 758/2/723 760/3/357 759/4/357
f 357/1/359 759/2/357 761/3/724 355/4/387
f 759/1/357 760/2/357 762/3/724 761/4/724
f 761/1/724 762/2/724 764/3/725 763/4/726
f 355/1/387 761/2/724 763/3/726 353/4/388
f 763/1/726 764/2/725 766/3/727 765/4/728
f 353/1/388 763/2/726 765/3/728 767/4/389
f 765/1/728 766/2/727 771/3/729 768/4/730
f 767/1/389 765/2/728 768/3/730 769/4/731
f 769/1/731 768/2/730 770/3/732 855/4/733
f 768/1/730 771/2/729 772/3/734 770/4/732
f 766/1/727 775/2/735 773/3/736 771/4/729
f 771/1/729 773/2/736 776/3/737 772/4/734
f 774/1/738 777/2/739 776/3/737 773/4/736
f 1230/1/740 774/2/738 773/3/736 775/4/735
f 777/1/739 781/2/741 778/3/742 776/4/737
f 772/1/734 776/2/737 778/3/742 779/4/743
f 779/1/743 778/2/742 780/3/744 859/4/745
f 781/1/741 782/2/746 780/3/744 778/4/742
f 783/1/741 786/2/746 782/3/746 781/4/741
f 785/1/739 783/2/741 781/3/741 777/4/739
f 784/1/741 788/2/747 786/3/746 783/4/741
f 1233/1/739 784/2/741 783/3/741 785/4/739
f 786/1/746 787/2/748 863/3/749 782/4/746
f 788/1/747 789/2/750 787/3/748 786/4/746
f 790/1/751 791/2/752 789/3/750 788/4/747
f 793/1/753 790/2/751 788/3/747 784/4/741
f 804/1/754 791/2/752 790/3/751 792/4/755
f 792/1/755 790/2/751 793/3/753 795/4/756
f 795/1/756 793/2/753 794/3/757 796/4/374
f 794/1/757 793/2/753 784/3/741 1233/4/739
f 797/1/758 795/2/756 796/3/374 798/4/759
f 800/1/760 792/2/755 795/3/756 797/4/758
f 799/1/761 797/2/758 798/3/759 1214/4/762
f 801/1/763 800/2/760 797/3/758 799/4/761
f 803/1/764 802/2/765 800/3/760 801/4/763
f 802/1/765 804/2/754 792/3/755 800/4/760
f 807/1/314 805/2/766 802/3/765 803/4/764
f 805/1/766 808/2/767 804/3/754 802/4/765
f 806/1/768 809/2/299 808/3/767 805/4/766
f 985/1/769 806/2/768 805/3/766 807/4/314
f 809/1/299 812/2/770 810/3/771 808/4/767
f 808/1/767 810/2/771 791/3/752 804/4/754
f 791/1/752 810/2/771 811/3/772 789/4/750
f 810/1/771 812/2/770 813/3/773 811/4/772
f 812/1/770 814/2/774 817/3/775 813/4/773
f 815/1/776 814/2/774 812/3/770 809/4/299
f 1926/1/777 816/2/778 814/3/774 815/4/776
f 814/1/774 816/2/778 818/3/779 817/4/775
f 817/1/775 818/2/779 820/3/780 819/4/781
f 813/1/773 817/2/775 819/3/781 822/4/782
f 819/1/781 820/2/780 920/3/783 821/4/784
f 822/1/782 819/2/781 821/3/784 824/4/782
f 811/1/772 813/2/773 822/3/782 823/4/772
f 823/1/772 822/2/782 824/3/782 825/4/772
f 825/1/772 824/2/782 826/3/785 827/4/786
f 824/1/782 821/2/784 828/3/787 826/4/785
f 831/1/788 827/2/786 826/3/785 829/4/789
f 829/1/789 826/2/785 828/3/787 830/4/790
f 832/1/791 829/2/789 830/3/790 834/4/792
f 833/1/793 831/2/788 829/3/789 832/4/791
f 836/1/794 833/2/793 832/3/791 835/4/795
f 835/1/795 832/2/791 834/3/792 837/4/796
f 840/1/797 836/2/794 835/3/795 838/4/798
f 838/1/798 835/2/795 837/3/796 839/4/799
f 841/1/314 840/2/797 838/3/798 281/4/312
f 281/1/312 838/2/798 839/3/799 279/4/310
f 842/1/800 843/2/801 836/3/794 840/4/797
f 845/1/802 842/2/800 840/3/797 841/4/314
f 844/1/803 857/2/804 843/3/801 842/4/800
f 846/1/805 844/2/803 842/3/800 845/4/802
f 848/1/760 846/2/805 845/3/802 847/4/318
f 847/1/318 845/2/802 841/3/314 282/4/313
f 289/1/321 848/2/760 847/3/318 285/4/317
f 849/1/758 851/2/806 846/3/805 848/4/760
f 850/1/323 849/2/758 848/3/760 289/4/321
f 341/1/374 343/2/376 849/3/758 850/4/323
f 343/1/376 347/2/378 851/3/806 849/4/758
f 347/1/378 854/2/382 852/3/807 851/4/806
f 851/1/806 852/2/807 844/3/803 846/4/805
f 854/1/382 855/2/733 853/3/808 852/4/807
f 852/1/807 853/2/808 857/3/804 844/4/803
f 346/1/381 769/2/731 855/3/733 854/4/382
f 855/1/733 770/2/732 856/3/809 853/4/808
f 853/1/808 856/2/809 858/3/810 857/4/804
f 857/1/804 858/2/810 860/3/811 843/4/801
f 858/1/810 859/2/745 861/3/812 860/4/811
f 856/1/809 779/2/743 859/3/745 858/4/810
f 860/1/811 861/2/812 831/3/788 833/4/793
f 843/1/801 860/2/811 833/3/793 836/4/794
f 861/1/812 862/2/813 827/3/786 831/4/788
f 859/1/745 780/2/744 862/3/813 861/4/812
f 863/1/749 825/2/772 827/3/786 862/4/813
f 782/1/746 863/2/749 862/3/813 780/4/744
f 787/1/748 823/2/772 825/3/772 863/4/749
f 770/1/732 772/2/734 779/3/743 856/4/809
f 339/1/325 341/2/374 850/3/323 290/4/322
f 279/1/310 839/2/799 864/3/814 277/4/308
f 839/1/799 837/2/796 866/3/815 864/4/814
f 277/1/308 864/2/814 865/3/816 1927/4/309
f 864/1/814 866/2/815 868/3/817 865/4/816
f 866/1/815 867/2/818 869/3/819 868/4/817
f 837/1/796 834/2/792 867/3/818 866/4/815
f 868/1/817 869/2/819 871/3/820 870/4/821
f 865/1/816 868/2/817 870/3/821 873/4/822
f 870/1/821 871/2/820 901/3/823 872/4/824
f 873/1/822 870/2/821 872/3/824 875/4/825
f 1927/1/309 865/2/816 873/3/822 874/4/826
f 874/1/826 873/2/822 875/3/825 877/4/827
f 875/1/825 872/2/824 899/3/828 876/4/829
f 877/1/827 875/2/825 876/3/829 879/4/830
f 888/1/831 874/2/826 877/3/827 878/4/832
f 878/1/832 877/2/827 879/3/830 880/4/833
f 879/1/830 876/2/829 187/3/207 189/4/208
f 880/1/833 879/2/830 189/3/208 192/4/210
f 882/1/834 878/2/832 880/3/833 881/4/835
f 881/1/835 880/2/833 192/3/210 196/4/213
f 883/1/836 881/2/835 196/3/213 198/4/218
f 884/1/837 882/2/834 881/3/835 883/4/836
f 883/1/836 198/2/218 211/3/220 214/4/235
f 884/1/837 883/2/836 214/3/235 216/4/238
f 885/1/838 884/2/837 216/3/238 886/4/239
f 885/1/838 887/2/839 882/3/834 884/4/837
f 272/1/303 885/2/838 886/3/239 889/4/304
f 272/1/303 274/2/302 887/3/839 885/4/838
f 274/1/302 276/2/306 888/3/831 887/4/839
f 887/1/839 888/2/831 878/3/832 882/4/834
f 276/1/306 1927/2/309 874/3/826 888/4/831
f 889/1/304 886/2/239 217/3/240 890/4/840
f 267/1/293 889/2/304 890/3/840 264/4/294
f 890/1/840 217/2/240 219/3/241 891/4/841
f 264/1/294 890/2/840 891/3/841 893/4/295
f 891/1/841 219/2/241 222/3/243 892/4/842
f 893/1/295 891/2/841 892/3/842 894/4/843
f 265/1/292 893/2/295 894/3/843 895/4/844
f 896/1/249 895/2/844 894/3/843 224/4/247
f 224/1/247 894/2/843 892/3/842 222/4/243
f 237/1/262 897/2/845 895/3/844 896/4/249
f 262/1/289 265/2/292 895/3/844 897/4/845
f 255/1/281 262/2/289 897/3/845 898/4/282
f 239/1/261 898/2/282 897/3/845 237/4/262
f 898/1/282 239/2/261 242/3/264 250/4/272
f 876/1/829 899/2/828 185/3/205 187/4/207
f 899/1/828 900/2/846 903/3/206 185/4/205
f 872/1/824 901/2/823 900/3/846 899/4/828
f 901/1/823 914/2/847 902/3/848 900/4/846
f 900/1/846 902/2/848 904/3/849 903/4/206
f 903/1/206 904/2/849 905/3/850 184/4/203
f 904/1/849 906/2/851 907/3/852 905/4/850
f 902/1/848 909/2/853 906/3/851 904/4/849
f 908/1/854 1837/2/855 907/3/852 906/4/851
f 910/1/856 908/2/854 906/3/851 909/4/853
f 912/1/857 910/2/856 909/3/853 911/4/858
f 914/1/847 911/2/858 909/3/853 902/4/848
f 922/1/859 912/2/857 911/3/858 913/4/860
f 915/1/861 913/2/860 911/3/858 914/4/847
f 871/1/820 915/2/861 914/3/847 901/4/823
f 916/1/862 917/2/863 913/3/860 915/4/861
f 869/1/819 916/2/862 915/3/861 871/4/820
f 918/1/864 919/2/865 917/3/863 916/4/862
f 867/1/818 918/2/864 916/3/862 869/4/819
f 830/1/790 828/2/787 919/3/865 918/4/864
f 834/1/792 830/2/790 918/3/864 867/4/818
f 920/1/783 921/2/866 917/3/863 919/4/865
f 821/1/784 920/2/783 919/3/865 828/4/787
f 820/1/780 923/2/866 921/3/866 920/4/783
f 923/1/866 924/2/859 922/3/859 921/4/866
f 921/1/866 922/2/859 913/3/860 917/4/863
f 818/1/779 925/2/867 923/3/866 820/4/780
f 925/1/867 927/2/859 924/3/859 923/4/866
f 816/1/778 926/2/868 925/3/867 818/4/779
f 926/1/868 929/2/869 927/3/859 925/4/867
f 927/1/859 928/2/870 1920/3/871 924/4/859
f 929/1/869 931/2/872 928/3/870 927/4/859
f 932/1/873 931/2/872 929/3/869 930/4/874
f 930/1/874 929/2/869 926/3/868 946/4/302
f 936/1/835 933/2/875 931/3/872 932/4/873
f 931/1/872 933/2/875 935/3/856 928/4/870
f 937/1/213 934/2/876 933/3/875 936/4/835
f 933/1/875 934/2/876 1919/3/854 935/4/856
f 939/1/210 937/2/213 936/3/835 938/4/877
f 938/1/877 936/2/835 932/3/873 941/4/878
f 1921/1/879 939/2/210 938/3/877 940/4/830
f 940/1/830 938/2/877 941/3/878 942/4/880
f 942/1/880 941/2/878 943/3/881 944/4/882
f 941/1/878 932/2/873 930/3/874 943/4/881
f 944/1/882 943/2/881 945/3/883 948/4/309
f 943/1/881 930/2/874 946/3/302 945/4/883
f 945/1/883 946/2/302 1926/3/777 947/4/884
f 948/1/309 945/2/883 947/3/884 949/4/885
f 950/1/886 948/2/309 949/3/885 951/4/887
f 953/1/888 944/2/882 948/3/309 950/4/886
f 952/1/817 950/2/886 951/3/887 982/4/889
f 954/1/890 953/2/888 950/3/886 952/4/817
f 956/1/891 955/2/892 953/3/888 954/4/890
f 955/1/892 942/2/880 944/3/882 953/4/888
f 959/1/893 957/2/894 955/3/892 956/4/891
f 957/1/894 940/2/830 942/3/880 955/4/892
f 958/1/895 1921/2/879 940/3/830 957/4/894
f 960/1/896 958/2/895 957/3/894 959/4/893
f 962/1/897 960/2/896 959/3/893 961/4/898
f 961/1/898 959/2/893 956/3/891 964/4/899
f 1734/1/849 962/2/897 961/3/898 963/4/900
f 963/1/900 961/2/898 964/3/899 965/4/901
f 965/1/901 964/2/899 966/3/902 967/4/861
f 964/1/899 956/2/891 954/3/890 966/4/902
f 967/1/861 966/2/902 968/3/819 970/4/903
f 966/1/902 954/2/890 952/3/817 968/4/819
f 968/1/819 952/2/817 982/3/889 969/4/904
f 970/1/903 968/2/819 969/3/904 972/4/905
f 1732/1/906 967/2/861 970/3/903 971/4/907
f 971/1/907 970/2/903 972/3/905 973/4/908
f 973/1/908 972/2/905 974/3/909 975/4/910
f 972/1/905 969/2/904 977/3/911 974/4/909
f 975/1/910 974/2/909 976/3/912 1718/4/913
f 974/1/909 977/2/911 978/3/914 976/4/912
f 977/1/911 979/2/796 980/3/915 978/4/914
f 969/1/904 982/2/889 979/3/796 977/4/911
f 979/1/796 981/2/916 983/3/917 980/4/915
f 982/1/889 951/2/887 981/3/916 979/4/796
f 981/1/916 984/2/310 985/3/769 983/4/917
f 951/1/887 949/2/885 984/3/310 981/4/916
f 984/1/310 986/2/918 806/3/768 985/4/769
f 949/1/885 947/2/884 986/3/918 984/4/310
f 986/1/918 815/2/776 809/3/299 806/4/768
f 947/1/884 1926/2/777 815/3/776 986/4/918
f 983/1/917 985/2/769 807/3/314 987/4/919
f 980/1/915 983/2/917 987/3/919 988/4/920
f 988/1/920 987/2/919 989/3/921 990/4/922
f 987/1/919 807/2/314 803/3/764 989/4/921
f 990/1/922 989/2/921 991/3/803 993/4/923
f 989/1/921 803/2/764 801/3/763 991/4/803
f 991/1/803 801/2/763 799/3/761 992/4/924
f 993/1/923 991/2/803 992/3/924 995/4/808
f 1925/1/925 990/2/922 993/3/923 994/4/810
f 994/1/810 993/2/923 995/3/808 997/4/926
f 995/1/808 992/2/924 1213/3/927 996/4/733
f 997/1/926 995/2/808 996/3/733 998/4/732
f 1002/1/928 994/2/810 997/3/926 999/4/929
f 999/1/929 997/2/926 998/3/732 1001/4/930
f 1004/1/931 1002/2/928 999/3/929 1000/4/932
f 1000/1/932 999/2/929 1001/3/930 1024/4/933
f 1003/1/934 1925/2/925 994/3/810 1002/4/928
f 1005/1/935 1003/2/934 1002/3/928 1004/4/931
f 1004/1/931 1006/2/936 1007/3/937 1005/4/935
f 1000/1/932 1008/2/938 1006/3/936 1004/4/931
f 1006/1/936 1009/2/939 1011/3/940 1007/4/937
f 1008/1/938 1010/2/941 1009/3/939 1006/4/936
f 1010/1/941 1015/2/942 1012/3/943 1009/4/939
f 1009/1/939 1012/2/943 1013/3/944 1011/4/940
f 1012/1/943 1014/2/945 1712/3/946 1013/4/944
f 1015/1/942 1016/2/947 1014/3/945 1012/4/943
f 1017/1/948 1018/2/949 1016/3/947 1015/4/942
f 1020/1/950 1017/2/948 1015/3/942 1010/4/941
f 1019/1/951 1676/2/952 1018/3/949 1017/4/948
f 1021/1/953 1019/2/951 1017/3/948 1020/4/950
f 1023/1/954 1021/2/953 1020/3/950 1022/4/955
f 1022/1/955 1020/2/950 1010/3/941 1008/4/938
f 1024/1/933 1022/2/955 1008/3/938 1000/4/932
f 1025/1/956 1023/2/954 1022/3/955 1024/4/933
f 1024/1/933 1001/2/930 1026/3/957 1025/4/956
f 1027/1/958 1029/2/959 1023/3/954 1025/4/956
f 1025/1/956 1026/2/957 1028/3/960 1027/4/958
f 1027/1/958 1028/2/960 1031/3/725 1030/4/961
f 1030/1/961 1032/2/962 1029/3/959 1027/4/958
f 1030/1/961 1031/2/725 1036/3/724 1033/4/963
f 1033/1/963 1034/2/43 1032/3/962 1030/4/961
f 1035/1/964 30/2/42 1034/3/43 1033/4/963
f 1033/1/963 1036/2/724 1037/3/357 1035/4/964
f 1036/1/724 1038/2/724 1041/3/965 1037/4/357
f 1031/1/725 1039/2/966 1038/3/724 1036/4/724
f 1039/1/966 1206/2/967 1040/3/387 1038/4/724
f 1038/1/724 1040/2/387 1042/3/359 1041/4/965
f 1041/1/965 1042/2/359 1044/3/356 1043/4/361
f 1037/1/357 1041/2/965 1043/3/361 1045/4/361
f 1043/1/361 1044/2/356 1049/3/721 1046/4/968
f 1045/1/361 1043/2/361 1046/3/968 1047/4/968
f 1047/1/968 1046/2/968 1048/3/969 1059/4/970
f 1046/1/968 1049/2/721 1051/3/971 1048/4/969
f 1049/1/721 1050/2/393 1052/3/972 1051/4/971
f 1044/1/356 1188/2/356 1050/3/393 1049/4/721
f 1051/1/971 1052/2/972 1054/3/973 1053/4/974
f 1048/1/969 1051/2/971 1053/3/974 1056/4/975
f 1053/1/974 1054/2/973 1161/3/976 1055/4/977
f 1056/1/975 1053/2/974 1055/3/977 1057/4/978
f 1058/1/979 1056/2/975 1057/3/978 1061/4/980
f 1059/1/970 1048/2/969 1056/3/975 1058/4/979
f 1667/1/981 1059/2/970 1058/3/979 1060/4/982
f 1060/1/982 1058/2/979 1061/3/980 1063/4/983
f 1061/1/980 1057/2/978 1168/3/984 1062/4/985
f 1063/1/983 1061/2/980 1062/3/985 1065/4/986
f 1065/1/986 1067/2/987 1064/3/988 1063/4/983
f 1063/1/983 1064/2/988 1665/3/989 1060/4/982
f 1065/1/986 1062/2/985 1184/3/990 1066/4/991
f 1066/1/991 1068/2/992 1067/3/987 1065/4/986
f 1068/1/992 1070/2/993 1069/3/994 1067/4/987
f 1067/1/987 1069/2/994 1071/3/995 1064/4/988
f 1070/1/993 1075/2/996 1072/3/997 1069/4/994
f 1069/1/994 1072/2/997 1074/3/998 1071/4/995
f 1075/1/996 1076/2/999 1073/3/1000 1072/4/997
f 1072/1/997 1073/2/1000 1662/3/1001 1074/4/998
f 1077/1/1002 1078/2/1003 1076/3/999 1075/4/996
f 1080/1/1004 1077/2/1002 1075/3/996 1070/4/993
f 1079/1/1005 1623/2/1006 1078/3/1003 1077/4/1002
f 1081/1/1007 1079/2/1005 1077/3/1002 1080/4/1004
f 1083/1/1008 1081/2/1007 1080/3/1004 1082/4/1009
f 1082/1/1009 1080/2/1004 1070/3/993 1068/4/992
f 1085/1/1010 1083/2/1008 1082/3/1009 1084/4/1011
f 1084/1/1011 1082/2/1009 1068/3/992 1066/4/991
f 1066/1/991 1088/2/1012 1086/3/1013 1084/4/1011
f 1084/1/1011 1086/2/1013 1087/3/1014 1085/4/1010
f 1086/1/1013 1089/2/1015 1091/3/1016 1087/4/1014
f 1088/1/1012 1090/2/1017 1089/3/1015 1086/4/1013
f 1090/1/1017 1094/2/1018 1092/3/1019 1089/4/1015
f 1089/1/1015 1092/2/1019 1093/3/1020 1091/4/1016
f 1092/1/1019 1095/2/1021 1097/3/1022 1093/4/1020
f 1094/1/1018 1098/2/1023 1095/3/1021 1092/4/1019
f 1098/1/1023 1099/2/1024 1096/3/1025 1095/4/1021
f 1095/1/1021 1096/2/1025 1602/3/1026 1097/4/1022
f 1100/1/1027 1099/2/1024 1098/3/1023 1094/4/1018
f 1102/1/1028 1101/2/1029 1099/3/1024 1100/4/1027
f 1099/1/1024 1101/2/1029 1104/3/1030 1096/4/1025
f 1185/1/1031 1103/2/1032 1101/3/1029 1102/4/1028
f 1101/1/1029 1103/2/1032 1106/3/1033 1104/4/1030
f 1096/1/1025 1104/2/1030 1105/3/1034 1602/4/1026
f 1104/1/1030 1106/2/1033 1107/3/1034 1105/4/1034
f 1106/1/1033 1108/2/1035 1109/3/1036 1107/4/1034
f 1103/1/1032 1111/2/1037 1108/3/1035 1106/4/1033
f 1108/1/1035 1110/2/1025 1617/3/1025 1109/4/1036
f 1111/1/1037 1113/2/1038 1110/3/1025 1108/4/1035
f 1114/1/706 1113/2/1038 1111/3/1037 1112/4/1039
f 1112/1/1039 1111/2/1037 1103/3/1032 1185/4/1031
f 1116/1/1040 1115/2/1041 1113/3/1038 1114/4/706
f 1113/1/1038 1115/2/1041 1117/3/1030 1110/4/1025
f 1120/1/1042 1118/2/1043 1115/3/1041 1116/4/1040
f 1115/1/1041 1118/2/1043 1121/3/1035 1117/4/1030
f 1118/1/1043 1119/2/1041 1123/3/1030 1121/4/1035
f 1133/1/1042 1119/2/1041 1118/3/1043 1120/4/1042
f 1117/1/1030 1121/2/1035 1122/3/1035 1618/4/1030
f 1121/1/1035 1123/2/1030 1124/3/1030 1122/4/1035
f 1123/1/1030 1119/2/1041 1128/3/1041 1125/4/1030
f 1124/1/1030 1123/2/1030 1125/3/1030 1126/4/1030
f 1126/1/1030 1125/2/1030 1127/3/1030 1342/4/1030
f 1125/1/1030 1128/2/1041 1129/3/1041 1127/4/1030
f 1131/1/1042 1129/2/1041 1128/3/1041 1130/4/1042
f 1130/1/1042 1128/2/1041 1119/3/1041 1133/4/1042
f 1632/1/1042 1131/2/1042 1130/3/1042 1132/4/1044
f 1132/1/1044 1130/2/1042 1133/3/1042 1134/4/1044
f 1134/1/1044 1133/2/1042 1120/3/1042 1135/4/706
f 1138/1/1042 1132/2/1044 1134/3/1044 1136/4/1042
f 1136/1/1042 1134/2/1044 1135/3/706 1137/4/706
f 1139/1/711 1136/2/1042 1137/3/706 1140/4/711
f 1141/1/1045 1138/2/1042 1136/3/1042 1139/4/711
f 1144/1/1046 1142/2/1047 1139/3/711 1140/4/711
f 1139/1/711 1142/2/1047 1143/3/1047 1141/4/1045
f 1142/1/1047 1145/2/1048 1147/3/713 1143/4/1047
f 1148/1/1048 1145/2/1048 1142/3/1047 1144/4/1046
f 1150/1/1049 1146/2/1049 1145/3/1048 1148/4/1048
f 1145/1/1048 1146/2/1049 1654/3/1050 1147/4/713
f 1151/1/714 1150/2/1049 1148/3/1048 1149/4/710
f 1149/1/710 1148/2/1048 1144/3/1046 1163/4/712
f 1155/1/717 1152/2/717 1150/3/1049 1151/4/714
f 1152/1/717 1153/2/717 1146/3/1049 1150/4/1049
f 1154/1/393 1653/2/393 1153/3/717 1152/4/717
f 1156/1/393 1154/2/393 1152/3/717 1155/4/717
f 1158/1/722 1156/2/393 1155/3/717 1157/4/1051
f 1157/1/1051 1155/2/717 1151/3/714 1159/4/1050
f 1050/1/393 1158/2/722 1157/3/1051 1052/4/972
f 1052/1/972 1157/2/1051 1159/3/1050 1054/4/973
f 1159/1/1050 1151/2/714 1149/3/710 1160/4/710
f 1054/1/973 1159/2/1050 1160/3/710 1161/4/976
f 1161/1/976 1160/2/710 1162/3/708 1165/4/1052
f 1160/1/710 1149/2/710 1163/3/712 1162/4/708
f 1162/1/708 1163/2/712 1180/3/1045 1164/4/711
f 1165/1/1052 1162/2/708 1164/3/711 1166/4/1053
f 1167/1/1054 1165/2/1052 1166/3/1053 1169/4/1055
f 1055/1/977 1161/2/976 1165/3/1052 1167/4/1054
f 1057/1/978 1055/2/977 1167/3/1054 1168/4/984
f 1168/1/984 1167/2/1054 1169/3/1055 1170/4/1056
f 1169/1/1055 1171/2/1057 1173/3/1058 1170/4/1056
f 1166/1/1053 1174/2/1059 1171/3/1057 1169/4/1055
f 1174/1/1059 1175/2/1060 1172/3/1061 1171/4/1057
f 1171/1/1057 1172/2/1061 1182/3/1062 1173/4/1058
f 1176/1/1040 1177/2/1040 1175/3/1060 1174/4/1059
f 1164/1/711 1176/2/1040 1174/3/1059 1166/4/1053
f 1178/1/1040 1179/2/1040 1177/3/1040 1176/4/1040
f 1180/1/1045 1178/2/1040 1176/3/1040 1164/4/711
f 1137/1/706 1135/2/706 1179/3/1040 1178/4/1040
f 1140/1/711 1137/2/706 1178/3/1040 1180/4/1045
f 1163/1/712 1144/2/1046 1140/3/711 1180/4/1045
f 1135/1/706 1120/2/1042 1116/3/1040 1179/4/1040
f 1179/1/1040 1116/2/1040 1114/3/706 1177/4/1040
f 1177/1/1040 1114/2/706 1112/3/1039 1175/4/1060
f 1175/1/1060 1112/2/1039 1185/3/1031 1172/4/1061
f 1170/1/1056 1173/2/1058 1181/3/1063 1184/4/990
f 1173/1/1058 1182/2/1062 1183/3/1064 1181/4/1063
f 1172/1/1061 1185/2/1031 1102/3/1028 1182/4/1062
f 1182/1/1062 1102/2/1028 1100/3/1027 1183/4/1064
f 1181/1/1063 1183/2/1064 1090/3/1017 1088/4/1012
f 1183/1/1064 1100/2/1027 1094/3/1018 1090/4/1017
f 1184/1/990 1181/2/1063 1088/3/1012 1066/4/991
f 1062/1/985 1168/2/984 1170/3/1056 1184/4/990
f 1186/1/361 1189/2/361 1156/3/393 1158/4/722
f 1188/1/356 1186/2/361 1158/3/722 1050/4/393
f 1187/1/359 1190/2/357 1189/3/361 1186/4/361
f 1204/1/1065 1187/2/359 1186/3/361 1188/4/356
f 1190/1/357 1193/2/357 1191/3/390 1189/4/361
f 1189/1/361 1191/2/390 1154/3/393 1156/4/393
f 1193/1/357 1194/2/357 1192/3/361 1191/4/390
f 1191/1/390 1192/2/361 1653/3/393 1154/4/393
f 1195/1/1066 1196/2/1067 1194/3/357 1193/4/357
f 1198/1/360 1195/2/1066 1193/3/357 1190/4/357
f 1197/1/1068 1223/2/1069 1196/3/1067 1195/4/1066
f 1199/1/362 1197/2/1068 1195/3/1066 1198/4/360
f 1201/1/383 1199/2/362 1198/3/360 1200/4/385
f 1200/1/385 1198/2/360 1190/3/357 1187/4/359
f 1202/1/1070 1200/2/385 1187/3/359 1204/4/1065
f 1203/1/1071 1201/2/383 1200/3/385 1202/4/1070
f 1206/1/967 1203/2/1071 1202/3/1070 1040/4/387
f 1040/1/387 1202/2/1070 1204/3/1065 1042/4/359
f 1042/1/359 1204/2/1065 1188/3/356 1044/4/356
f 1205/1/1072 1215/2/379 1201/3/383 1203/4/1071
f 1207/1/1073 1205/2/1072 1203/3/1071 1206/4/967
f 1209/1/1074 1207/2/1073 1206/3/967 1039/4/966
f 1208/1/731 1211/2/1075 1205/3/1072 1207/4/1073
f 1210/1/730 1208/2/731 1207/3/1073 1209/4/1074
f 1026/1/957 1210/2/730 1209/3/1074 1028/4/960
f 1028/1/960 1209/2/1074 1039/3/966 1031/4/725
f 998/1/732 996/2/733 1208/3/731 1210/4/730
f 1001/1/930 998/2/732 1210/3/730 1026/4/957
f 996/1/733 1213/2/927 1211/3/1075 1208/4/731
f 1211/1/1075 1212/2/377 1215/3/379 1205/4/1072
f 1213/1/927 1214/2/762 1212/3/377 1211/4/1075
f 992/1/924 799/2/761 1214/3/762 1213/4/927
f 1214/1/762 798/2/759 1216/3/1076 1212/4/377
f 1212/1/377 1216/2/1076 1218/3/365 1215/4/379
f 1216/1/1076 1217/2/373 1219/3/366 1218/4/365
f 798/1/759 796/2/374 1217/3/373 1216/4/1076
f 1218/1/365 1219/2/366 1197/3/1068 1199/4/362
f 1215/1/379 1218/2/365 1199/3/362 1201/4/383
f 1219/1/366 1220/2/1077 1223/3/1069 1197/4/1068
f 1217/1/373 1221/2/1078 1220/3/1077 1219/4/366
f 1220/1/1077 1221/2/1078 1232/3/738 1222/4/740
f 1223/1/1069 1220/2/1077 1222/3/740 1224/4/1079
f 1196/1/1067 1223/2/1069 1224/3/1079 1225/4/1080
f 1224/1/1079 1222/2/740 1229/3/740 1226/4/1081
f 1225/1/1080 1224/2/1079 1226/3/1081 1227/4/1080
f 1227/1/1080 1226/2/1081 1228/3/1079 1234/4/1082
f 1226/1/1081 1229/2/740 1230/3/740 1228/4/1079
f 1229/1/740 1231/2/738 774/3/738 1230/4/740
f 1222/1/740 1232/2/738 1231/3/738 1229/4/740
f 1231/1/738 785/2/739 777/3/739 774/4/738
f 1232/1/738 1233/2/739 785/3/739 1231/4/738
f 1221/1/1078 794/2/757 1233/3/739 1232/4/738
f 1228/1/1079 1230/2/740 775/3/735 1235/4/1083
f 1234/1/1082 1228/2/1079 1235/3/1083 1236/4/1084
f 762/1/724 1236/2/1084 1235/3/1083 764/4/725
f 764/1/725 1235/2/1083 775/3/735 766/4/727
f 1238/1/357 1234/2/1082 1236/3/1084 1237/4/359
f 760/1/357 1237/2/359 1236/3/1084 762/4/724
f 1240/1/361 1238/2/357 1237/3/359 1239/4/361
f 758/1/723 1239/2/361 1237/3/359 760/4/357
f 1242/1/393 1240/2/361 1239/3/361 1241/4/722
f 1244/1/722 1241/2/722 1239/3/361 758/4/723
f 1644/1/717 1242/2/393 1241/3/722 1243/4/717
f 1245/1/1085 1243/2/717 1241/3/722 1244/4/722
f 1247/1/717 1245/2/1085 1244/3/722 755/4/722
f 1246/1/714 1248/2/1049 1243/3/717 1245/4/1085
f 747/1/714 1246/2/714 1245/3/1085 1247/4/717
f 1249/1/1048 1250/2/1048 1248/3/1049 1246/4/714
f 745/1/713 1249/2/1048 1246/3/714 747/4/714
f 1251/1/1046 1252/2/712 1250/3/1048 1249/4/1048
f 743/1/712 1251/2/1046 1249/3/1048 745/4/713
f 1253/1/1045 1255/2/711 1252/3/712 1251/4/1046
f 1256/1/711 1253/2/1045 1251/3/1046 743/4/712
f 1256/1/711 1257/2/1042 1254/3/1042 1253/4/1045
f 1253/1/1045 1254/2/1042 1636/3/1042 1255/4/711
f 739/1/707 1258/2/706 1257/3/1042 1256/4/711
f 1258/1/706 1260/2/1086 1259/3/1042 1257/4/1042
f 1257/1/1042 1259/2/1042 1261/3/1040 1254/4/1042
f 1260/1/1086 1263/2/1042 1262/3/1042 1259/4/1042
f 1259/1/1042 1262/2/1042 1264/3/1042 1261/4/1040
f 1263/1/1042 1266/2/1087 1265/3/1043 1262/4/1042
f 1262/1/1042 1265/2/1043 1267/3/1038 1264/4/1042
f 1271/1/1034 1268/2/1035 1265/3/1043 1266/4/1087
f 1268/1/1035 1269/2/1025 1267/3/1038 1265/4/1043
f 1270/1/1035 1334/2/1025 1269/3/1025 1268/4/1035
f 1272/1/1034 1270/2/1035 1268/3/1035 1271/4/1034
f 1273/1/1025 1271/2/1034 1266/3/1087 1274/4/1088
f 1275/1/1025 1272/2/1034 1271/3/1034 1273/4/1025
f 1276/1/1089 1273/2/1025 1274/3/1088 1279/4/1090
f 1277/1/1091 1275/2/1025 1273/3/1025 1276/4/1089
f 1320/1/1025 1277/2/1091 1276/3/1089 1278/4/1092
f 1278/1/1092 1276/2/1089 1279/3/1090 1280/4/1093
f 1281/1/1094 1279/2/1090 1274/3/1088 1282/4/1095
f 1283/1/1096 1280/2/1093 1279/3/1090 1281/4/1094
f 1284/1/1097 1281/2/1094 1282/3/1095 1285/4/1098
f 1286/1/1099 1283/2/1096 1281/3/1094 1284/4/1097
f 736/1/702 1284/2/1097 1285/3/1098 738/4/703
f 734/1/701 1286/2/1099 1284/3/1097 736/4/702
f 1287/1/1100 1289/2/1101 1283/3/1096 1286/4/1099
f 1288/1/700 1287/2/1100 1286/3/1099 734/4/701
f 1292/1/1102 1290/2/1103 1287/3/1100 1288/4/700
f 1290/1/1103 1291/2/1104 1289/3/1101 1287/4/1100
f 1293/1/1105 1294/2/1106 1291/3/1104 1290/4/1103
f 1295/1/1107 1293/2/1105 1290/3/1103 1292/4/1102
f 1296/1/1108 1298/2/1109 1294/3/1106 1293/4/1105
f 1297/1/1110 1296/2/1108 1293/3/1105 1295/4/1107
f 1302/1/1111 1299/2/1112 1296/3/1108 1297/4/1110
f 1299/1/1112 1300/2/1113 1298/3/1109 1296/4/1108
f 1301/1/1114 1304/2/1115 1300/3/1113 1299/4/1112
f 1303/1/647 1301/2/1114 1299/3/1112 1302/4/1111
f 678/1/648 1303/2/647 1302/3/1111 707/4/672
f 707/1/672 1302/2/1111 1297/3/1110 709/4/673
f 677/1/645 1305/2/1116 1301/3/1114 1303/4/647
f 1305/1/1116 1306/2/1117 1304/3/1115 1301/4/1114
f 1307/1/1118 1309/2/1119 1306/3/1117 1305/4/1116
f 675/1/644 1307/2/1118 1305/3/1116 677/4/645
f 1308/1/1120 1310/2/1121 1309/3/1119 1307/4/1118
f 673/1/643 1308/2/1120 1307/3/1118 675/4/644
f 1310/1/1121 1312/2/1122 1311/3/1123 1309/4/1119
f 1309/1/1119 1311/2/1123 1314/3/1124 1306/4/1117
f 1311/1/1123 1312/2/1122 1325/3/1089 1313/4/1125
f 1314/1/1124 1311/2/1123 1313/3/1125 1316/4/1126
f 1306/1/1117 1314/2/1124 1315/3/1127 1304/4/1115
f 1315/1/1127 1314/2/1124 1316/3/1126 1317/4/1128
f 1317/1/1128 1316/2/1126 1318/3/1034 1319/4/1129
f 1316/1/1126 1313/2/1125 1320/3/1025 1318/4/1034
f 1319/1/1129 1318/2/1034 1321/3/1130 1322/4/1131
f 1318/1/1034 1320/2/1025 1278/3/1092 1321/4/1130
f 1321/1/1130 1278/2/1092 1280/3/1093 1323/4/1132
f 1322/1/1131 1321/2/1130 1323/3/1132 1324/4/1133
f 1289/1/1101 1323/2/1132 1280/3/1093 1283/4/1096
f 1291/1/1104 1324/2/1133 1323/3/1132 1289/4/1101
f 1294/1/1106 1322/2/1131 1324/3/1133 1291/4/1104
f 1298/1/1109 1319/2/1129 1322/3/1131 1294/4/1106
f 1313/1/1125 1325/2/1089 1277/3/1091 1320/4/1025
f 1300/1/1113 1317/2/1128 1319/3/1129 1298/4/1109
f 1304/1/1115 1315/2/1127 1317/3/1128 1300/4/1113
f 1312/1/1122 1327/2/1134 1326/3/1025 1325/4/1089
f 1325/1/1089 1326/2/1025 1275/3/1025 1277/4/1091
f 1327/1/1134 1329/2/1135 1328/3/1034 1326/4/1025
f 1326/1/1025 1328/2/1034 1272/3/1034 1275/4/1025
f 1329/1/1135 1331/2/1136 1330/3/1035 1328/4/1034
f 1328/1/1034 1330/2/1035 1270/3/1035 1272/4/1034
f 1331/1/1136 1333/2/1137 1332/3/1025 1330/4/1035
f 1330/1/1035 1332/2/1025 1334/3/1025 1270/4/1035
f 1333/1/1137 1337/2/1138 1335/3/1030 1332/4/1025
f 1332/1/1025 1335/2/1030 1338/3/1030 1334/4/1025
f 1336/1/1030 1340/2/1030 1338/3/1030 1335/4/1030
f 1348/1/1138 1336/2/1030 1335/3/1030 1337/4/1138
f 1334/1/1025 1338/2/1030 1339/3/1030 1269/4/1025
f 1340/1/1030 1341/2/1030 1339/3/1030 1338/4/1030
f 1342/1/1030 1127/2/1030 1341/3/1030 1340/4/1030
f 1343/1/1030 1342/2/1030 1340/3/1030 1336/4/1030
f 1344/1/1030 1126/2/1030 1342/3/1030 1343/4/1030
f 1346/1/1138 1344/2/1030 1343/3/1030 1345/4/1138
f 1345/1/1138 1343/2/1030 1336/3/1030 1348/4/1138
f 1349/1/632 1346/2/1138 1345/3/1138 1347/4/632
f 1347/1/632 1345/2/1138 1348/3/1138 648/4/632
f 648/1/632 1348/2/1138 1337/3/1138 650/4/632
f 1351/1/632 1349/2/632 1347/3/632 644/4/632
f 1350/1/632 1622/2/1138 1346/3/1138 1349/4/632
f 1352/1/632 1350/2/632 1349/3/632 1351/4/632
f 1353/1/632 1352/2/632 1351/3/632 643/4/632
f 1355/1/632 1354/2/632 1352/3/632 1353/4/632
f 1354/1/632 1356/2/632 1350/3/632 1352/4/632
f 1360/1/633 1357/2/633 1354/3/632 1355/4/632
f 1357/1/633 1358/2/633 1356/3/632 1354/4/632
f 1359/1/634 1612/2/634 1358/3/633 1357/4/633
f 1361/1/633 1359/2/634 1357/3/633 1360/4/633
f 1363/1/1139 1361/2/633 1360/3/633 1362/4/629
f 1362/1/629 1360/2/633 1355/3/632 1365/4/1140
f 1363/1/1139 1362/2/629 1364/3/627 1391/4/627
f 1362/1/629 1365/2/1140 1366/3/627 1364/4/627
f 1365/1/1140 1355/2/632 1353/3/632 1367/4/1141
f 1365/1/1140 1367/2/1141 1368/3/627 1366/4/627
f 1368/1/627 1367/2/1141 641/3/631 638/4/627
f 1367/1/1141 1353/2/632 643/3/632 641/4/631
f 1366/1/627 1368/2/627 1369/3/626 1370/4/639
f 1369/1/626 1368/2/627 638/3/627 1371/4/626
f 1370/1/639 1369/2/626 1372/3/625 1375/4/625
f 1372/1/625 1369/2/626 1371/3/626 1374/4/625
f 1375/1/625 1372/2/625 1373/3/1142 1376/4/1143
f 1373/1/1142 1372/2/625 1374/3/625 1625/4/620
f 1377/1/625 1375/2/625 1376/3/1143 1378/4/1144
f 1379/1/626 1370/2/639 1375/3/625 1377/4/625
f 1380/1/623 1377/2/625 1378/3/1144 1381/4/1145
f 1382/1/626 1379/2/626 1377/3/625 1380/4/623
f 1383/1/625 1380/2/623 1381/3/1145 1385/4/1146
f 1386/1/626 1382/2/626 1380/3/623 1383/4/625
f 1387/1/626 1386/2/626 1383/3/625 1384/4/623
f 1384/1/623 1383/2/625 1385/3/1146 1411/4/1146
f 1389/1/627 1388/2/627 1386/3/626 1387/4/626
f 1388/1/627 1391/2/627 1382/3/626 1386/4/626
f 1392/1/1147 1390/2/1148 1388/3/627 1389/4/627
f 1390/1/1148 1363/2/1139 1391/3/627 1388/4/627
f 1391/1/627 1364/2/627 1379/3/626 1382/4/626
f 1392/1/1147 1395/2/1149 1393/3/1150 1390/4/1148
f 1390/1/1148 1393/2/1150 1361/3/633 1363/4/1139
f 1393/1/1150 1394/2/1151 1359/3/634 1361/4/633
f 1395/1/1149 1396/2/1152 1394/3/1151 1393/4/1150
f 1397/1/1153 1398/2/1154 1396/3/1152 1395/4/1149
f 1400/1/1155 1397/2/1153 1395/3/1149 1392/4/1147
f 1399/1/1156 1594/2/1157 1398/3/1154 1397/4/1153
f 1401/1/1158 1399/2/1156 1397/3/1153 1400/4/1155
f 1400/1/1155 1392/2/1147 1389/3/627 1402/4/627
f 1401/1/1158 1400/2/1155 1402/3/627 1403/4/627
f 1402/1/627 1389/2/627 1387/3/626 1404/4/626
f 1403/1/627 1402/2/627 1404/3/626 1405/4/626
f 1405/1/626 1404/2/626 1406/3/625 1407/4/623
f 1404/1/626 1387/2/626 1384/3/623 1406/4/625
f 1407/1/623 1406/2/625 1408/3/1146 1409/4/1159
f 1406/1/625 1384/2/623 1411/3/1146 1408/4/1146
f 1409/1/1159 1408/2/1146 1410/3/1160 1434/4/1161
f 1408/1/1146 1411/2/1146 1412/3/1162 1410/4/1160
f 1411/1/1146 1385/2/1146 1414/3/1163 1412/4/1162
f 1410/1/1160 1412/2/1162 1413/3/1164 1435/4/1165
f 1412/1/1162 1414/2/1163 1416/3/1166 1413/4/1164
f 1385/1/1146 1381/2/1145 1415/3/1167 1414/4/1163
f 1414/1/1163 1415/2/1167 1417/3/1168 1416/4/1166
f 1416/1/1166 1417/2/1168 1419/3/1169 1418/4/1170
f 1413/1/1164 1416/2/1166 1418/3/1170 1421/4/1171
f 1418/1/1170 1419/2/1169 1525/3/1172 1420/4/1173
f 1421/1/1171 1418/2/1170 1420/3/1173 1423/4/1174
f 1435/1/1165 1413/2/1164 1421/3/1171 1422/4/1175
f 1422/1/1175 1421/2/1171 1423/3/1174 1425/4/1176
f 1423/1/1174 1424/2/1177 1426/3/1178 1425/4/1176
f 1420/1/1173 1525/2/1172 1424/3/1177 1423/4/1174
f 1427/1/1179 1425/2/1176 1426/3/1178 1428/4/1180
f 1430/1/1181 1422/2/1175 1425/3/1176 1427/4/1179
f 1429/1/1182 1427/2/1179 1428/3/1180 1544/4/1183
f 1431/1/1184 1430/2/1181 1427/3/1179 1429/4/1182
f 1432/1/1185 1435/2/1165 1422/3/1175 1430/4/1181
f 1433/1/1186 1432/2/1185 1430/3/1181 1431/4/1184
f 1436/1/1187 1434/2/1161 1432/3/1185 1433/4/1186
f 1434/1/1161 1410/2/1160 1435/3/1165 1432/4/1185
f 1438/1/1188 1409/2/1159 1434/3/1161 1436/4/1187
f 1436/1/1187 1437/2/1189 1439/3/1190 1438/4/1188
f 1433/1/1186 1454/2/1191 1437/3/1189 1436/4/1187
f 1438/1/1188 1439/2/1190 1442/3/1192 1440/4/1193
f 1440/1/1193 1407/2/623 1409/3/1159 1438/4/1188
f 1441/1/1194 1405/2/626 1407/3/623 1440/4/1193
f 1440/1/1193 1442/2/1192 1443/3/1195 1441/4/1194
f 1442/1/1192 1444/2/1196 1445/3/1197 1443/4/1195
f 1439/1/1190 1447/2/1198 1444/3/1196 1442/4/1192
f 1444/1/1196 1446/2/1199 1576/3/1200 1445/4/1197
f 1447/1/1198 1448/2/1201 1446/3/1199 1444/4/1196
f 1449/1/1202 1450/2/1203 1448/3/1201 1447/4/1198
f 1437/1/1189 1449/2/1202 1447/3/1198 1439/4/1190
f 1451/1/1204 1452/2/1205 1450/3/1203 1449/4/1202
f 1454/1/1191 1451/2/1204 1449/3/1202 1437/4/1189
f 1453/1/1206 1572/2/1207 1452/3/1205 1451/4/1204
f 1455/1/1208 1453/2/1206 1451/3/1204 1454/4/1191
f 1431/1/1184 1455/2/1208 1454/3/1191 1433/4/1186
f 1456/1/1209 1458/2/1210 1453/3/1206 1455/4/1208
f 1429/1/1182 1456/2/1209 1455/3/1208 1431/4/1184
f 1429/1/1182 1544/2/1183 1457/3/1211 1456/4/1209
f 1456/1/1209 1457/2/1211 1460/3/1212 1458/4/1210
f 1459/1/1213 1458/2/1210 1460/3/1212 1461/4/1214
f 1458/1/1210 1459/2/1213 1572/3/1207 1453/4/1206
f 1461/1/1214 1460/2/1212 1462/3/1215 1463/4/1216
f 1457/1/1211 1464/2/1217 1462/3/1215 1460/4/1212
f 1469/1/1218 1463/2/1216 1462/3/1215 1466/4/1219
f 1504/1/1220 1465/2/1221 1462/3/1215 1464/4/1217
f 1467/1/1222 1466/2/1219 1462/3/1215 1465/4/1221
f 1489/1/1223 1468/2/1224 1466/3/1219 1467/4/1222
f 1470/1/1225 1469/2/1218 1466/3/1219 1468/4/1224
f 1473/1/1226 1471/2/1227 1469/3/1218 1470/4/1225
f 1471/1/1227 1472/2/1228 1463/3/1216 1469/4/1218
f 1472/1/1228 1471/2/1227 1474/3/1229 1476/4/1230
f 1471/1/1227 1473/2/1226 1475/3/1231 1474/4/1229
f 1474/1/1229 1475/2/1231 1480/3/1232 1477/4/1233
f 1476/1/1230 1474/2/1229 1477/3/1233 1478/4/100
f 1478/1/100 1477/2/1233 1479/3/1234 84/4/98
f 1477/1/1233 1480/2/1232 1481/3/1235 1479/4/1234
f 1475/1/1231 1485/2/1236 1482/3/1237 1480/4/1232
f 1480/1/1232 1482/2/1237 1483/3/1238 1481/4/1235
f 1482/1/1237 1484/2/1239 1562/3/1240 1483/4/1238
f 1485/1/1236 1486/2/1241 1484/3/1239 1482/4/1237
f 1470/1/1225 1468/2/1224 1486/3/1241 1485/4/1236
f 1473/1/1226 1470/2/1225 1485/3/1236 1475/4/1231
f 1486/1/1241 1487/2/1242 1490/3/1243 1484/4/1239
f 1468/1/1224 1489/2/1223 1487/3/1242 1486/4/1241
f 1487/1/1242 1488/2/1244 1492/3/1245 1490/4/1243
f 1489/1/1223 1501/2/1246 1488/3/1244 1487/4/1242
f 1484/1/1239 1490/2/1243 1491/3/1247 1562/4/1240
f 1490/1/1243 1492/2/1245 1493/3/1248 1491/4/1247
f 1493/1/1248 1492/2/1245 1494/3/1249 1495/4/1250
f 1488/1/1244 1497/2/1251 1494/3/1249 1492/4/1245
f 1495/1/1250 1494/2/1249 1496/3/1252 1545/4/1253
f 1497/1/1251 1498/2/1254 1496/3/1252 1494/4/1249
f 1499/1/1255 1500/2/1256 1498/3/1254 1497/4/1251
f 1501/1/1246 1499/2/1255 1497/3/1251 1488/4/1244
f 1499/1/1255 1467/2/1222 1465/3/1221 1500/4/1256
f 1501/1/1246 1489/2/1223 1467/3/1222 1499/4/1255
f 1502/1/1257 1505/2/1258 1498/3/1254 1500/4/1256
f 1502/1/1257 1500/2/1256 1465/3/1221 1504/4/1220
f 1503/1/1259 1506/2/1260 1505/3/1258 1502/4/1257
f 1503/1/1259 1502/2/1257 1504/3/1220 1543/4/1261
f 1506/1/1260 1508/2/1262 1507/3/1263 1505/4/1258
f 1505/1/1258 1507/2/1263 1496/3/1252 1498/4/1254
f 1512/1/1264 1509/2/1265 1507/3/1263 1508/4/1262
f 1509/1/1265 1510/2/147 1496/3/1252 1507/4/1263
f 1511/1/1266 126/2/148 1510/3/147 1509/4/1265
f 1513/1/1267 1511/2/1266 1509/3/1265 1512/4/1264
f 1512/1/1264 1508/2/1262 1515/3/1268 1514/4/1269
f 1513/1/1267 1512/2/1264 1514/3/1269 1516/4/1270
f 1514/1/1269 1515/2/1268 1520/3/1271 1517/4/1272
f 1516/1/1270 1514/2/1269 1517/3/1272 1518/4/1273
f 1537/1/1274 1518/2/1273 1517/3/1272 1519/4/1275
f 1519/1/1275 1517/2/1272 1520/3/1271 1522/4/1276
f 1428/1/1180 1426/2/1178 1520/3/1271 1521/4/1277
f 1542/1/1278 1521/2/1277 1520/3/1271 1515/4/1268
f 1424/1/1177 1522/2/1276 1520/3/1271 1426/4/1178
f 1526/1/1279 1519/2/1275 1522/3/1276 1523/4/1280
f 1525/1/1172 1523/2/1280 1522/3/1276 1424/4/1177
f 1524/1/1281 1528/2/1282 1526/3/1279 1523/4/1280
f 1419/1/1169 1524/2/1281 1523/3/1280 1525/4/1172
f 1527/1/1283 1537/2/1274 1519/3/1275 1526/4/1279
f 1528/1/1282 1529/2/1284 1527/3/1283 1526/4/1279
f 1530/1/1285 1531/2/1286 1529/3/1284 1528/4/1282
f 1533/1/1287 1530/2/1285 1528/3/1282 1524/4/1281
f 1532/1/1288 1535/2/1289 1531/3/1286 1530/4/1285
f 1534/1/1290 1532/2/1288 1530/3/1285 1533/4/1287
f 1415/1/1167 1534/2/1290 1533/3/1287 1417/4/1168
f 1417/1/1168 1533/2/1287 1524/3/1281 1419/4/1169
f 1378/1/1144 1376/2/1143 1532/3/1288 1534/4/1290
f 1381/1/1145 1378/2/1144 1534/3/1290 1415/4/1167
f 1376/1/1143 1373/2/1142 1535/3/1289 1532/4/1288
f 1531/1/1286 1535/2/1289 617/3/617 615/4/615
f 1535/1/1289 1373/2/1142 1625/3/620 617/4/617
f 1529/1/1284 1531/2/1286 615/3/615 613/4/614
f 1527/1/1283 1529/2/1284 613/3/614 1536/4/616
f 1527/1/1283 1536/2/616 1538/3/1291 1537/4/1274
f 1537/1/1274 1538/2/1291 1539/3/1292 1518/4/1273
f 1536/1/616 609/2/609 607/3/608 1538/4/1291
f 1538/1/1291 607/2/608 130/3/150 1539/4/1292
f 1516/1/1270 1518/2/1273 1539/3/1292 1540/4/1293
f 1540/1/1293 1539/2/1292 130/3/150 128/4/149
f 1513/1/1267 1516/2/1270 1540/3/1293 1511/4/1266
f 1511/1/1266 1540/2/1293 128/3/149 126/4/148
f 1544/1/1183 1428/2/1180 1521/3/1277 1541/4/1294
f 1543/1/1261 1541/2/1294 1521/3/1277 1542/4/1278
f 1503/1/1259 1543/2/1261 1542/3/1278 1506/4/1260
f 1506/1/1260 1542/2/1278 1515/3/1268 1508/4/1262
f 1543/1/1261 1504/2/1220 1464/3/1217 1541/4/1294
f 1544/1/1183 1541/2/1294 1464/3/1217 1457/4/1211
f 123/1/144 1546/2/143 1496/3/1252 1510/4/147
f 1547/1/1295 1545/2/1253 1496/3/1252 1546/4/143
f 1549/1/1296 1547/2/1295 1546/3/143 122/4/142
f 1548/1/1297 1551/2/1298 1545/3/1253 1547/4/1295
f 1550/1/1299 1548/2/1297 1547/3/1295 1549/4/1296
f 1550/1/1299 1549/2/1296 111/3/128 109/4/126
f 1549/1/1296 122/2/142 113/3/129 111/4/128
f 1550/1/1299 109/2/126 1552/3/127 1548/4/1297
f 1548/1/1297 1552/2/127 1553/3/1300 1551/4/1298
f 1552/1/127 105/2/121 1555/3/104 1553/4/1300
f 1565/1/1301 1551/2/1298 1553/3/1300 1554/4/1302
f 1554/1/1302 1553/2/1300 1555/3/104 1556/4/1303
f 1558/1/1304 1556/2/1303 1555/3/104 89/4/101
f 1563/1/1305 1554/2/1302 1556/3/1303 1557/4/1306
f 1560/1/1307 1557/2/1306 1556/3/1303 1558/4/1304
f 1561/1/1308 1560/2/1307 1558/3/1304 1559/4/1309
f 1559/1/1309 1558/2/1304 89/3/101 87/4/99
f 1481/1/1235 1483/2/1238 1560/3/1307 1561/4/1308
f 1483/1/1238 1562/2/1240 1557/3/1306 1560/4/1307
f 1479/1/1234 1481/2/1235 1561/3/1308 1559/4/1309
f 84/1/98 1479/2/1234 1559/3/1309 87/4/99
f 1562/1/1240 1491/2/1247 1563/3/1305 1557/4/1306
f 1491/1/1247 1493/2/1248 1564/3/1310 1563/4/1305
f 1564/1/1310 1565/2/1301 1554/3/1302 1563/4/1305
f 1564/1/1310 1493/2/1248 1495/3/1250 1565/4/1301
f 1565/1/1301 1495/2/1250 1545/3/1253 1551/4/1298
f 1566/1/1311 1476/2/1230 1478/3/100 85/4/97
f 1567/1/1312 1472/2/1228 1476/3/1230 1566/4/1311
f 1569/1/1313 1567/2/1312 1566/3/1311 1568/4/91
f 1568/1/91 1566/2/1311 85/3/97 79/4/92
f 1569/1/1313 1568/2/91 78/3/89 1570/4/1314
f 1459/1/1213 1569/2/1313 1570/3/1314 1572/4/1207
f 1569/1/1313 1459/2/1213 1461/3/1214 1567/4/1312
f 1570/1/1314 78/2/89 76/3/88 1571/4/1315
f 1572/1/1207 1570/2/1314 1571/3/1315 1452/4/1205
f 1452/1/1205 1571/2/1315 1573/3/1316 1450/4/1203
f 1571/1/1315 76/2/88 74/3/86 1573/4/1316
f 1450/1/1203 1573/2/1316 1574/3/1317 1448/4/1201
f 1573/1/1316 74/2/86 1575/3/87 1574/4/1317
f 1448/1/1201 1574/2/1317 1575/3/87 1446/4/1199
f 1446/1/1199 1575/2/87 73/3/84 1576/4/1200
f 1567/1/1312 1461/2/1214 1463/3/1216 1472/4/1228
f 1576/1/1200 73/2/84 71/3/82 1577/4/1318
f 1445/1/1197 1576/2/1200 1577/3/1318 1578/4/1319
f 1578/1/1319 1577/2/1318 1579/3/1320 1580/4/1321
f 1577/1/1318 71/2/82 69/3/81 1579/4/1320
f 1580/1/1321 1579/2/1320 1581/3/1322 1583/4/1323
f 1579/1/1320 69/2/81 1582/3/80 1581/4/1322
f 1581/1/1322 1582/2/80 1623/3/1006 1079/4/1005
f 1583/1/1323 1581/2/1322 1079/3/1005 1081/4/1007
f 1584/1/1324 1583/2/1323 1081/3/1007 1083/4/1008
f 1586/1/1325 1580/2/1321 1583/3/1323 1584/4/1324
f 1587/1/1326 1586/2/1325 1584/3/1324 1585/4/1327
f 1585/1/1327 1584/2/1324 1083/3/1008 1085/4/1010
f 1589/1/1328 1588/2/1329 1586/3/1325 1587/4/1326
f 1588/1/1329 1578/2/1319 1580/3/1321 1586/4/1325
f 1443/1/1195 1445/2/1197 1578/3/1319 1588/4/1329
f 1441/1/1194 1443/2/1195 1588/3/1329 1589/4/1328
f 1589/1/1328 1403/2/627 1405/3/626 1441/4/1194
f 1587/1/1326 1401/2/1158 1403/3/627 1589/4/1328
f 1585/1/1327 1591/2/1330 1590/3/1331 1587/4/1326
f 1587/1/1326 1590/2/1331 1399/3/1156 1401/4/1158
f 1591/1/1330 1593/2/1332 1592/3/1333 1590/4/1331
f 1590/1/1331 1592/2/1333 1594/3/1157 1399/4/1156
f 1593/1/1332 1597/2/1334 1595/3/1335 1592/4/1333
f 1592/1/1333 1595/2/1335 1596/3/1336 1594/4/1157
f 1595/1/1335 1598/2/1337 1599/3/1338 1596/4/1336
f 1597/1/1334 1600/2/1339 1598/3/1337 1595/4/1335
f 1600/1/1339 1601/2/1025 1599/3/1338 1598/4/1337
f 1093/1/1020 1097/2/1022 1600/3/1339 1597/4/1334
f 1097/1/1022 1602/2/1026 1601/3/1025 1600/4/1339
f 1601/1/1025 1603/2/1030 1604/3/1340 1599/4/1338
f 1602/1/1026 1105/2/1034 1603/3/1030 1601/4/1025
f 1603/1/1030 1605/2/1341 1607/3/1342 1604/4/1340
f 1105/1/1034 1107/2/1034 1605/3/1341 1603/4/1030
f 1107/1/1034 1109/2/1036 1606/3/1035 1605/4/1341
f 1605/1/1341 1606/2/1035 1608/3/1343 1607/4/1342
f 1609/1/1344 1607/2/1342 1608/3/1343 1610/4/1345
f 1611/1/1346 1604/2/1340 1607/3/1342 1609/4/1344
f 1396/1/1152 1609/2/1344 1610/3/1345 1394/4/1151
f 1398/1/1154 1611/2/1346 1609/3/1344 1396/4/1152
f 1596/1/1336 1599/2/1338 1604/3/1340 1611/4/1346
f 1594/1/1157 1596/2/1336 1611/3/1346 1398/4/1154
f 1610/1/1345 1608/2/1343 1613/3/1347 1612/4/634
f 1394/1/1151 1610/2/1345 1612/3/634 1359/4/634
f 1612/1/634 1613/2/1347 1614/3/1138 1358/4/633
f 1615/1/1025 1616/2/1030 1614/3/1138 1613/4/1347
f 1606/1/1035 1615/2/1025 1613/3/1347 1608/4/1343
f 1617/1/1025 1618/2/1030 1616/3/1030 1615/4/1025
f 1109/1/1036 1617/2/1025 1615/3/1025 1606/4/1035
f 1110/1/1025 1117/2/1030 1618/3/1030 1617/4/1025
f 1618/1/1030 1122/2/1035 1619/3/1035 1616/4/1030
f 1616/1/1030 1619/2/1035 1621/3/1136 1614/4/1138
f 1619/1/1035 1620/2/1030 1622/3/1138 1621/4/1136
f 1122/1/1035 1124/2/1030 1620/3/1030 1619/4/1035
f 1358/1/633 1614/2/1138 1621/3/1136 1356/4/632
f 1356/1/632 1621/2/1136 1622/3/1138 1350/4/632
f 1622/1/1138 1620/2/1030 1344/3/1030 1346/4/1138
f 1620/1/1030 1124/2/1030 1126/3/1030 1344/4/1030
f 1091/1/1016 1093/2/1020 1597/3/1334 1593/4/1332
f 1087/1/1014 1091/2/1016 1593/3/1332 1591/4/1330
f 1085/1/1010 1087/2/1014 1591/3/1330 1585/4/1327
f 63/1/72 60/2/70 1623/3/1006 1582/4/80
f 60/1/70 58/2/67 1078/3/1003 1623/4/1006
f 1364/1/627 1366/2/627 1370/3/639 1379/4/626
f 1374/1/625 1371/2/626 639/3/626 1624/4/625
f 1625/1/620 1374/2/625 1624/3/625 618/4/621
f 1624/1/625 639/2/626 636/3/626 621/4/623
f 1341/1/1030 1626/2/1041 1627/3/1041 1339/4/1030
f 1127/1/1030 1129/2/1041 1626/3/1041 1341/4/1030
f 1628/1/1042 1626/2/1041 1129/3/1041 1131/4/1042
f 1629/1/1042 1627/2/1041 1626/3/1041 1628/4/1042
f 1630/1/1042 1628/2/1042 1131/3/1042 1632/4/1042
f 1631/1/1042 1629/2/1042 1628/3/1042 1630/4/1042
f 1636/1/1042 1631/2/1042 1630/3/1042 1633/4/1042
f 1633/1/1042 1630/2/1042 1632/3/1042 1635/4/1042
f 1255/1/711 1636/2/1042 1633/3/1042 1634/4/1045
f 1634/1/1045 1633/2/1042 1635/3/1042 1637/4/711
f 1254/1/1042 1261/2/1040 1631/3/1042 1636/4/1042
f 1637/1/711 1635/2/1042 1138/3/1042 1141/4/1045
f 1635/1/1042 1632/2/1042 1132/3/1044 1138/4/1042
f 1637/1/711 1638/2/712 1639/3/1047 1634/4/1045
f 1141/1/1045 1143/2/1047 1638/3/712 1637/4/711
f 1143/1/1047 1147/2/713 1640/3/713 1638/4/712
f 1638/1/712 1640/2/713 1642/3/1048 1639/4/1047
f 1147/1/713 1654/2/1050 1641/3/1050 1640/4/713
f 1640/1/713 1641/2/1050 1643/3/1050 1642/4/1048
f 1639/1/1047 1642/2/1048 1250/3/1048 1252/4/712
f 1642/1/1048 1643/2/1050 1248/3/1049 1250/4/1048
f 1643/1/1050 1644/2/717 1243/3/717 1248/4/1049
f 1641/1/1050 1645/2/717 1644/3/717 1643/4/1050
f 1645/1/717 1647/2/393 1242/3/393 1644/4/717
f 1646/1/717 1648/2/1348 1647/3/393 1645/4/717
f 1654/1/1050 1646/2/717 1645/3/717 1641/4/1050
f 1648/1/1348 1650/2/361 1649/3/390 1647/4/393
f 1647/1/393 1649/2/390 1240/3/361 1242/4/393
f 1650/1/361 1652/2/359 1651/3/359 1649/4/390
f 1649/1/390 1651/2/359 1238/3/357 1240/4/361
f 1651/1/359 1227/2/1080 1234/3/1082 1238/4/357
f 1652/1/359 1225/2/1080 1227/3/1080 1651/4/359
f 1194/1/357 1196/2/1067 1225/3/1080 1652/4/359
f 1192/1/361 1194/2/357 1652/3/359 1650/4/361
f 1653/1/393 1192/2/361 1650/3/361 1648/4/1348
f 1153/1/717 1653/2/393 1648/3/1348 1646/4/717
f 1146/1/1049 1153/2/717 1646/3/717 1654/4/1050
f 1634/1/1045 1639/2/1047 1252/3/712 1255/4/711
f 1261/1/1040 1264/2/1042 1629/3/1042 1631/4/1042
f 1264/1/1042 1267/2/1038 1627/3/1041 1629/4/1042
f 1269/1/1025 1339/2/1030 1627/3/1041 1267/4/1038
f 650/1/632 1337/2/1138 1333/3/1137 652/4/633
f 652/1/633 1333/2/1137 1331/3/1136 1655/4/634
f 1655/1/634 1331/2/1136 1329/3/1135 1656/4/632
f 653/1/634 1655/2/634 1656/3/632 1657/4/632
f 1657/1/632 1656/2/632 1658/3/1349 1659/4/1350
f 1656/1/632 1329/2/1135 1327/3/1134 1658/4/1349
f 1659/1/1350 1658/2/1349 1310/3/1121 1308/4/1120
f 1658/1/1349 1327/2/1134 1312/3/1122 1310/4/1121
f 656/1/635 1657/2/632 1659/3/1350 1660/4/637
f 1660/1/637 1659/2/1350 1308/3/1120 673/4/643
f 709/1/673 1297/2/1110 1295/3/1107 711/4/674
f 711/1/674 1295/2/1107 1292/3/1102 1661/4/677
f 1661/1/677 1292/2/1102 1288/3/700 729/4/695
f 1661/1/677 730/2/694 716/3/681 712/4/678
f 1285/1/1098 1282/2/1095 1263/3/1042 1260/4/1086
f 738/1/703 1285/2/1098 1260/3/1086 1258/4/706
f 1282/1/1095 1274/2/1088 1266/3/1087 1263/4/1042
f 796/1/374 794/2/757 1221/3/1078 1217/4/373
f 58/1/67 55/2/64 1076/3/999 1078/4/1003
f 1076/1/999 55/2/64 53/3/65 1073/4/1000
f 1071/1/995 1074/2/998 40/3/52 1664/4/54
f 1074/1/998 1662/2/1001 42/3/53 40/4/52
f 42/1/53 1662/2/1001 1663/3/62 44/4/55
f 1073/1/1000 53/2/65 1663/3/62 1662/4/1001
f 1064/1/988 1071/2/995 1664/3/54 1665/4/989
f 1665/1/989 1664/2/54 35/3/47 1666/4/49
f 1060/1/982 1665/2/989 1666/3/49 1667/4/981
f 1667/1/981 1666/2/49 36/3/44 1668/4/1351
f 1668/1/1351 1047/2/968 1059/3/970 1667/4/981
f 1669/1/1352 1045/2/361 1047/3/968 1668/4/1351
f 1668/1/1351 36/2/44 33/3/41 1669/4/1352
f 1669/1/1352 33/2/41 30/3/42 1035/4/964
f 1035/1/964 1037/2/357 1045/3/361 1669/4/1352
f 1034/1/43 31/2/40 1670/3/1353 1032/4/962
f 1032/1/962 1670/2/1353 1672/3/1354 1029/4/959
f 1670/1/1353 1671/2/34 1673/3/1355 1672/4/1354
f 31/1/40 24/2/33 1671/3/34 1670/4/1353
f 1672/1/1354 1673/2/1355 1019/3/951 1021/4/953
f 1029/1/959 1672/2/1354 1021/3/953 1023/4/954
f 1673/1/1355 1674/2/1356 1676/3/952 1019/4/951
f 1671/1/34 23/2/30 1674/3/1356 1673/4/1355
f 1677/1/1357 1676/2/952 1674/3/1356 1675/4/1358
f 1675/1/1358 1674/2/1356 23/3/30 21/4/28
f 1016/1/947 1018/2/949 1676/3/952 1677/4/1357
f 1014/1/945 1016/2/947 1677/3/1357 1678/4/1359
f 1678/1/1359 1677/2/1357 1675/3/1358 1680/4/1360
f 1712/1/946 1014/2/945 1678/3/1359 1679/4/1361
f 1679/1/1361 1678/2/1359 1680/3/1360 1681/4/1362
f 1681/1/1362 1680/2/1360 19/3/27 1683/4/29
f 1680/1/1360 1675/2/1358 21/3/28 19/4/27
f 1711/1/1363 1679/2/1361 1681/3/1362 1682/4/1364
f 1682/1/1364 1681/2/1362 1683/3/29 1684/4/1365
f 1684/1/1365 1683/2/29 15/3/21 1685/4/23
f 1685/1/23 1687/2/1366 1686/3/1367 1684/4/1365
f 1684/1/1365 1686/2/1367 1689/3/1368 1682/4/1364
f 1687/1/1366 1755/2/1369 1688/3/1370 1686/4/1367
f 1686/1/1367 1688/2/1370 1691/3/1371 1689/4/1368
f 1682/1/1364 1689/2/1368 1690/3/1372 1711/4/1363
f 1689/1/1368 1691/2/1371 1692/3/1373 1690/4/1372
f 1691/1/1371 1693/2/1374 1695/3/1375 1692/4/1373
f 1688/1/1370 1694/2/1376 1693/3/1374 1691/4/1371
f 1694/1/1376 1698/2/1377 1696/3/1378 1693/4/1374
f 1693/1/1374 1696/2/1378 1699/3/1379 1695/4/1375
f 1700/1/1380 1699/2/1379 1696/3/1378 1697/4/1381
f 1697/1/1381 1696/2/1378 1698/3/1377 1760/4/1382
f 1702/1/1383 1701/2/1384 1699/3/1379 1700/4/1380
f 1695/1/1375 1699/2/1379 1701/3/1384 1703/4/1385
f 1704/1/1386 1703/2/1385 1701/3/1384 1702/4/1383
f 1706/1/1387 1705/2/1388 1703/3/1385 1704/4/1386
f 1692/1/1373 1695/2/1375 1703/3/1385 1705/4/1388
f 1708/1/1389 1707/2/1390 1705/3/1388 1706/4/1387
f 1690/1/1372 1692/2/1373 1705/3/1388 1707/4/1390
f 1710/1/1391 1709/2/1392 1707/3/1390 1708/4/1389
f 1711/1/1363 1690/2/1372 1707/3/1390 1709/4/1392
f 1013/1/944 1712/2/946 1709/3/1392 1710/4/1391
f 1709/1/1392 1712/2/946 1679/3/1361 1711/4/1363
f 1713/1/1393 1710/2/1391 1708/3/1389 1715/4/1394
f 1011/1/940 1013/2/944 1710/3/1391 1713/4/1393
f 1007/1/937 1011/2/940 1713/3/1393 1714/4/1395
f 1714/1/1395 1713/2/1393 1715/3/1394 1717/4/1396
f 1715/1/1394 1708/2/1389 1706/3/1387 1716/4/1397
f 1717/1/1396 1715/2/1394 1716/3/1397 1719/4/1398
f 1922/1/1399 1714/2/1395 1717/3/1396 1718/4/913
f 1718/1/913 1717/2/1396 1719/3/1398 975/4/910
f 975/1/910 1719/2/1398 1720/3/1400 973/4/908
f 1719/1/1398 1716/2/1397 1722/3/1401 1720/4/1400
f 973/1/908 1720/2/1400 1721/3/1402 971/4/907
f 1720/1/1400 1722/2/1401 1723/3/1403 1721/4/1402
f 1716/1/1397 1706/2/1387 1704/3/1386 1722/4/1401
f 1722/1/1401 1704/2/1386 1702/3/1383 1723/4/1403
f 1721/1/1402 1723/2/1403 1724/3/1404 1725/4/1405
f 1723/1/1403 1702/2/1383 1700/3/1380 1724/4/1404
f 1725/1/1405 1724/2/1404 1726/3/1406 1728/4/1407
f 1724/1/1404 1700/2/1380 1697/3/1381 1726/4/1406
f 1726/1/1406 1697/2/1381 1760/3/1382 1727/4/1408
f 1728/1/1407 1726/2/1406 1727/3/1408 1729/4/1409
f 1730/1/1410 1728/2/1407 1729/3/1409 1731/4/1411
f 1732/1/906 1725/2/1405 1728/3/1407 1730/4/1410
f 1730/1/1410 965/2/901 967/3/861 1732/4/906
f 1731/1/1411 963/2/900 965/3/901 1730/4/1410
f 971/1/907 1721/2/1402 1725/3/1405 1732/4/906
f 1733/1/1412 1734/2/849 963/3/900 1731/4/1411
f 1731/1/1411 1729/2/1409 1736/3/1413 1733/4/1412
f 1735/1/1414 1784/2/1415 1734/3/849 1733/4/1412
f 1733/1/1412 1736/2/1413 1738/3/1416 1735/4/1414
f 1736/1/1413 1737/2/1417 1739/3/1418 1738/4/1416
f 1729/1/1409 1727/2/1408 1737/3/1417 1736/4/1413
f 1735/1/1414 1738/2/1416 1740/3/1419 1741/4/1420
f 1738/1/1416 1739/2/1418 1742/3/1421 1740/4/1419
f 1741/1/1420 1740/2/1419 1743/3/1422 1745/4/1423
f 1740/1/1419 1742/2/1421 1744/3/1424 1743/4/1422
f 1743/1/1422 1744/2/1424 1749/3/1425 1746/4/1426
f 1745/1/1423 1743/2/1422 1746/3/1426 1747/4/1427
f 1747/1/1427 1746/2/1426 1748/3/1428 1778/4/1429
f 1746/1/1426 1749/2/1425 1750/3/1430 1748/4/1428
f 1749/1/1425 1751/2/1431 1752/3/17 1750/4/1430
f 1744/1/1424 1753/2/1432 1751/3/1431 1749/4/1425
f 1751/1/1431 1685/2/23 10/3/15 1752/4/17
f 1753/1/1432 1687/2/1366 1685/3/23 1751/4/1431
f 1742/1/1421 1754/2/1433 1753/3/1432 1744/4/1424
f 1754/1/1433 1755/2/1369 1687/3/1366 1753/4/1432
f 1756/1/1434 1757/2/1435 1755/3/1369 1754/4/1433
f 1739/1/1418 1756/2/1434 1754/3/1433 1742/4/1421
f 1758/1/1436 1759/2/1437 1757/3/1435 1756/4/1434
f 1737/1/1417 1758/2/1436 1756/3/1434 1739/4/1418
f 1727/1/1408 1760/2/1382 1758/3/1436 1737/4/1417
f 1760/1/1382 1698/2/1377 1759/3/1437 1758/4/1436
f 1757/1/1435 1759/2/1437 1698/3/1377 1694/4/1376
f 1755/1/1369 1757/2/1435 1694/3/1376 1688/4/1370
f 1750/1/1430 1752/2/17 11/3/14 1761/4/1438
f 1748/1/1428 1750/2/1430 1761/3/1438 1762/4/1439
f 1762/1/1439 1761/2/1438 1763/3/1440 1765/4/1441
f 1761/1/1438 11/2/14 8/3/1 1763/4/1440
f 1763/1/1440 8/2/1 2/3/4 1764/4/1442
f 1765/1/1441 1763/2/1440 1764/3/1442 1766/4/1443
f 1768/1/1444 1762/2/1439 1765/3/1441 1767/4/1445
f 1767/1/1445 1765/2/1441 1766/3/1443 1769/4/1446
f 1767/1/1445 1770/2/1447 1773/3/182 1768/4/1444
f 1769/1/1446 1771/2/1448 1770/3/1447 1767/4/1445
f 1771/1/1448 1904/2/1449 1772/3/1450 1770/4/1447
f 1770/1/1447 1772/2/1450 1774/3/182 1773/4/182
f 1773/1/182 1774/2/182 1776/3/1451 1775/4/569
f 1768/1/1444 1773/2/182 1775/3/569 1778/4/1429
f 1775/1/569 1776/2/1451 1779/3/1452 1777/4/1453
f 1778/1/1429 1775/2/569 1777/3/1453 1747/4/1427
f 1778/1/1429 1748/2/1428 1762/3/1439 1768/4/1444
f 1777/1/1453 1779/2/1452 1781/3/201 1780/4/1454
f 1747/1/1427 1777/2/1453 1780/3/1454 1745/4/1423
f 1780/1/1454 1781/2/201 1783/3/1455 1782/4/1456
f 1745/1/1423 1780/2/1454 1782/3/1456 1741/4/1420
f 1782/1/1456 1783/2/1455 1785/3/1457 1784/4/1415
f 1741/1/1420 1782/2/1456 1784/3/1415 1735/4/1414
f 1784/1/1415 1785/2/1457 962/3/897 1734/4/849
f 1783/1/1455 1788/2/1458 1786/3/1459 1785/4/1457
f 1785/1/1457 1786/2/1459 960/3/896 962/4/897
f 1786/1/1459 1787/2/1460 958/3/895 960/4/896
f 1788/1/1458 1789/2/1461 1787/3/1460 1786/4/1459
f 1790/1/1462 1791/2/1463 1789/3/1461 1788/4/1458
f 1781/1/201 1790/2/1462 1788/3/1458 1783/4/1455
f 1792/1/186 1793/2/1464 1791/3/1463 1790/4/1462
f 1779/1/1452 1792/2/186 1790/3/1462 1781/4/201
f 1794/1/570 1795/2/189 1793/3/1464 1792/4/186
f 1776/1/1451 1794/2/570 1792/3/186 1779/4/1452
f 1796/1/1465 1798/2/181 1795/3/189 1794/4/570
f 1774/1/182 1796/2/1465 1794/3/570 1776/4/1451
f 1772/1/1450 1797/2/1466 1796/3/1465 1774/4/182
f 1797/1/1466 1800/2/540 1798/3/181 1796/4/1465
f 1800/1/540 1801/2/180 1799/3/193 1798/4/181
f 1798/1/181 1799/2/193 1817/3/1451 1795/4/189
f 1802/1/1467 1805/2/1468 1801/3/180 1800/4/540
f 1803/1/1469 1802/2/1467 1800/3/540 1797/4/1466
f 1901/1/1470 1804/2/1471 1802/3/1467 1803/4/1469
f 1804/1/1471 1806/2/1472 1805/3/1468 1802/4/1467
f 1806/1/1472 1808/2/1473 1807/3/1474 1805/4/1468
f 1805/1/1468 1807/2/1474 1810/3/1450 1801/4/180
f 1808/1/1473 1884/2/1475 1809/3/1476 1807/4/1474
f 1807/1/1474 1809/2/1476 1811/3/1477 1810/4/1450
f 1810/1/1450 1811/2/1477 1813/3/181 1812/4/182
f 1801/1/180 1810/2/1450 1812/3/182 1799/4/193
f 1812/1/182 1813/2/181 1815/3/184 1814/4/183
f 1799/1/193 1812/2/182 1814/3/183 1817/4/1451
f 1814/1/183 1815/2/184 1857/3/1478 1816/4/1478
f 1817/1/1451 1814/2/183 1816/3/1478 1818/4/191
f 1795/1/189 1817/2/1451 1818/3/191 1793/4/1464
f 1818/1/191 1816/2/1478 1820/3/572 1819/4/194
f 1793/1/1464 1818/2/191 1819/3/194 1791/4/1463
f 1819/1/194 1820/2/572 1823/3/1479 1821/4/199
f 1791/1/1463 1819/2/194 1821/3/199 1789/4/1461
f 1789/1/1461 1821/2/199 1822/3/209 1787/4/1460
f 1821/1/199 1823/2/1479 1825/3/211 1822/4/209
f 1823/1/1479 1824/2/1480 1826/3/214 1825/4/211
f 1820/1/572 1858/2/1481 1824/3/1480 1823/4/1479
f 1825/1/211 1826/2/214 937/3/213 939/4/210
f 1822/1/209 1825/2/211 939/3/210 1921/4/879
f 1826/1/214 1827/2/1482 934/3/876 937/4/213
f 1824/1/1480 1829/2/1483 1827/3/1482 1826/4/214
f 934/1/876 1827/2/1482 1828/3/855 1919/4/854
f 1827/1/1482 1829/2/1483 1831/3/1484 1828/4/855
f 1858/1/1481 1830/2/1485 1829/3/1483 1824/4/1480
f 1829/1/1483 1830/2/1485 1832/3/1486 1831/4/1484
f 1831/1/1484 1832/2/1486 1834/3/1487 1833/4/1488
f 1828/1/855 1831/2/1484 1833/3/1488 1835/4/1489
f 1833/1/1488 1834/2/1487 1839/3/1486 1836/4/1488
f 1835/1/1489 1833/2/1488 1836/3/1488 1837/4/855
f 1837/1/855 1836/2/1488 1838/3/1490 907/4/852
f 1836/1/1488 1839/2/1486 1841/3/1491 1838/4/1490
f 1834/1/1487 1853/2/1492 1840/3/1492 1839/4/1486
f 1839/1/1486 1840/2/1492 1842/3/1493 1841/4/1491
f 1843/1/1494 1841/2/1491 1842/3/1493 1844/4/187
f 1845/1/1456 1838/2/1490 1841/3/1491 1843/4/1494
f 180/1/201 1843/2/1494 1844/3/187 168/4/186
f 182/1/200 1845/2/1456 1843/3/1494 180/4/201
f 905/1/850 907/2/852 1838/3/1490 1845/4/1456
f 184/1/203 905/2/850 1845/3/1456 182/4/200
f 1844/1/187 1842/2/1493 1846/3/1495 167/4/185
f 1840/1/1492 1848/2/569 1846/3/1495 1842/4/1493
f 167/1/185 1846/2/1495 1847/3/193 165/4/182
f 1848/1/569 1849/2/182 1847/3/193 1846/4/1495
f 1850/1/569 1851/2/181 1849/3/182 1848/4/569
f 1853/1/1492 1850/2/569 1848/3/569 1840/4/1492
f 1852/1/569 1861/2/193 1851/3/181 1850/4/569
f 1854/1/1492 1852/2/569 1850/3/569 1853/4/1492
f 1832/1/1486 1854/2/1492 1853/3/1492 1834/4/1487
f 1830/1/1485 1855/2/1496 1854/3/1492 1832/4/1486
f 1855/1/1496 1856/2/569 1852/3/569 1854/4/1492
f 1815/1/184 1856/2/569 1855/3/1496 1857/4/1478
f 1857/1/1478 1855/2/1496 1830/3/1485 1858/4/1481
f 1816/1/1478 1857/2/1478 1858/3/1481 1820/4/572
f 1813/1/181 1859/2/182 1856/3/569 1815/4/184
f 1856/1/569 1859/2/182 1861/3/193 1852/4/569
f 1811/1/1477 1860/2/1497 1859/3/182 1813/4/181
f 1859/1/182 1860/2/1497 1862/3/1498 1861/4/193
f 1861/1/193 1862/2/1498 1864/3/1498 1851/4/181
f 1860/1/1497 1916/2/1499 1863/3/1500 1862/4/1498
f 1862/1/1498 1863/2/1500 1865/3/1501 1864/4/1498
f 1864/1/1498 1865/2/1501 1867/3/1502 1866/4/1497
f 1851/1/181 1864/2/1498 1866/3/1497 1849/4/182
f 1866/1/1497 1867/2/1502 1869/3/1503 1868/4/1498
f 1849/1/182 1866/2/1497 1868/3/1498 1847/4/193
f 162/1/180 1868/2/1498 1869/3/1503 159/4/176
f 165/1/182 1847/2/193 1868/3/1498 162/4/180
f 159/1/176 1869/2/1503 1870/3/1504 155/4/174
f 1867/1/1502 1872/2/1505 1870/3/1504 1869/4/1503
f 155/1/174 1870/2/1504 1871/3/1506 153/4/171
f 1872/1/1505 1873/2/1507 1871/3/1506 1870/4/1504
f 1874/1/1508 1876/2/1509 1873/3/1507 1872/4/1505
f 1865/1/1501 1874/2/1508 1872/3/1505 1867/4/1502
f 1863/1/1500 1875/2/1510 1874/3/1508 1865/4/1501
f 1875/1/1510 1878/2/1511 1876/3/1509 1874/4/1508
f 1876/1/1509 1877/2/163 140/3/164 1873/4/1507
f 1878/1/1511 1879/2/1512 1877/3/163 1876/4/1509
f 1880/1/1513 1881/2/1514 1879/3/1512 1878/4/1511
f 1882/1/1515 1880/2/1513 1878/3/1511 1875/4/1510
f 1886/1/1516 1881/2/1514 1880/3/1513 1883/4/1517
f 1883/1/1517 1880/2/1513 1882/3/1515 1884/4/1475
f 1885/1/1518 1883/2/1517 1884/3/1475 1808/4/1473
f 1888/1/1519 1886/2/1516 1883/3/1517 1885/4/1518
f 1887/1/1520 1915/2/154 1881/3/1514 1886/4/1516
f 1890/1/1521 1887/2/1520 1886/3/1516 1888/4/1519
f 1891/1/1522 1890/2/1521 1888/3/1519 1889/4/1523
f 1889/1/1523 1888/2/1519 1885/3/1518 1899/4/1524
f 1891/1/1522 1892/2/134 115/3/135 1890/4/1521
f 1887/1/1520 1890/2/1521 115/3/135 117/4/136
f 1893/1/1525 1894/2/1526 1892/3/134 1891/4/1522
f 1893/1/1525 1891/2/1522 1889/3/1523 1895/4/1527
f 1894/1/1526 1893/2/1525 1895/3/1527 1896/4/1528
f 1896/1/1528 1895/2/1527 1897/3/1529 1898/4/1530
f 1895/1/1527 1889/2/1523 1899/3/1524 1897/4/1529
f 1898/1/1530 1897/2/1529 1804/3/1471 1901/4/1470
f 1897/1/1529 1899/2/1524 1806/3/1472 1804/4/1471
f 1899/1/1524 1885/2/1518 1808/3/1473 1806/4/1472
f 1910/1/1531 1896/2/1528 1898/3/1530 1900/4/1532
f 1900/1/1532 1898/2/1530 1901/3/1470 1902/4/1533
f 1902/1/1533 1901/2/1470 1803/3/1469 1904/4/1449
f 1906/1/1534 1900/2/1532 1902/3/1533 1903/4/1535
f 1903/1/1535 1902/2/1533 1904/3/1449 1771/4/1448
f 1904/1/1449 1803/2/1469 1797/3/1466 1772/4/1450
f 1908/1/116 1906/2/1534 1903/3/1535 1905/4/1536
f 1905/1/1536 1903/2/1535 1771/3/1448 1769/4/1446
f 1907/1/1537 1910/2/1531 1900/3/1532 1906/4/1534
f 101/1/117 1907/2/1537 1906/3/1534 1908/4/116
f 1905/1/1536 1912/2/1538 100/3/113 1908/4/116
f 1909/1/124 1911/2/1539 1910/3/1531 1907/4/1537
f 103/1/118 1909/2/124 1907/3/1537 101/4/117
f 1911/1/1539 1894/2/1526 1896/3/1528 1910/4/1531
f 1909/1/124 107/2/123 114/3/131 1911/4/1539
f 1894/1/1526 1911/2/1539 114/3/131 1892/4/134
f 1769/1/1446 1766/2/1443 1912/3/1538 1905/4/1536
f 1912/1/1538 1913/2/1540 98/3/112 100/4/113
f 1766/1/1443 1764/2/1442 1913/3/1540 1912/4/1538
f 1913/1/1540 1914/2/6 94/3/110 98/4/112
f 1764/1/1442 2/2/4 1914/3/6 1913/4/1540
f 1915/1/154 1887/2/1520 117/3/136 132/4/137
f 1881/1/1514 1915/2/154 133/3/155 1879/4/1512
f 1884/1/1475 1882/2/1515 1916/3/1499 1809/4/1476
f 1916/1/1499 1882/2/1515 1875/3/1510 1863/4/1500
f 1809/1/1476 1916/2/1499 1860/3/1497 1811/4/1477
f 1879/1/1512 133/2/155 135/3/156 1877/4/163
f 1873/1/1507 140/2/164 142/3/165 1871/4/1506
f 153/1/171 1871/2/1506 142/3/165 144/4/166
f 1917/1/854 1835/2/1489 1837/3/855 908/4/854
f 1919/1/854 1828/2/855 1835/3/1489 1917/4/854
f 1918/1/1541 1917/2/854 908/3/854 910/4/856
f 935/1/856 1919/2/854 1917/3/854 1918/4/1541
f 1920/1/871 1918/2/1541 910/3/856 912/4/857
f 928/1/870 935/2/856 1918/3/1541 1920/4/871
f 924/1/859 1920/2/871 912/3/857 922/4/859
f 1787/1/1460 1822/2/209 1921/3/879 958/4/895
f 1718/1/913 976/2/912 1923/3/1542 1922/4/1399
f 1005/1/935 1007/2/937 1714/3/1395 1922/4/1399
f 1922/1/1399 1923/2/1542 1003/3/934 1005/4/935
f 976/1/912 978/2/914 1924/3/1543 1923/4/1542
f 1923/1/1542 1924/2/1543 1925/3/925 1003/4/934
f 978/1/914 980/2/915 988/3/920 1924/4/1543
f 1924/1/1543 988/2/920 990/3/922 1925/4/925
f 946/1/302 926/2/868 816/3/778 1926/4/777
f 789/1/750 811/2/772 823/3/772 787/4/748
f 349/1/380 767/2/389 769/3/731 346/4/381
f 725/1/690 750/2/720 752/3/395 364/4/394
f 727/1/691 1928/2/699 750/3/720 725/4/690
f 730/1/694 723/2/687 718/3/682 716/4/681
f 701/1/668 1929/2/468 436/3/469 1930/4/473
f 445/1/478 702/2/488 1930/3/473 439/4/472
f 468/1/505 689/2/660 694/3/661 466/4/501
f 376/1/406 378/2/408 426/3/457 428/4/458
f 378/1/408 381/2/409 424/3/455 426/4/457
f 384/1/412 416/2/447 424/3/455 381/4/409
f 382/1/411 379/2/344 310/3/343 389/4/420
o head.002
v 0.906160 0.929866 0.213326
v 0.970495 0.959670 0.205031
v 0.899053 0.864511 0.243167
v 0.856103 0.950411 0.168772
v 0.819657 0.866016 0.195859
v 0.925226 1.007899 0.138278
v 0.800717 0.960727 0.094022
v 0.757139 0.869753 0.118124
v 0.763868 0.950411 0.009024
v 0.871301 1.023905 0.055089
v 0.826311 1.007899 -0.033042
v 0.960172 1.062340 0.006668
v 1.055996 1.083215 -0.044341
v 1.015782 1.043815 0.099873
v 0.907292 1.043815 -0.088043
v 0.999751 1.063894 -0.142142
v 0.863683 0.988044 -0.166698
v 0.953177 1.005915 -0.223210
v 0.834345 0.897953 -0.214392
v 0.791247 0.959670 -0.105436
v 0.761734 0.878745 -0.144891
v 0.750703 0.929866 -0.055938
v 0.720918 0.864511 -0.065371
v 0.705957 0.771206 -0.070109
v 0.721359 0.866016 0.025602
v 0.705353 0.766176 0.028425
v 0.721359 0.669419 0.025602
v 0.742551 0.764490 0.126195
v 0.757139 0.662598 0.118124
v 0.808931 0.766176 0.207829
v 0.895477 0.771206 0.258153
v 0.819657 0.669419 0.195859
v 0.899053 0.680046 0.243167
v 0.856103 0.594141 0.168772
v 0.906160 0.618952 0.213326
v 0.925226 0.551782 0.138278
v 0.800717 0.581685 0.094022
v 0.871301 0.534744 0.055089
v 0.763868 0.594141 0.009024
v 0.826311 0.551782 -0.033042
v 0.750703 0.618952 -0.055938
v 0.791247 0.601186 -0.105436
v 0.720918 0.680046 -0.065371
v 0.761734 0.680929 -0.144891
v 0.749006 0.779321 -0.156730
v 0.834345 0.681022 -0.214392
v 0.863683 0.591249 -0.166698
v 0.823637 0.789332 -0.229820
v 0.923982 0.686986 -0.273379
v 0.953177 0.593581 -0.223210
v 1.010708 0.695138 -0.319388
v 0.914138 0.799705 -0.290044
v 0.923982 0.912467 -0.273379
v 1.000977 0.808491 -0.336246
v 1.010708 0.921844 -0.319388
v 1.071082 0.814125 -0.367561
v 1.080794 0.927478 -0.350672
v 1.080794 0.700772 -0.350672
v 1.141050 0.817016 -0.386172
v 1.150508 0.703663 -0.369215
v 1.234890 0.818079 -0.395039
v 1.150508 0.930369 -0.369215
v 1.243632 0.931433 -0.377964
v 1.178875 1.024290 -0.318349
v 1.269855 1.025353 -0.326738
v 1.224586 1.082587 -0.236399
v 1.109921 1.021399 -0.299999
v 1.039909 1.015771 -0.268815
v 1.156850 1.079695 -0.218359
v 1.086951 1.074067 -0.187330
v 1.213486 1.099127 -0.119831
v 1.143724 1.093500 -0.088988
v 1.270122 1.079695 -0.021308
v 1.279755 1.102019 -0.137497
v 1.334917 1.082587 -0.038589
v 1.363086 1.103082 -0.144604
v 1.414075 1.083650 -0.045000
v 1.312102 1.083650 -0.244209
v 1.484056 1.103237 -0.143796
v 1.441324 1.083805 -0.244551
v 1.526788 1.083805 -0.043047
v 1.657378 1.103237 -0.137491
v 1.627891 1.083805 -0.239924
v 1.686859 1.083805 -0.035057
v 1.874340 1.103237 -0.127224
v 1.862196 1.083805 -0.231766
v 1.886491 1.083805 -0.022676
v 2.120410 1.103237 -0.114315
v 2.128326 1.083805 -0.221257
v 2.112494 1.083805 -0.007367
v 2.381024 1.103237 -0.100082
v 2.410362 1.083805 -0.209573
v 2.351686 1.083805 0.009410
v 2.381024 0.960733 -0.100082
v 2.415673 0.952096 -0.229384
v 2.346382 0.952096 0.029221
v 2.381024 0.818229 -0.100082
v 2.417911 0.818229 -0.237729
v 2.381024 0.675731 -0.100082
v 2.344143 0.818229 0.037566
v 2.307263 0.818229 0.175214
v 2.346382 0.684368 0.029221
v 2.351686 0.552658 0.009410
v 2.312294 0.704876 0.156441
v 2.327379 0.610955 0.100135
v 2.101867 0.704876 0.136250
v 1.902801 0.704876 0.117714
v 2.105934 0.610955 0.081250
v 2.100511 0.818229 0.154582
v 1.904878 0.818229 0.135635
v 2.101867 0.931588 0.136250
v 1.902801 0.931588 0.117714
v 2.312294 0.931588 0.156441
v 2.105934 1.025509 0.081250
v 2.327379 1.025509 0.100135
v 1.896552 1.025509 0.063944
v 1.711284 1.025509 0.049816
v 1.726451 0.931588 0.102498
v 1.562195 1.025509 0.040439
v 1.584170 0.931588 0.092250
v 1.456322 1.025353 0.037529
v 1.482545 0.931433 0.088755
v 1.380628 1.024290 0.043362
v 1.408995 0.930369 0.094227
v 1.317052 1.021399 0.060331
v 1.247544 1.015771 0.090838
v 1.346178 0.927478 0.111004
v 1.276738 0.921844 0.141411
v 1.355891 0.814125 0.127893
v 1.286471 0.808491 0.158276
v 1.346178 0.700772 0.111004
v 1.418453 0.817016 0.111184
v 1.491282 0.818079 0.105831
v 1.408995 0.703663 0.094227
v 1.482545 0.704727 0.088755
v 1.380628 0.609736 0.043362
v 1.456322 0.610806 0.037529
v 1.334917 0.551440 -0.038589
v 1.317052 0.606845 0.060331
v 1.247544 0.601217 0.090838
v 1.270122 0.548548 -0.021308
v 1.200503 0.542921 0.009354
v 1.213486 0.529116 -0.119831
v 1.143724 0.523489 -0.088988
v 1.156850 0.548548 -0.218359
v 1.279755 0.532008 -0.137497
v 1.224586 0.551440 -0.236399
v 1.363086 0.533077 -0.144604
v 1.312102 0.552509 -0.244209
v 1.484056 0.533226 -0.143796
v 1.414075 0.552509 -0.045000
v 1.526788 0.552658 -0.043047
v 1.562195 0.610955 0.040439
v 1.686859 0.552658 -0.035057
v 1.711284 0.610955 0.049816
v 1.886491 0.552658 -0.022676
v 1.657378 0.533226 -0.137491
v 1.627891 0.552658 -0.239924
v 1.874340 0.533226 -0.127224
v 1.862196 0.552658 -0.231766
v 2.120410 0.533226 -0.114315
v 2.381024 0.533226 -0.100082
v 2.128326 0.552658 -0.221257
v 2.112494 0.552658 -0.007367
v 2.134880 0.610955 -0.309874
v 2.410362 0.552658 -0.209573
v 2.434676 0.610955 -0.300298
v 2.415673 0.684368 -0.229384
v 2.449761 0.704876 -0.356604
v 2.138953 0.704876 -0.364875
v 2.454792 0.818229 -0.375377
v 2.449761 0.931588 -0.356604
v 2.140308 0.818229 -0.383206
v 2.138953 0.931588 -0.364875
v 1.843802 0.818229 -0.390083
v 1.845885 0.931588 -0.372156
v 1.583250 0.818229 -0.395039
v 1.845885 0.704876 -0.372156
v 1.588299 0.704876 -0.377479
v 1.852134 0.610955 -0.318393
v 1.603466 0.610955 -0.324798
v 1.405917 0.610955 -0.328031
v 1.269855 0.610806 -0.326738
v 1.441324 0.552658 -0.244551
v 1.383942 0.704876 -0.379848
v 1.243632 0.704726 -0.377964
v 1.376616 0.818229 -0.397123
v 1.383942 0.931588 -0.379848
v 1.588299 0.931588 -0.377479
v 1.405917 1.025509 -0.328031
v 1.603466 1.025509 -0.324798
v 1.852134 1.025509 -0.318393
v 2.134880 1.025509 -0.309874
v 2.434676 1.025509 -0.300298
v 1.178875 0.609736 -0.318349
v 1.109921 0.606845 -0.299999
v 1.039909 0.601217 -0.268815
v 1.086951 0.542921 -0.187330
v 0.999751 0.535558 -0.142142
v 0.907292 0.535160 -0.088043
v 1.055996 0.516201 -0.044341
v 0.960172 0.516319 0.006668
v 1.112576 0.535558 0.053280
v 1.159493 0.593581 0.134155
v 1.015782 0.535160 0.099873
v 1.062127 0.591249 0.177017
v 0.970495 0.601186 0.205031
v 1.088729 0.681022 0.226223
v 1.096707 0.789332 0.243161
v 0.989802 0.680929 0.250132
v 1.188346 0.686986 0.184517
v 1.276738 0.695138 0.141411
v 1.197847 0.799705 0.201368
v 1.188346 0.912467 0.184517
v 1.159493 1.005915 0.134155
v 1.088729 0.897953 0.226223
v 1.062127 0.988044 0.177017
v 0.989802 0.878745 0.250132
v 0.993595 0.779321 0.266909
v 1.112576 1.063894 0.053280
v 1.200503 1.074067 0.009354
v 1.896552 0.610955 0.063944
v 1.726451 0.704876 0.102498
v 1.584170 0.704876 0.092250
v 1.731500 0.818229 0.120058
v 1.591496 0.818229 0.109524
vn -0.0739 0.6305 0.7727
vn -0.3134 0.8569 0.4093
vn -0.5902 0.6402 0.4918
vn -0.2908 0.5364 0.7923
vn 0.0327 0.3204 0.9467
vn -0.4470 0.2682 0.8534
vn -0.6970 0.3129 0.6452
vn -0.8202 0.3223 0.4727
vn -0.6600 0.6479 0.3803
vn -0.3669 0.8641 0.3444
vn -0.9346 0.3084 0.1775
vn -0.7766 0.6208 0.1078
vn -0.5626 0.8255 -0.0451
vn -0.1606 0.9845 0.0709
vn -0.3500 0.9334 -0.0784
vn -0.0689 0.8973 0.4360
vn -0.1274 0.9892 0.0722
vn -0.4571 0.8786 -0.1384
vn 0.0388 0.9236 0.3814
vn -0.4331 0.7035 -0.5635
vn -0.5446 0.6868 -0.4815
vn -0.6905 0.6375 -0.3417
vn -0.5110 0.3550 -0.7828
vn -0.6252 0.3500 -0.6976
vn -0.7841 0.3247 -0.5290
vn -0.9327 0.2982 -0.2028
vn -0.8253 0.5423 -0.1575
vn -0.9723 -0.0038 -0.2336
vn -0.9842 -0.0042 0.1768
vn -0.8081 -0.0019 -0.5890
vn -0.8664 -0.0042 0.4993
vn -0.9298 -0.3334 0.1562
vn -0.8113 -0.3512 0.4674
vn -0.9177 -0.3170 -0.2395
vn -0.6264 -0.2158 0.7490
vn -0.6495 -0.0041 0.7603
vn -0.2950 0.2413 0.9245
vn -0.4351 -0.2923 0.8516
vn -0.2955 -0.6206 0.7263
vn -0.2180 -0.5789 0.7858
vn -0.6042 -0.7169 0.3479
vn -0.0134 -0.9183 0.3957
vn 0.0322 -0.6654 0.7458
vn -0.3626 -0.9299 0.0619
vn -0.4520 -0.8823 -0.1312
vn -0.7303 -0.6811 0.0530
vn -0.6109 -0.6709 -0.4203
vn -0.7814 -0.5846 -0.2182
vn -0.7479 -0.3371 -0.5718
vn -0.5733 -0.3551 -0.7383
vn -0.4406 -0.7033 -0.5579
vn -0.6303 -0.0004 -0.7764
vn -0.4553 -0.3550 -0.8165
vn -0.3229 -0.7060 -0.6303
vn -0.5128 0.0003 -0.8585
vn -0.3858 -0.3517 -0.8529
vn -0.2627 -0.7013 -0.6627
vn -0.4393 0.0010 -0.8983
vn -0.4366 0.3550 -0.8267
vn -0.3351 0.0021 -0.9422
vn -0.3320 0.3508 -0.8756
vn -0.2958 -0.3443 -0.8910
vn -0.1789 0.0017 -0.9839
vn -0.1766 0.3389 -0.9241
vn -0.1593 -0.3335 -0.9292
vn -0.0496 -0.3241 -0.9447
vn -0.0557 0.0006 -0.9984
vn -0.0540 0.3260 -0.9438
vn -0.1447 0.6874 -0.7117
vn -0.0422 0.6725 -0.7389
vn -0.2743 0.7011 -0.6582
vn -0.0861 0.9274 -0.3641
vn -0.0227 0.9216 -0.3874
vn -0.1678 0.9322 -0.3207
vn -0.3628 0.7062 -0.6080
vn -0.1766 0.9651 -0.1933
vn 0.0191 0.9992 0.0345
vn 0.1223 0.9921 -0.0266
vn 0.1648 0.9862 -0.0138
vn 0.0771 0.9305 0.3581
vn 0.0680 0.9322 0.3555
vn 0.0392 0.9295 0.3668
vn -0.0955 0.9792 -0.1788
vn 0.0070 0.9233 0.3839
vn -0.0475 0.9962 0.0725
vn -0.0140 0.9200 0.3916
vn 0.0123 0.9522 -0.3053
vn 0.0446 0.9599 -0.2769
vn 0.0544 0.9931 -0.1036
vn -0.0227 0.9212 0.3884
vn 0.0133 0.9251 -0.3794
vn 0.1926 0.9812 0.0103
vn -0.0259 0.9246 0.3801
vn 0.0142 0.9286 -0.3708
vn 0.0126 0.9821 -0.1878
vn -0.0268 0.9288 0.3696
vn 0.0151 0.9205 -0.3903
vn 0.1830 0.9810 -0.0639
vn -0.0251 0.9388 0.3436
vn 0.9659 -0.0000 0.2588
vn -0.0879 -0.3512 0.9322
vn -0.0871 -0.3392 0.9367
vn -0.0607 -0.6896 0.7217
vn -0.0597 -0.7084 0.7033
vn -0.0974 -0.0000 0.9952
vn -0.0960 -0.0000 0.9954
vn -0.0912 -0.0000 0.9958
vn -0.0830 -0.3289 0.9407
vn -0.0583 -0.6779 0.7329
vn -0.0871 0.3392 0.9367
vn -0.0830 0.3289 0.9407
vn -0.0879 0.3512 0.9322
vn -0.0607 0.6896 0.7216
vn -0.0583 0.6779 0.7329
vn -0.0597 0.7084 0.7033
vn -0.0516 0.6684 0.7420
vn -0.0736 0.3207 0.9443
vn -0.0341 0.6645 0.7465
vn -0.0502 0.3172 0.9470
vn 0.0131 0.6728 0.7397
vn 0.0148 0.3238 0.9460
vn 0.1010 0.6919 0.7149
vn 0.1440 0.3410 0.9290
vn 0.1946 0.7044 0.6826
vn 0.2878 0.3533 0.8901
vn 0.2422 0.7048 0.6668
vn 0.3648 0.3547 0.8609
vn 0.4190 0.0006 0.9080
vn 0.3289 0.0014 0.9444
vn 0.1632 0.0014 0.9866
vn 0.4176 -0.3553 0.8363
vn 0.3277 -0.3531 0.8763
vn 0.1635 -0.3405 0.9259
vn 0.0165 0.0006 0.9999
vn 0.0196 -0.3234 0.9461
vn 0.1391 -0.6966 0.7039
vn 0.0228 -0.6741 0.7383
vn 0.2719 -0.7100 0.6496
vn -0.0112 -0.9854 0.1699
vn -0.1957 -0.9017 0.3855
vn 0.0681 -0.9886 0.1339
vn 0.3456 -0.7091 0.6146
vn 0.3164 -0.9065 0.2796
vn 0.0182 -0.9928 -0.1187
vn 0.0497 -0.9981 -0.0377
vn 0.0264 -0.9993 -0.0252
vn -0.0945 -0.9297 -0.3561
vn -0.0734 -0.9251 -0.3726
vn -0.0402 -0.9208 -0.3880
vn 0.0083 -0.9999 -0.0096
vn -0.0103 -0.9193 -0.3935
vn 0.0107 -0.9966 0.0814
vn 0.0047 -0.9200 -0.3918
vn -0.0667 -0.8842 0.4623
vn -0.0333 -0.6646 0.7465
vn -0.0516 -0.6684 0.7420
vn -0.0227 -0.9212 0.3884
vn 0.1975 -0.9803 0.0095
vn -0.0259 -0.9246 0.3801
vn 0.1926 -0.9812 0.0103
vn 0.0109 -0.9221 -0.3868
vn 0.0133 -0.9251 -0.3794
vn -0.0152 -0.9822 0.1873
vn 0.0142 -0.9286 -0.3708
vn -0.0268 -0.9288 0.3696
vn -0.0251 -0.9388 0.3436
vn 0.1830 -0.9810 -0.0639
vn 0.0151 -0.9205 -0.3903
vn 0.0206 -0.6799 -0.7330
vn 0.0226 -0.6891 -0.7243
vn 0.0233 -0.6764 -0.7362
vn 0.0257 -0.3334 -0.9425
vn 0.0249 -0.3389 -0.9405
vn 0.0249 -0.0000 -0.9997
vn 0.0257 -0.0000 -0.9997
vn 0.0249 0.3388 -0.9405
vn 0.0257 0.3333 -0.9425
vn 0.0219 -0.0000 -0.9998
vn 0.0221 0.3312 -0.9433
vn 0.0221 -0.3312 -0.9433
vn 0.0152 -0.0000 -0.9999
vn 0.0158 0.3250 -0.9456
vn 0.0158 -0.3250 -0.9456
vn 0.0157 -0.6722 -0.7402
vn 0.0029 -0.6678 -0.7443
vn -0.0006 -0.3218 -0.9468
vn -0.0331 -0.6694 -0.7421
vn -0.0021 0.0001 -1.0000
vn -0.0009 0.3220 -0.9468
vn 0.0021 0.6681 -0.7440
vn 0.0157 0.6722 -0.7402
vn 0.0206 0.6799 -0.7330
vn 0.0226 0.6891 -0.7243
vn 0.0233 0.6764 -0.7362
vn -0.1102 -0.6787 -0.7261
vn -0.2030 -0.6914 -0.6933
vn -0.1404 -0.9335 -0.3301
vn -0.1291 -0.9894 0.0663
vn -0.2559 -0.9299 -0.2643
vn -0.1724 -0.9781 -0.1167
vn 0.1882 -0.9350 0.3007
vn 0.0821 -0.9284 0.3624
vn 0.3307 -0.7078 0.6243
vn 0.2253 -0.7009 0.6767
vn 0.3028 -0.3532 0.8852
vn 0.0868 -0.3333 0.9388
vn 0.4080 -0.3554 0.8409
vn 0.4096 -0.0000 0.9123
vn 0.3037 -0.0006 0.9528
vn 0.0702 -0.0020 0.9975
vn 0.3490 0.3531 0.8681
vn 0.2414 0.3465 0.9064
vn 0.2155 0.6996 0.6812
vn 0.1073 0.6809 0.7245
vn -0.0736 -0.3207 0.9443
vn -0.0498 -0.3171 0.9471
vn -0.0808 -0.0000 0.9967
vn -0.0554 0.0001 0.9985
vt 0.747385 0.345675
vt 0.722006 0.345675
vt 0.722006 0.364299
vt 0.747385 0.364299
vt 0.557918 0.345366
vt 0.526576 0.345366
vt 0.526576 0.364786
vt 0.557918 0.364786
vt 0.608396 0.397853
vt 0.635723 0.397855
vt 0.635723 0.369132
vt 0.608396 0.369132
vt 0.581070 0.397853
vt 0.581070 0.369132
vt 0.708260 0.345675
vt 0.708260 0.364299
vt 0.553742 0.397853
vt 0.553742 0.369132
vt 0.688714 0.345675
vt 0.688714 0.364299
vt 0.708260 0.324488
vt 0.688714 0.324488
vt 0.722006 0.324488
vt 0.708260 0.303637
vt 0.688714 0.303637
vt 0.722006 0.303637
vt 0.640083 0.303637
vt 0.640083 0.324488
vt 0.640083 0.345675
vt 0.861457 0.303708
vt 0.822048 0.303708
vt 0.821878 0.324663
vt 0.861457 0.324663
vt 0.821696 0.345822
vt 0.861457 0.345822
vt 0.821512 0.364917
vt 0.861457 0.364917
vt 0.640083 0.364299
vt 0.526415 0.397855
vt 0.526415 0.369132
vt 0.526415 0.426576
vt 0.553742 0.426576
vt 0.805146 0.345822
vt 0.804967 0.364917
vt 0.581070 0.426576
vt 0.553742 0.455299
vt 0.581070 0.455299
vt 0.526415 0.455299
vt 0.608396 0.455299
vt 0.608396 0.426576
vt 0.635723 0.426576
vt 0.635723 0.455299
vt 0.608396 0.484022
vt 0.635723 0.484022
vt 0.581070 0.484022
vt 0.903249 0.345876
vt 0.864984 0.345876
vt 0.864984 0.364451
vt 0.903249 0.364752
vt 0.918391 0.345876
vt 0.918391 0.364769
vt 0.933866 0.345876
vt 0.933866 0.364927
vt 0.553742 0.484022
vt 0.974174 0.345876
vt 0.974174 0.364514
vt 0.526415 0.484022
vt 0.788597 0.345822
vt 0.752128 0.345822
vt 0.752128 0.364917
vt 0.788421 0.364917
vt 0.788767 0.324663
vt 0.752128 0.324663
vt 0.805320 0.324663
vt 0.788928 0.303708
vt 0.752128 0.303708
vt 0.805479 0.303708
vt 0.789060 0.286787
vt 0.752128 0.286787
vt 0.805609 0.286787
vt 0.822187 0.286787
vt 0.805700 0.277322
vt 0.822273 0.277322
vt 0.789142 0.277322
vt 0.805778 0.270756
vt 0.822340 0.270756
vt 0.789207 0.270756
vt 0.789287 0.261815
vt 0.805875 0.261815
vt 0.822423 0.261815
vt 0.861457 0.270756
vt 0.861457 0.261815
vt 0.861457 0.277322
vt 0.640083 0.261405
vt 0.640083 0.270609
vt 0.688714 0.270609
vt 0.688714 0.261405
vt 0.640083 0.277230
vt 0.688714 0.277230
vt 0.861457 0.286787
vt 0.640083 0.286908
vt 0.688714 0.286908
vt 0.708260 0.286908
vt 0.708260 0.277230
vt 0.708260 0.270609
vt 0.722006 0.286908
vt 0.722006 0.277230
vt 0.722006 0.270609
vt 0.708260 0.261405
vt 0.722006 0.261405
vt 0.708260 0.251690
vt 0.722006 0.251690
vt 0.688714 0.251690
vt 0.688714 0.226750
vt 0.708260 0.226750
vt 0.722006 0.226750
vt 0.688714 0.198437
vt 0.708260 0.198437
vt 0.722006 0.198437
vt 0.688714 0.168084
vt 0.708260 0.168084
vt 0.722006 0.168084
vt 0.688714 0.136172
vt 0.708260 0.136172
vt 0.722006 0.136172
vt 0.553023 0.131007
vt 0.580686 0.131007
vt 0.580686 0.103177
vt 0.553023 0.103177
vt 0.608349 0.131007
vt 0.608349 0.103177
vt 0.580686 0.075347
vt 0.553023 0.075347
vt 0.608349 0.075347
vt 0.580686 0.047517
vt 0.553023 0.047517
vt 0.608349 0.047517
vt 0.636012 0.075347
vt 0.636012 0.047519
vt 0.636012 0.103177
vt 0.608349 0.019689
vt 0.580686 0.019689
vt 0.636012 0.019689
vt 0.604388 0.135790
vt 0.604388 0.168253
vt 0.635832 0.168253
vt 0.635832 0.135790
vt 0.581156 0.135790
vt 0.581156 0.168253
vt 0.581156 0.198351
vt 0.604388 0.198351
vt 0.635832 0.198351
vt 0.557918 0.168253
vt 0.557918 0.198351
vt 0.557918 0.135790
vt 0.526576 0.168253
vt 0.526576 0.198351
vt 0.526576 0.135790
vt 0.747385 0.168084
vt 0.747385 0.136172
vt 0.747385 0.198437
vt 0.747385 0.226750
vt 0.526576 0.226861
vt 0.557918 0.226861
vt 0.747385 0.251690
vt 0.526576 0.251807
vt 0.557918 0.251807
vt 0.747385 0.261405
vt 0.526576 0.261326
vt 0.557918 0.261326
vt 0.747385 0.270609
vt 0.526576 0.270033
vt 0.557918 0.270033
vt 0.747385 0.277230
vt 0.526576 0.277620
vt 0.557918 0.277620
vt 0.747385 0.286908
vt 0.526576 0.286856
vt 0.557918 0.286856
vt 0.581156 0.286856
vt 0.581156 0.277620
vt 0.581156 0.270033
vt 0.604388 0.286856
vt 0.604388 0.277620
vt 0.604388 0.270033
vt 0.581156 0.261326
vt 0.604388 0.261326
vt 0.635832 0.270033
vt 0.635832 0.261326
vt 0.635832 0.277620
vt 0.864984 0.261687
vt 0.864984 0.270482
vt 0.903249 0.270482
vt 0.903249 0.261687
vt 0.864984 0.277492
vt 0.903249 0.277492
vt 0.635832 0.286856
vt 0.864984 0.286912
vt 0.903249 0.286912
vt 0.918391 0.286923
vt 0.918391 0.277492
vt 0.918391 0.270482
vt 0.933866 0.286912
vt 0.933866 0.277492
vt 0.933866 0.270482
vt 0.918391 0.261687
vt 0.933866 0.261687
vt 0.918391 0.251142
vt 0.933866 0.251142
vt 0.903249 0.251142
vt 0.864984 0.251142
vt 0.864984 0.227253
vt 0.903249 0.227253
vt 0.918391 0.227253
vt 0.864984 0.198616
vt 0.903249 0.198616
vt 0.918391 0.198616
vt 0.933866 0.227253
vt 0.933866 0.198616
vt 0.918391 0.168622
vt 0.933866 0.168622
vt 0.903249 0.168622
vt 0.903249 0.136363
vt 0.918391 0.136045
vt 0.933866 0.135726
vt 0.864984 0.135887
vt 0.864984 0.168622
vt 0.974174 0.198616
vt 0.974174 0.168622
vt 0.974174 0.136186
vt 0.525360 0.047519
vt 0.553023 0.019689
vt 0.525360 0.019689
vt 0.525360 0.075347
vt 0.790830 0.135399
vt 0.790442 0.168450
vt 0.807048 0.168450
vt 0.807448 0.135560
vt 0.752128 0.135236
vt 0.752128 0.168450
vt 0.525360 0.103177
vt 0.823653 0.168450
vt 0.824066 0.135722
vt 0.806665 0.198520
vt 0.823252 0.198520
vt 0.790065 0.198520
vt 0.806317 0.226915
vt 0.822876 0.226915
vt 0.789714 0.226915
vt 0.752128 0.198520
vt 0.752128 0.226915
vt 0.974174 0.227253
vt 0.752128 0.251212
vt 0.789437 0.251212
vt 0.974174 0.251142
vt 0.752128 0.261815
vt 0.974174 0.261687
vt 0.806044 0.251212
vt 0.822579 0.251212
vt 0.861457 0.251212
vt 0.861457 0.226915
vt 0.640083 0.226750
vt 0.640083 0.251690
vt 0.861457 0.198520
vt 0.640083 0.198437
vt 0.861457 0.168450
vt 0.640083 0.168084
vt 0.861457 0.135884
vt 0.640083 0.136172
vt 0.525360 0.131007
vt 0.752128 0.270756
vt 0.974174 0.270482
vt 0.974174 0.277492
vt 0.752128 0.277322
vt 0.974174 0.286912
vt 0.933866 0.303791
vt 0.974174 0.303791
vt 0.918391 0.286912
vt 0.918391 0.303791
vt 0.933866 0.324788
vt 0.974174 0.324788
vt 0.918391 0.324788
vt 0.903249 0.303791
vt 0.903249 0.324788
vt 0.864984 0.303791
vt 0.864984 0.324788
vt 0.635832 0.324010
vt 0.604388 0.324010
vt 0.604388 0.345366
vt 0.635832 0.345366
vt 0.635832 0.303694
vt 0.604388 0.303694
vt 0.581156 0.303694
vt 0.581156 0.324010
vt 0.581156 0.345366
vt 0.557918 0.303694
vt 0.557918 0.324010
vt 0.526576 0.303694
vt 0.526576 0.324010
vt 0.581156 0.364786
vt 0.604388 0.364786
vt 0.747385 0.324488
vt 0.747385 0.303637
vt 0.635832 0.364786
vt 0.604388 0.226861
vt 0.635832 0.226861
vt 0.604388 0.251807
vt 0.635832 0.251807
vt 0.581156 0.226861
vt 0.581156 0.251807
vt 0.636012 0.131007
s 1
usemtl Material.003
f 1932/5/1544 1936/6/1545 1934/7/1546 1931/8/1547
f 2148/9/1548 1932/10/1544 1931/11/1547 1933/12/1549
f 1935/13/1550 1933/14/1549 1931/15/1547 1934/16/1546
f 1938/17/1551 1935/13/1550 1934/16/1546 1937/18/1552
f 1936/6/1545 1940/19/1553 1937/20/1552 1934/7/1546
f 1955/21/1554 1938/17/1551 1937/18/1552 1939/22/1555
f 1940/19/1553 1941/23/1556 1939/24/1555 1937/20/1552
f 1942/25/1557 1945/26/1558 1941/23/1556 1940/19/1553
f 1944/27/1559 1942/25/1557 1940/19/1553 1936/6/1545
f 1943/28/1560 1946/29/1561 1945/26/1558 1942/25/1557
f 2150/30/1562 1943/28/1560 1942/25/1557 1944/27/1559
f 1946/29/1561 1948/31/1563 1947/32/1564 1945/26/1558
f 1945/26/1558 1947/32/1564 1950/33/1565 1941/23/1556
f 1948/34/1563 1983/35/1566 1949/36/1567 1947/37/1564
f 1947/37/1564 1949/36/1567 1951/38/1568 1950/39/1565
f 1950/39/1565 1951/38/1568 1953/40/1569 1952/41/1570
f 1941/23/1556 1950/33/1565 1952/42/1570 1939/24/1555
f 1953/43/1569 1955/21/1554 1939/22/1555 1952/44/1570
f 1954/45/1571 1956/46/1572 1955/21/1554 1953/43/1569
f 1951/38/1568 1975/47/1573 1954/48/1571 1953/40/1569
f 1956/46/1572 1958/49/1574 1938/17/1551 1955/21/1554
f 1957/50/1575 1959/51/1576 1958/49/1574 1956/46/1572
f 1973/52/1577 1957/50/1575 1956/46/1572 1954/45/1571
f 1959/51/1576 1962/53/1578 1960/54/1579 1958/49/1574
f 1958/49/1574 1960/54/1579 1935/13/1550 1938/17/1551
f 1960/54/1579 1961/55/1580 1933/14/1549 1935/13/1550
f 1962/53/1578 1963/56/1581 1961/55/1580 1960/54/1579
f 1964/57/1582 1965/58/1583 1963/56/1581 1962/53/1578
f 1967/59/1584 1964/57/1582 1962/53/1578 1959/51/1576
f 1966/60/1585 2137/61/1586 1965/62/1583 1964/63/1582
f 1968/64/1587 1966/60/1585 1964/63/1582 1967/65/1584
f 1970/66/1588 1968/64/1587 1967/65/1584 1969/67/1589
f 1969/68/1589 1967/59/1584 1959/51/1576 1957/50/1575
f 1972/69/1590 1970/66/1588 1969/67/1589 1971/70/1591
f 1971/71/1591 1969/68/1589 1957/50/1575 1973/52/1577
f 1974/72/1592 1972/73/1590 1971/74/1591 1973/75/1577
f 1975/47/1573 1974/72/1592 1973/75/1577 1954/48/1571
f 1976/76/1593 1977/77/1594 1972/73/1590 1974/72/1592
f 1978/78/1595 1976/76/1593 1974/72/1592 1975/47/1573
f 1979/79/1596 1980/80/1597 1977/77/1594 1976/76/1593
f 1982/81/1598 1979/79/1596 1976/76/1593 1978/78/1595
f 1981/82/1599 2127/83/1600 1980/80/1597 1979/79/1596
f 1984/84/1601 1981/82/1599 1979/79/1596 1982/81/1598
f 1985/85/1602 1984/84/1601 1982/81/1598 1983/35/1566
f 1983/35/1566 1982/81/1598 1978/78/1595 1949/36/1567
f 1986/86/1603 1984/84/1601 1985/85/1602 1987/87/1604
f 1988/88/1605 1981/82/1599 1984/84/1601 1986/86/1603
f 1989/89/1606 1986/86/1603 1987/87/1604 1992/90/1607
f 1990/91/1608 1988/88/1605 1986/86/1603 1989/89/1606
f 2116/92/1609 1990/91/1608 1989/89/1606 1991/93/1610
f 1991/93/1610 1989/89/1606 1992/90/1607 1993/94/1611
f 1993/94/1611 1992/90/1607 1994/95/1612 1995/96/1613
f 1992/90/1607 1987/87/1604 1997/97/1614 1994/95/1612
f 1995/98/1613 1994/99/1612 1996/100/1615 2008/101/1616
f 1994/99/1612 1997/102/1614 1999/103/1617 1996/100/1615
f 1987/87/1604 1985/85/1602 1998/104/1618 1997/97/1614
f 1997/102/1614 1998/105/1618 2000/106/1619 1999/103/1617
f 1999/103/1617 2000/106/1619 2002/107/1620 2001/108/1621
f 1996/100/1615 1999/103/1617 2001/108/1621 2004/109/1622
f 2001/108/1621 2002/107/1620 2151/110/1623 2003/111/1624
f 2004/109/1622 2001/108/1621 2003/111/1624 2005/112/1625
f 2006/113/1626 2004/109/1622 2005/112/1625 2007/114/1627
f 2008/101/1616 1996/100/1615 2004/109/1622 2006/113/1626
f 2009/115/1628 2006/113/1626 2007/114/1627 2011/116/1629
f 2010/117/1630 2008/101/1616 2006/113/1626 2009/115/1628
f 2013/118/1631 2010/117/1630 2009/115/1628 2012/119/1632
f 2012/119/1632 2009/115/1628 2011/116/1629 2014/120/1633
f 2016/121/1634 2013/118/1631 2012/119/1632 2015/122/1635
f 2015/122/1635 2012/119/1632 2014/120/1633 2017/123/1636
f 2019/124/1637 2016/121/1634 2015/122/1635 2018/125/1638
f 2018/125/1638 2015/122/1635 2017/123/1636 2020/126/1639
f 2022/127/1640 2019/124/1637 2018/125/1638 2021/128/1641
f 2021/128/1641 2018/125/1638 2020/126/1639 2023/129/1642
f 2022/130/1643 2021/131/1643 2024/132/1643 2025/133/1643
f 2021/131/1643 2023/134/1643 2026/135/1643 2024/132/1643
f 2025/133/1643 2024/132/1643 2027/136/1643 2028/137/1643
f 2024/132/1643 2026/135/1643 2030/138/1643 2027/136/1643
f 2028/137/1643 2027/136/1643 2029/139/1643 2098/140/1643
f 2027/136/1643 2030/138/1643 2032/141/1643 2029/139/1643
f 2030/138/1643 2031/142/1643 2034/143/1643 2032/141/1643
f 2026/135/1643 2043/144/1643 2031/142/1643 2030/138/1643
f 2029/139/1643 2032/141/1643 2033/145/1643 2092/146/1643
f 2032/141/1643 2034/143/1643 2035/147/1643 2033/145/1643
f 2034/148/1644 2036/149/1645 2038/150/1646 2035/151/1647
f 2031/152/1648 2039/153/1649 2036/149/1645 2034/148/1644
f 2039/153/1649 2040/154/1650 2037/155/1651 2036/149/1645
f 2036/149/1645 2037/155/1651 2152/156/1652 2038/150/1646
f 2041/157/1653 2042/158/1654 2040/154/1650 2039/153/1649
f 2043/159/1655 2041/157/1653 2039/153/1649 2031/152/1648
f 2044/160/1656 2046/161/1657 2042/158/1654 2041/157/1653
f 2045/162/1658 2044/160/1656 2041/157/1653 2043/159/1655
f 2023/129/1642 2020/126/1639 2044/163/1656 2045/164/1658
f 2020/126/1639 2017/123/1636 2046/165/1657 2044/163/1656
f 2017/123/1636 2014/120/1633 2047/166/1659 2046/165/1657
f 2046/161/1657 2047/167/1659 2048/168/1660 2042/158/1654
f 2014/120/1633 2011/116/1629 2049/169/1661 2047/166/1659
f 2047/167/1659 2049/170/1661 2050/171/1662 2048/168/1660
f 2011/116/1629 2007/114/1627 2051/172/1663 2049/169/1661
f 2049/170/1661 2051/173/1663 2052/174/1664 2050/171/1662
f 2007/114/1627 2005/112/1625 2053/175/1665 2051/172/1663
f 2051/173/1663 2053/176/1665 2054/177/1666 2052/174/1664
f 2005/112/1625 2003/111/1624 2055/178/1667 2053/175/1665
f 2053/176/1665 2055/179/1667 2057/180/1668 2054/177/1666
f 2003/111/1624 2151/110/1623 2056/181/1669 2055/178/1667
f 2055/179/1667 2056/182/1669 2058/183/1670 2057/180/1668
f 2057/180/1668 2058/183/1670 2060/184/1671 2059/185/1672
f 2054/177/1666 2057/180/1668 2059/185/1672 2062/186/1673
f 2059/185/1672 2060/184/1671 2142/187/1674 2061/188/1675
f 2062/186/1673 2059/185/1672 2061/188/1675 2064/189/1676
f 2052/174/1664 2054/177/1666 2062/186/1673 2063/190/1677
f 2063/190/1677 2062/186/1673 2064/189/1676 2065/191/1678
f 2065/191/1678 2064/189/1676 2066/192/1679 2067/193/1680
f 2064/189/1676 2061/188/1675 2069/194/1681 2066/192/1679
f 2067/195/1680 2066/196/1679 2068/197/1682 2081/198/1683
f 2066/196/1679 2069/199/1681 2071/200/1684 2068/197/1682
f 2061/188/1675 2142/187/1674 2070/201/1685 2069/194/1681
f 2069/199/1681 2070/202/1685 2072/203/1686 2071/200/1684
f 2071/200/1684 2072/203/1686 2074/204/1687 2073/205/1688
f 2068/197/1682 2071/200/1684 2073/205/1688 2076/206/1689
f 2073/205/1688 2074/204/1687 2128/207/1690 2075/208/1691
f 2076/206/1689 2073/205/1688 2075/208/1691 2077/209/1692
f 2078/210/1693 2076/206/1689 2077/209/1692 2079/211/1694
f 2081/198/1683 2068/197/1682 2076/206/1689 2078/210/1693
f 2080/212/1695 2078/210/1693 2079/211/1694 2114/213/1696
f 2082/214/1697 2081/198/1683 2078/210/1693 2080/212/1695
f 2083/215/1698 2067/195/1680 2081/198/1683 2082/214/1697
f 2085/216/1699 2083/215/1698 2082/214/1697 2084/217/1700
f 2084/217/1700 2082/214/1697 2080/212/1695 2087/218/1701
f 2152/219/1652 2085/216/1699 2084/217/1700 2086/220/1702
f 2086/220/1702 2084/217/1700 2087/218/1701 2089/221/1703
f 2087/218/1701 2080/212/1695 2114/213/1696 2088/222/1704
f 2089/221/1703 2087/218/1701 2088/222/1704 2090/223/1705
f 2091/224/1706 2089/221/1703 2090/223/1705 2093/225/1707
f 2094/226/1708 2086/220/1702 2089/221/1703 2091/224/1706
f 2033/227/1709 2094/226/1708 2091/224/1706 2092/228/1710
f 2092/228/1710 2091/224/1706 2093/225/1707 2096/229/1711
f 2035/230/1647 2038/231/1646 2094/226/1708 2033/227/1709
f 2038/231/1646 2152/219/1652 2086/220/1702 2094/226/1708
f 2093/225/1707 2090/223/1705 2110/232/1712 2095/233/1713
f 2096/229/1711 2093/225/1707 2095/233/1713 2097/234/1714
f 2099/235/1643 2098/140/1643 2096/236/1643 2097/237/1643
f 2098/140/1643 2029/139/1643 2092/146/1643 2096/236/1643
f 2101/238/1643 2028/137/1643 2098/140/1643 2099/235/1643
f 2099/239/1715 2100/240/1716 2103/241/1717 2101/242/1718
f 2097/243/1714 2095/244/1713 2100/240/1716 2099/239/1715
f 2102/245/1643 2025/133/1643 2028/137/1643 2101/238/1643
f 2101/242/1718 2103/241/1717 2104/246/1719 2102/247/1720
f 2103/241/1717 2105/248/1721 2106/249/1722 2104/246/1719
f 2100/240/1716 2108/250/1723 2105/248/1721 2103/241/1717
f 2105/248/1721 2107/251/1724 2119/252/1725 2106/249/1722
f 2108/250/1723 2109/253/1726 2107/251/1724 2105/248/1721
f 2110/254/1712 2111/255/1727 2109/253/1726 2108/250/1723
f 2095/244/1713 2110/254/1712 2108/250/1723 2100/240/1716
f 2090/223/1705 2088/222/1704 2111/256/1727 2110/232/1712
f 2111/255/1727 2112/257/1728 2115/258/1729 2109/253/1726
f 2088/222/1704 2114/213/1696 2112/259/1728 2111/256/1727
f 2112/257/1728 2113/260/1730 2116/92/1609 2115/258/1729
f 2114/213/1696 2079/211/1694 2113/261/1730 2112/259/1728
f 2109/253/1726 2115/258/1729 2117/262/1731 2107/251/1724
f 2115/258/1729 2116/92/1609 1991/93/1610 2117/262/1731
f 2107/251/1724 2117/262/1731 2118/263/1732 2119/252/1725
f 2117/262/1731 1991/93/1610 1993/94/1611 2118/263/1732
f 2119/252/1725 2118/263/1732 2120/264/1733 2121/265/1734
f 2118/263/1732 1993/94/1611 1995/96/1613 2120/264/1733
f 2121/266/1734 2120/267/1733 2010/117/1630 2013/118/1631
f 2120/267/1733 1995/98/1613 2008/101/1616 2010/117/1630
f 2106/249/1722 2119/252/1725 2121/265/1734 2122/268/1735
f 2122/269/1735 2121/266/1734 2013/118/1631 2016/121/1634
f 2104/246/1719 2106/249/1722 2122/268/1735 2123/270/1736
f 2123/271/1736 2122/269/1735 2016/121/1634 2019/124/1637
f 2102/247/1720 2104/246/1719 2123/270/1736 2124/272/1737
f 2124/273/1737 2123/271/1736 2019/124/1637 2022/127/1640
f 2124/274/1643 2022/130/1643 2025/133/1643 2102/245/1643
f 2113/260/1730 2125/275/1738 1990/91/1608 2116/92/1609
f 2079/211/1694 2077/209/1692 2125/276/1738 2113/261/1730
f 2077/209/1692 2075/208/1691 2126/277/1739 2125/276/1738
f 2125/275/1738 2126/278/1739 1988/88/1605 1990/91/1608
f 2126/278/1739 2127/83/1600 1981/82/1599 1988/88/1605
f 2075/208/1691 2128/207/1690 2127/279/1600 2126/277/1739
f 2127/279/1600 2128/207/1690 2129/280/1740 1980/281/1597
f 2128/207/1690 2074/282/1687 2131/283/1741 2129/280/1740
f 1980/281/1597 2129/280/1740 2130/284/1742 1977/285/1594
f 2129/280/1740 2131/283/1741 2132/286/1743 2130/284/1742
f 2131/283/1741 2133/287/1744 2135/288/1745 2132/286/1743
f 2074/282/1687 2072/203/1686 2133/287/1744 2131/283/1741
f 2072/203/1686 2070/202/1685 2134/289/1746 2133/287/1744
f 2133/287/1744 2134/289/1746 2136/290/1747 2135/288/1745
f 2135/288/1745 2136/290/1747 2137/61/1586 1966/60/1585
f 2132/286/1743 2135/288/1745 1966/60/1585 1968/64/1587
f 2136/291/1747 2138/292/1748 2140/293/1749 2137/294/1586
f 2134/295/1746 2141/296/1750 2138/292/1748 2136/291/1747
f 2141/296/1750 2143/297/1751 2139/298/1752 2138/292/1748
f 2138/292/1748 2139/298/1752 2149/299/1753 2140/293/1749
f 2142/187/1674 2060/184/1671 2143/297/1751 2141/296/1750
f 2070/201/1685 2142/187/1674 2141/296/1750 2134/295/1746
f 2143/297/1751 2144/300/1754 2146/301/1755 2139/298/1752
f 2060/184/1671 2058/183/1670 2144/300/1754 2143/297/1751
f 2058/183/1670 2056/182/1669 2145/302/1756 2144/300/1754
f 2144/300/1754 2145/302/1756 2147/303/1757 2146/301/1755
f 2146/301/1755 2147/303/1757 1932/10/1544 2148/9/1548
f 2139/298/1752 2146/301/1755 2148/9/1548 2149/299/1753
f 2149/299/1753 2148/9/1548 1933/12/1549 1961/304/1580
f 2140/293/1749 2149/299/1753 1961/304/1580 1963/305/1581
f 2147/306/1757 1944/27/1559 1936/6/1545 1932/5/1544
f 2145/307/1756 2150/30/1562 1944/27/1559 2147/306/1757
f 2056/181/1669 2151/110/1623 2150/30/1562 2145/307/1756
f 2151/110/1623 2002/107/1620 1943/28/1560 2150/30/1562
f 2137/294/1586 2140/293/1749 1963/305/1581 1965/308/1583
f 2130/284/1742 2132/286/1743 1968/64/1587 1970/66/1588
f 1977/285/1594 2130/284/1742 1970/66/1588 1972/69/1590
f 2037/155/1651 2153/309/1758 2085/310/1699 2152/156/1652
f 2153/309/1758 2154/311/1759 2083/312/1698 2085/310/1699
f 2040/154/1650 2155/313/1760 2153/309/1758 2037/155/1651
f 2155/313/1760 2156/314/1761 2154/311/1759 2153/309/1758
f 2048/168/1660 2050/171/1662 2156/314/1761 2155/313/1760
f 2042/158/1654 2048/168/1660 2155/313/1760 2040/154/1650
f 2050/171/1662 2052/174/1664 2063/190/1677 2156/314/1761
f 2156/314/1761 2063/190/1677 2065/191/1678 2154/311/1759
f 2154/311/1759 2065/191/1678 2067/193/1680 2083/312/1698
f 2023/134/1643 2045/315/1643 2043/144/1643 2026/135/1643
f 2002/107/1620 2000/106/1619 1946/29/1561 1943/28/1560
f 2000/106/1619 1998/105/1618 1948/31/1563 1946/29/1561
f 1998/104/1618 1985/85/1602 1983/35/1566 1948/34/1563
f 1949/36/1567 1978/78/1595 1975/47/1573 1951/38/1568
