# Blender 5.0.1
# www.blender.org
mtllib right_arm.mtl
o head.004
v -0.905579 0.929866 0.213326
v -0.969914 0.959670 0.205031
v -0.855516 0.950411 0.168772
v -0.898466 0.864511 0.243167
v -0.819070 0.866016 0.195859
v -0.989215 0.878745 0.250132
v -0.894896 0.771206 0.258153
v -0.993008 0.779321 0.266909
v -0.808344 0.766176 0.207829
v -0.898466 0.680046 0.243167
v -0.819070 0.669419 0.195859
v -0.989215 0.680929 0.250132
v -0.905579 0.618952 0.213326
v -0.855516 0.594147 0.168772
v -0.969914 0.601186 0.205031
v -1.061540 0.591249 0.177017
v -0.924639 0.551782 0.138278
v -1.015195 0.535160 0.099873
v -0.870713 0.534744 0.055089
v -0.800129 0.581685 0.094022
v -0.959585 0.516319 0.006668
v -0.825724 0.551782 -0.033042
v -0.763280 0.594147 0.009024
v -0.790665 0.601186 -0.105436
v -0.906705 0.535160 -0.088043
v -0.863096 0.591249 -0.166698
v -0.999164 0.535558 -0.142142
v -0.952589 0.593581 -0.223210
v -1.086363 0.542921 -0.187330
v -1.055409 0.516201 -0.044335
v -1.143142 0.523489 -0.088988
v -1.111989 0.535558 0.053280
v -1.199915 0.542921 0.009354
v -1.158906 0.593581 0.134155
v -1.246957 0.601217 0.090838
v -1.187758 0.686986 0.184517
v -1.276158 0.695138 0.141411
v -1.088142 0.681022 0.226217
v -1.197266 0.799705 0.201368
v -1.096120 0.789332 0.243161
v -1.187758 0.912467 0.184517
v -1.285889 0.808491 0.158276
v -1.276151 0.921850 0.141411
v -1.355304 0.814125 0.127893
v -1.345591 0.927478 0.111004
v -1.345597 0.700772 0.111004
v -1.417866 0.817016 0.111184
v -1.408414 0.703663 0.094227
v -1.490700 0.818079 0.105831
v -1.408414 0.930369 0.094227
v -1.481958 0.931433 0.088755
v -1.380040 1.024290 0.043362
v -1.455735 1.025353 0.037529
v -1.334330 1.082587 -0.038589
v -1.316464 1.021399 0.060331
v -1.246957 1.015771 0.090838
v -1.269535 1.079695 -0.021308
v -1.199915 1.074067 0.009354
v -1.212899 1.099127 -0.119831
v -1.143142 1.093500 -0.088988
v -1.279168 1.102019 -0.137497
v -1.156263 1.079695 -0.218359
v -1.223999 1.082587 -0.236399
v -1.086363 1.074067 -0.187330
v -1.109334 1.021399 -0.299999
v -1.178295 1.024290 -0.318349
v -1.039322 1.015771 -0.268815
v -1.080207 0.927478 -0.350672
v -1.010127 0.921850 -0.319388
v -1.149920 0.930369 -0.369215
v -1.070494 0.814125 -0.367561
v -1.140462 0.817016 -0.386172
v -1.000390 0.808491 -0.336246
v -1.080207 0.700772 -0.350672
v -1.010127 0.695138 -0.319388
v -1.109334 0.606845 -0.299999
v -1.149920 0.703663 -0.369215
v -1.178295 0.609736 -0.318349
v -1.243045 0.704726 -0.377964
v -1.269268 0.610806 -0.326738
v -1.383361 0.704876 -0.379848
v -1.234303 0.818079 -0.395039
v -1.376035 0.818235 -0.397123
v -1.243045 0.931433 -0.377964
v -1.383361 0.931588 -0.379848
v -1.269268 1.025353 -0.326738
v -1.311515 1.083650 -0.244209
v -1.405336 1.025509 -0.328031
v -1.602879 1.025509 -0.324798
v -1.440743 1.083805 -0.244551
v -1.627310 1.083805 -0.239924
v -1.483469 1.103237 -0.143796
v -1.656791 1.103237 -0.137491
v -1.526201 1.083805 -0.043047
v -1.362505 1.103082 -0.144604
v -1.413488 1.083650 -0.045000
v -1.561608 1.025509 0.040439
v -1.686271 1.083805 -0.035057
v -1.710697 1.025509 0.049816
v -1.885903 1.083805 -0.022676
v -1.895965 1.025509 0.063944
v -2.111907 1.083805 -0.007367
v -1.873759 1.103237 -0.127224
v -2.119823 1.103237 -0.114315
v -1.861609 1.083805 -0.231766
v -1.851547 1.025509 -0.318393
v -2.127739 1.083805 -0.221257
v -2.134299 1.025509 -0.309874
v -2.409781 1.083805 -0.209573
v -2.434088 1.025509 -0.300298
v -2.415085 0.952096 -0.229384
v -2.380443 1.103237 -0.100082
v -2.380443 0.960733 -0.100082
v -2.351105 1.083805 0.009410
v -2.345795 0.952096 0.029221
v -2.326792 1.025509 0.100135
v -2.311707 0.931588 0.156441
v -2.105353 1.025509 0.081250
v -2.101280 0.931588 0.136250
v -2.099924 0.818235 0.154582
v -1.902214 0.931588 0.117714
v -1.904297 0.818235 0.135635
v -1.725864 0.931588 0.102498
v -1.583589 0.931588 0.092250
v -1.730913 0.818235 0.120058
v -1.725864 0.704876 0.102498
v -1.590914 0.818235 0.109524
v -1.583583 0.704876 0.092250
v -1.561608 0.610955 0.040439
v -1.481958 0.704727 0.088755
v -1.455735 0.610806 0.037529
v -1.413488 0.552509 -0.045000
v -1.380040 0.609736 0.043362
v -1.316464 0.606845 0.060331
v -1.334336 0.551440 -0.038589
v -1.269541 0.548548 -0.021308
v -1.279168 0.532008 -0.137497
v -1.223999 0.551440 -0.236399
v -1.362505 0.533077 -0.144604
v -1.212899 0.529116 -0.119831
v -1.156263 0.548548 -0.218359
v -1.483469 0.533226 -0.143796
v -1.311515 0.552509 -0.244209
v -1.440737 0.552658 -0.244551
v -1.627304 0.552658 -0.239924
v -1.405336 0.610955 -0.328031
v -1.602879 0.610955 -0.324798
v -1.851547 0.610955 -0.318393
v -1.587718 0.704876 -0.377479
v -1.845298 0.704876 -0.372156
v -1.582662 0.818235 -0.395039
v -1.587718 0.931588 -0.377479
v -1.843215 0.818235 -0.390083
v -1.845298 0.931588 -0.372156
v -2.139728 0.818235 -0.383206
v -2.138366 0.931588 -0.364875
v -2.454205 0.818229 -0.375377
v -2.138366 0.704876 -0.364875
v -2.134299 0.610955 -0.309874
v -2.449180 0.704876 -0.356604
v -2.434088 0.610955 -0.300298
v -2.415092 0.684368 -0.229384
v -2.409781 0.552658 -0.209573
v -2.380443 0.675731 -0.100082
v -2.417324 0.818229 -0.237729
v -2.380443 0.818235 -0.100082
v -2.343556 0.818235 0.037566
v -2.345795 0.684368 0.029221
v -2.306676 0.818235 0.175214
v -2.311707 0.704876 0.156441
v -2.326792 0.610955 0.100135
v -2.101280 0.704876 0.136250
v -2.105353 0.610955 0.081250
v -1.902214 0.704876 0.117714
v -1.895965 0.610955 0.063944
v -1.710697 0.610955 0.049816
v -1.885903 0.552658 -0.022676
v -1.686271 0.552658 -0.035057
v -1.873753 0.533226 -0.127224
v -2.111907 0.552658 -0.007367
v -2.119823 0.533226 -0.114309
v -2.351105 0.552658 0.009410
v -2.380443 0.533226 -0.100082
v -2.127739 0.552658 -0.221257
v -1.861609 0.552658 -0.231766
v -1.656791 0.533226 -0.137491
v -1.526201 0.552658 -0.043047
v -2.449174 0.931588 -0.356604
v -1.039322 0.601217 -0.268815
v -0.923401 0.686986 -0.273379
v -0.833758 0.681022 -0.214392
v -0.913551 0.799705 -0.290044
v -0.823050 0.789332 -0.229820
v -0.923401 0.912467 -0.273379
v -0.833758 0.897953 -0.214392
v -0.952589 1.005915 -0.223210
v -0.863096 0.988044 -0.166698
v -0.999164 1.063894 -0.142142
v -0.906705 1.043815 -0.088043
v -1.055409 1.083215 -0.044341
v -1.111989 1.063894 0.053280
v -0.959585 1.062340 0.006668
v -1.015195 1.043815 0.099873
v -0.870713 1.023905 0.055089
v -0.924639 1.007899 0.138278
v -0.825724 1.007899 -0.033042
v -0.800129 0.960727 0.094022
v -0.763280 0.950411 0.009024
v -0.756552 0.869753 0.118124
v -0.720772 0.866016 0.025602
v -0.741963 0.764490 0.126195
v -0.704766 0.766176 0.028425
v -0.756558 0.662598 0.118124
v -0.720772 0.669419 0.025602
v -0.720330 0.680046 -0.065371
v -0.750122 0.618952 -0.055938
v -0.761147 0.680929 -0.144891
v -0.705369 0.771206 -0.070109
v -0.720330 0.864511 -0.065371
v -0.748418 0.779321 -0.156730
v -0.761147 0.878745 -0.144891
v -0.790665 0.959670 -0.105436
v -0.750122 0.929866 -0.055938
v -1.061540 0.988044 0.177017
v -1.088142 0.897953 0.226217
v -1.158906 1.005915 0.134155
vn -0.0327 0.3204 0.9467
vn 0.5093 0.3032 0.8054
vn 0.4274 0.4557 0.7808
vn 0.0738 0.6305 0.7727
vn 0.5418 0.5175 0.6623
vn 0.3552 0.8600 0.3664
vn 0.6253 0.3057 0.7181
vn 0.6495 -0.0041 0.7604
vn 0.5251 -0.0164 0.8509
vn -0.0702 -0.0020 0.9975
vn -0.0868 -0.3333 0.9388
vn 0.4794 -0.3459 0.8065
vn 0.6050 -0.3304 0.7244
vn 0.4863 -0.5695 0.6627
vn 0.3864 -0.4995 0.7754
vn -0.0322 -0.6654 0.7458
vn 0.1799 -0.9212 0.3450
vn -0.2253 -0.7009 0.6767
vn -0.3028 -0.3532 0.8852
vn -0.0821 -0.9284 0.3624
vn -0.0854 -0.9954 -0.0425
vn 0.1932 -0.9745 0.1144
vn 0.6042 -0.7169 0.3479
vn 0.4521 -0.8823 -0.1312
vn 0.7303 -0.6811 0.0530
vn 0.2559 -0.9299 -0.2643
vn 0.6109 -0.6709 -0.4203
vn 0.7814 -0.5847 -0.2182
vn 0.4406 -0.7033 -0.5579
vn 0.3229 -0.7060 -0.6303
vn 0.1404 -0.9335 -0.3301
vn 0.0590 -0.9828 -0.1752
vn 0.2627 -0.7013 -0.6627
vn 0.0945 -0.9297 -0.3561
vn -0.1457 -0.9864 -0.0760
vn -0.1882 -0.9350 0.3007
vn -0.2260 -0.9577 0.1779
vn -0.3307 -0.7078 0.6243
vn -0.3456 -0.7091 0.6146
vn -0.4080 -0.3554 0.8410
vn -0.4176 -0.3553 0.8363
vn -0.4095 -0.0000 0.9123
vn -0.4190 0.0006 0.9080
vn -0.3036 -0.0006 0.9528
vn -0.2414 0.3465 0.9064
vn -0.3490 0.3531 0.8681
vn -0.3648 0.3547 0.8609
vn -0.2879 0.3533 0.8901
vn -0.3289 0.0014 0.9444
vn -0.3277 -0.3532 0.8763
vn -0.1440 0.3410 0.9290
vn -0.1632 0.0014 0.9866
vn -0.1635 -0.3405 0.9259
vn -0.0165 0.0006 0.9999
vn -0.0196 -0.3234 0.9461
vn -0.0148 0.3239 0.9460
vn -0.0131 0.6728 0.7397
vn -0.1010 0.6919 0.7149
vn -0.1946 0.7044 0.6826
vn -0.0070 0.9233 0.3839
vn -0.0392 0.9295 0.3668
vn -0.0680 0.9322 0.3555
vn -0.2422 0.7048 0.6668
vn -0.0771 0.9305 0.3581
vn 0.1429 0.9804 -0.1358
vn 0.0796 0.9871 0.1388
vn 0.1160 0.9799 -0.1625
vn 0.1678 0.9322 -0.3207
vn 0.1291 0.9375 -0.3230
vn 0.0861 0.9274 -0.3641
vn 0.1447 0.6874 -0.7117
vn 0.2742 0.7011 -0.6582
vn 0.3628 0.7062 -0.6080
vn 0.1766 0.3389 -0.9241
vn 0.3320 0.3508 -0.8756
vn 0.4366 0.3550 -0.8267
vn 0.3351 0.0021 -0.9422
vn 0.4393 0.0010 -0.8983
vn 0.1789 0.0017 -0.9839
vn 0.1593 -0.3335 -0.9292
vn 0.2958 -0.3443 -0.8910
vn 0.3858 -0.3517 -0.8529
vn 0.2030 -0.6914 -0.6933
vn 0.1102 -0.6787 -0.7261
vn 0.0331 -0.6694 -0.7421
vn 0.0496 -0.3241 -0.9447
vn 0.0557 0.0006 -0.9984
vn -0.0029 -0.6678 -0.7443
vn 0.0006 -0.3218 -0.9468
vn 0.0021 0.0001 -1.0000
vn 0.0540 0.3260 -0.9438
vn 0.0009 0.3220 -0.9468
vn -0.0021 0.6681 -0.7440
vn 0.0422 0.6725 -0.7389
vn 0.0011 0.9520 -0.3062
vn 0.2168 0.8985 -0.3816
vn -0.0157 0.6722 -0.7402
vn -0.2289 0.9004 -0.3701
vn -0.0158 0.3250 -0.9456
vn 0.0010 1.0000 0.0001
vn 0.0009 1.0000 -0.0010
vn 0.0558 0.9962 -0.0672
vn 0.0227 0.9212 0.3884
vn 0.0140 0.9200 0.3916
vn 0.0341 0.6645 0.7465
vn 0.0516 0.6684 0.7420
vn 0.0259 0.9246 0.3801
vn 0.0583 0.6779 0.7329
vn -0.0985 0.9944 0.0386
vn 0.0268 0.9288 0.3696
vn 0.0607 0.6896 0.7216
vn 0.1890 0.9819 -0.0101
vn -0.0142 0.9286 -0.3708
vn -0.1244 0.9196 -0.3727
vn -0.0226 0.6891 -0.7243
vn -0.0206 0.6799 -0.7330
vn -0.0233 0.6764 -0.7362
vn -0.0151 0.9205 -0.3903
vn -0.1830 0.9810 -0.0640
vn -0.9659 -0.0000 0.2588
vn 0.0251 0.9388 0.3436
vn 0.0597 0.7084 0.7033
vn 0.0879 0.3512 0.9322
vn 0.0871 0.3392 0.9367
vn 0.0830 0.3289 0.9407
vn 0.0960 -0.0000 0.9954
vn 0.0912 -0.0000 0.9958
vn 0.0974 -0.0000 0.9952
vn 0.0736 0.3207 0.9443
vn 0.0808 -0.0000 0.9967
vn 0.0502 0.3172 0.9470
vn 0.0554 0.0001 0.9985
vn 0.0830 -0.3289 0.9407
vn 0.0736 -0.3207 0.9443
vn 0.0498 -0.3171 0.9471
vn 0.0516 -0.6684 0.7420
vn 0.0333 -0.6646 0.7465
vn -0.0228 -0.6741 0.7383
vn -0.1391 -0.6966 0.7039
vn 0.0128 -0.9202 0.3913
vn 0.0200 -0.8885 0.4584
vn -0.2903 -0.9029 0.3169
vn -0.2719 -0.7100 0.6496
vn -0.3562 -0.9022 0.2433
vn -0.0264 -0.9993 -0.0252
vn -0.0497 -0.9981 -0.0377
vn -0.0912 -0.9958 0.0103
vn 0.0402 -0.9208 -0.3880
vn 0.0734 -0.9251 -0.3726
vn 0.0103 -0.9193 -0.3935
vn 0.2002 -0.9798 -0.0029
vn -0.0047 -0.9200 -0.3918
vn -0.0540 -0.9801 0.1911
vn -0.0109 -0.9221 -0.3868
vn -0.0157 -0.6722 -0.7402
vn -0.0158 -0.3250 -0.9456
vn -0.0133 -0.9251 -0.3794
vn -0.0206 -0.6799 -0.7330
vn -0.0221 -0.3312 -0.9433
vn -0.0152 -0.0000 -0.9999
vn -0.0219 -0.0000 -0.9998
vn -0.0221 0.3312 -0.9433
vn -0.0249 -0.0000 -0.9997
vn -0.0249 0.3388 -0.9405
vn -0.0249 -0.3388 -0.9405
vn -0.0257 -0.0000 -0.9997
vn -0.0257 0.3334 -0.9425
vn -0.0257 -0.3334 -0.9425
vn -0.0233 -0.6764 -0.7362
vn -0.0226 -0.6891 -0.7243
vn 0.0879 -0.3512 0.9322
vn 0.0871 -0.3392 0.9367
vn 0.0597 -0.7084 0.7033
vn 0.0607 -0.6896 0.7216
vn 0.0583 -0.6779 0.7329
vn -0.0380 -0.9596 0.2787
vn 0.0227 -0.9212 0.3884
vn 0.0116 -0.9862 0.1654
vn -0.0106 -0.9947 0.1026
vn 0.0013 -1.0000 -0.0002
vn -0.1806 -0.9399 0.2897
vn -0.0000 -0.9997 -0.0233
vn -0.0151 -0.9205 -0.3903
vn -0.0142 -0.9286 -0.3708
vn 0.4553 -0.3550 -0.8165
vn 0.5128 0.0003 -0.8585
vn 0.6303 -0.0004 -0.7764
vn 0.5733 -0.3552 -0.7383
vn 0.5110 0.3550 -0.7828
vn 0.6252 0.3500 -0.6976
vn 0.4331 0.7035 -0.5635
vn 0.5446 0.6868 -0.4815
vn 0.1896 0.9794 -0.0692
vn 0.3064 0.9248 -0.2255
vn 0.1274 0.9892 0.0722
vn 0.1553 0.9835 0.0924
vn -0.0388 0.9236 0.3814
vn -0.0077 0.9309 0.3651
vn 0.4245 0.8718 0.2443
vn 0.5626 0.8255 -0.0451
vn 0.6600 0.6479 0.3803
vn 0.7766 0.6208 0.1077
vn 0.9346 0.3084 0.1775
vn 0.8202 0.3223 0.4727
vn 0.9842 -0.0042 0.1768
vn 0.8664 -0.0042 0.4993
vn 0.9297 -0.3334 0.1562
vn 0.8113 -0.3512 0.4674
vn 0.9177 -0.3170 -0.2395
vn 0.9723 -0.0038 -0.2336
vn 0.7479 -0.3371 -0.5718
vn 0.8081 -0.0019 -0.5890
vn 0.9327 0.2983 -0.2028
vn 0.7841 0.3247 -0.5290
vn 0.6905 0.6375 -0.3417
vn 0.8253 0.5423 -0.1575
vn -0.1073 0.6809 0.7245
vn -0.2155 0.6996 0.6812
vt 0.401890 0.345484
vt 0.401813 0.364065
vt 0.370563 0.363923
vt 0.370639 0.345342
vt 0.367089 0.345499
vt 0.367089 0.364686
vt 0.328117 0.364686
vt 0.328117 0.345499
vt 0.453560 0.454200
vt 0.480689 0.454083
vt 0.480718 0.482360
vt 0.453589 0.482478
vt 0.426429 0.454320
vt 0.426458 0.482596
vt 0.425237 0.345589
vt 0.425160 0.364170
vt 0.448685 0.345696
vt 0.448608 0.364276
vt 0.399298 0.454438
vt 0.399327 0.482714
vt 0.372167 0.454556
vt 0.372196 0.482832
vt 0.479480 0.345835
vt 0.479403 0.364416
vt 0.069502 0.346109
vt 0.069502 0.364952
vt 0.032405 0.364952
vt 0.032405 0.346109
vt 0.479569 0.324375
vt 0.448773 0.324236
vt 0.069502 0.323942
vt 0.032405 0.323942
vt 0.085698 0.323942
vt 0.085698 0.346109
vt 0.085698 0.364952
vt 0.102233 0.346109
vt 0.102233 0.364952
vt 0.102233 0.323942
vt 0.141976 0.346109
vt 0.141976 0.364952
vt 0.141976 0.323942
vt 0.141976 0.303872
vt 0.102233 0.303872
vt 0.085698 0.303872
vt 0.141976 0.286460
vt 0.102233 0.286460
vt 0.085698 0.286460
vt 0.069502 0.303872
vt 0.069502 0.286460
vt 0.032405 0.303872
vt 0.032405 0.286460
vt 0.479727 0.286233
vt 0.479653 0.303961
vt 0.448858 0.303822
vt 0.448931 0.286094
vt 0.425411 0.303716
vt 0.425484 0.285987
vt 0.425326 0.324130
vt 0.401979 0.324024
vt 0.402063 0.303610
vt 0.402137 0.285882
vt 0.402174 0.276817
vt 0.425521 0.276923
vt 0.448969 0.277029
vt 0.402203 0.269787
vt 0.425551 0.269893
vt 0.448998 0.269999
vt 0.425582 0.262313
vt 0.449029 0.262419
vt 0.402235 0.262207
vt 0.370984 0.262066
vt 0.370953 0.269646
vt 0.370924 0.276676
vt 0.328117 0.261903
vt 0.367089 0.261903
vt 0.367089 0.269985
vt 0.328117 0.269985
vt 0.367089 0.276393
vt 0.328117 0.276393
vt 0.370887 0.285740
vt 0.367089 0.285665
vt 0.328117 0.285665
vt 0.309795 0.276393
vt 0.309795 0.285665
vt 0.309795 0.269985
vt 0.291019 0.276393
vt 0.291019 0.285665
vt 0.291019 0.269985
vt 0.258453 0.269985
vt 0.258453 0.276393
vt 0.258453 0.285665
vt 0.214337 0.270629
vt 0.254632 0.270629
vt 0.254632 0.276978
vt 0.214337 0.276978
vt 0.254632 0.286516
vt 0.214337 0.286516
vt 0.196760 0.276978
vt 0.196760 0.286516
vt 0.196760 0.270629
vt 0.179173 0.270629
vt 0.179173 0.276978
vt 0.179173 0.286516
vt 0.145440 0.276978
vt 0.145440 0.286516
vt 0.145440 0.270629
vt 0.145440 0.263052
vt 0.179173 0.263052
vt 0.196760 0.263052
vt 0.145440 0.251162
vt 0.179173 0.251162
vt 0.196760 0.251162
vt 0.214337 0.263052
vt 0.214337 0.251162
vt 0.254632 0.251162
vt 0.254632 0.263052
vt 0.258453 0.261903
vt 0.291019 0.261903
vt 0.258453 0.250803
vt 0.291019 0.250803
vt 0.258453 0.226203
vt 0.291019 0.226203
vt 0.214337 0.226742
vt 0.254632 0.226742
vt 0.309795 0.226203
vt 0.309795 0.250803
vt 0.309795 0.261903
vt 0.328117 0.226203
vt 0.328117 0.250803
vt 0.367089 0.250803
vt 0.367089 0.226203
vt 0.328117 0.197639
vt 0.367089 0.197639
vt 0.309795 0.197639
vt 0.328117 0.167696
vt 0.367089 0.167696
vt 0.309795 0.167696
vt 0.291019 0.167696
vt 0.291019 0.197639
vt 0.258453 0.167696
vt 0.258453 0.197639
vt 0.258453 0.136483
vt 0.291019 0.136483
vt 0.309795 0.136483
vt 0.370812 0.130805
vt 0.370812 0.103007
vt 0.398294 0.103007
vt 0.398294 0.130805
vt 0.425778 0.103007
vt 0.425778 0.130805
vt 0.453261 0.103007
vt 0.453261 0.130805
vt 0.328117 0.136483
vt 0.480744 0.103007
vt 0.480744 0.130805
vt 0.367089 0.136483
vt 0.371504 0.136480
vt 0.402755 0.136621
vt 0.402627 0.167515
vt 0.371377 0.167374
vt 0.402502 0.197759
vt 0.371251 0.197617
vt 0.425974 0.167621
vt 0.425849 0.197865
vt 0.426102 0.136727
vt 0.402383 0.226406
vt 0.371133 0.226265
vt 0.425730 0.226512
vt 0.402281 0.250959
vt 0.371031 0.250818
vt 0.425629 0.251065
vt 0.449296 0.197971
vt 0.449178 0.226618
vt 0.449076 0.251171
vt 0.479973 0.226757
vt 0.479872 0.251311
vt 0.479825 0.262558
vt 0.479794 0.270138
vt 0.032405 0.251247
vt 0.069502 0.251247
vt 0.069502 0.262945
vt 0.032405 0.262945
vt 0.069502 0.270482
vt 0.032405 0.270482
vt 0.479764 0.277168
vt 0.069502 0.277161
vt 0.032405 0.277161
vt 0.085698 0.270482
vt 0.085698 0.277161
vt 0.085698 0.262945
vt 0.102233 0.270482
vt 0.102233 0.277161
vt 0.102233 0.262945
vt 0.141976 0.277161
vt 0.141976 0.270482
vt 0.085698 0.251247
vt 0.102233 0.251247
vt 0.141976 0.251247
vt 0.141976 0.262945
vt 0.085698 0.227045
vt 0.102233 0.227045
vt 0.141976 0.227045
vt 0.145440 0.226742
vt 0.179173 0.226742
vt 0.102233 0.198752
vt 0.141976 0.198752
vt 0.145440 0.198950
vt 0.179173 0.198950
vt 0.196760 0.226742
vt 0.196760 0.198950
vt 0.214337 0.198950
vt 0.196760 0.168057
vt 0.214337 0.168057
vt 0.179173 0.168057
vt 0.196760 0.136135
vt 0.214337 0.136135
vt 0.179173 0.136135
vt 0.145440 0.136135
vt 0.145440 0.168057
vt 0.370812 0.047411
vt 0.370812 0.019614
vt 0.398294 0.019614
vt 0.398294 0.047411
vt 0.370812 0.075209
vt 0.398294 0.075209
vt 0.425778 0.019614
vt 0.425778 0.047411
vt 0.425778 0.075209
vt 0.453261 0.075209
vt 0.453261 0.047411
vt 0.480744 0.047411
vt 0.480744 0.075209
vt 0.449549 0.136833
vt 0.449421 0.167727
vt 0.480345 0.136972
vt 0.480217 0.167866
vt 0.453261 0.019614
vt 0.480744 0.019614
vt 0.480092 0.198110
vt 0.032405 0.198752
vt 0.069502 0.198752
vt 0.069502 0.227045
vt 0.032405 0.227045
vt 0.032405 0.167751
vt 0.069502 0.167751
vt 0.085698 0.198752
vt 0.085698 0.167751
vt 0.069502 0.135865
vt 0.085698 0.135865
vt 0.032405 0.135865
vt 0.102233 0.135865
vt 0.102233 0.167751
vt 0.141976 0.135865
vt 0.141976 0.167751
vt 0.254632 0.136135
vt 0.254632 0.168057
vt 0.254632 0.198950
vt 0.179173 0.303982
vt 0.145440 0.303982
vt 0.196760 0.303982
vt 0.196760 0.323655
vt 0.179173 0.323655
vt 0.145440 0.323655
vt 0.214337 0.303982
vt 0.214337 0.323655
vt 0.254632 0.303982
vt 0.254632 0.323655
vt 0.291019 0.303989
vt 0.291019 0.324029
vt 0.258453 0.324029
vt 0.258453 0.303989
vt 0.309795 0.303989
vt 0.309795 0.324029
vt 0.328117 0.303989
vt 0.328117 0.324029
vt 0.309795 0.345499
vt 0.291019 0.345499
vt 0.309795 0.364686
vt 0.291019 0.364686
vt 0.453502 0.397646
vt 0.480631 0.397528
vt 0.480660 0.425806
vt 0.453531 0.425924
vt 0.426371 0.397764
vt 0.426400 0.426042
vt 0.399240 0.397882
vt 0.399269 0.426160
vt 0.372139 0.426278
vt 0.372110 0.398000
vt 0.372081 0.369723
vt 0.399211 0.369605
vt 0.426342 0.369487
vt 0.179173 0.346102
vt 0.179173 0.364892
vt 0.145440 0.364892
vt 0.145440 0.346102
vt 0.196760 0.346102
vt 0.196760 0.364892
vt 0.453473 0.369368
vt 0.214337 0.346102
vt 0.214337 0.364892
vt 0.254632 0.346102
vt 0.254632 0.364892
vt 0.258453 0.364686
vt 0.258453 0.345499
vt 0.480603 0.369250
vt 0.367089 0.324029
vt 0.367089 0.303989
vt 0.370729 0.323882
vt 0.370813 0.303469
s 1
usemtl Material.003
f 6/1/1 4/2/2 1/3/3 2/4/4
f 2/5/4 1/6/3 3/7/5 205/8/6
f 5/9/7 3/10/5 1/11/3 4/12/2
f 9/13/8 5/9/7 4/12/2 7/14/9
f 8/15/10 7/16/9 4/2/2 6/1/1
f 12/17/11 10/18/12 7/16/9 8/15/10
f 11/19/13 9/13/8 7/14/9 10/20/12
f 14/21/14 11/19/13 10/20/12 13/22/15
f 15/23/16 13/24/15 10/18/12 12/17/11
f 17/25/17 14/26/14 13/27/15 15/28/16
f 16/29/18 15/23/16 12/17/11 38/30/19
f 18/31/20 17/25/17 15/28/16 16/32/18
f 21/33/21 19/34/22 17/25/17 18/31/20
f 19/34/22 20/35/23 14/26/14 17/25/17
f 22/36/24 23/37/25 20/35/23 19/34/22
f 25/38/26 22/36/24 19/34/22 21/33/21
f 24/39/27 216/40/28 23/37/25 22/36/24
f 26/41/29 24/39/27 22/36/24 25/38/26
f 28/42/30 26/41/29 25/38/26 27/43/31
f 27/43/31 25/38/26 21/33/21 30/44/32
f 189/45/33 28/42/30 27/43/31 29/46/34
f 29/46/34 27/43/31 30/44/32 31/47/35
f 31/47/35 30/44/32 32/48/36 33/49/37
f 30/44/32 21/33/21 18/31/20 32/48/36
f 33/49/37 32/48/36 34/50/38 35/51/39
f 32/48/36 18/31/20 16/32/18 34/50/38
f 35/52/39 34/53/38 36/54/40 37/55/41
f 34/53/38 16/29/18 38/30/19 36/54/40
f 37/55/41 36/54/40 39/56/42 42/57/43
f 36/54/40 38/30/19 40/58/44 39/56/42
f 39/56/42 40/58/44 225/59/45 41/60/46
f 42/57/43 39/56/42 41/60/46 43/61/47
f 45/62/48 44/63/49 42/57/43 43/61/47
f 44/63/49 46/64/50 37/55/41 42/57/43
f 50/65/51 47/66/52 44/63/49 45/62/48
f 47/66/52 48/67/53 46/64/50 44/63/49
f 49/68/54 130/69/55 48/67/53 47/66/52
f 51/70/56 49/68/54 47/66/52 50/65/51
f 53/71/57 51/70/56 50/65/51 52/72/58
f 52/72/58 50/65/51 45/62/48 55/73/59
f 96/74/60 53/75/57 52/76/58 54/77/61
f 54/77/61 52/76/58 55/78/59 57/79/62
f 55/73/59 45/62/48 43/61/47 56/80/63
f 57/79/62 55/78/59 56/81/63 58/82/64
f 59/83/65 57/79/62 58/82/64 60/84/66
f 61/85/67 54/77/61 57/79/62 59/83/65
f 62/86/68 59/83/65 60/84/66 64/87/69
f 63/88/70 61/85/67 59/83/65 62/86/68
f 66/89/71 63/88/70 62/86/68 65/90/72
f 65/90/72 62/86/68 64/87/69 67/91/73
f 70/92/74 66/93/71 65/94/72 68/95/75
f 68/95/75 65/94/72 67/96/73 69/97/76
f 71/98/77 68/95/75 69/97/76 73/99/78
f 72/100/79 70/92/74 68/95/75 71/98/77
f 77/101/80 72/100/79 71/98/77 74/102/81
f 74/102/81 71/98/77 73/99/78 75/103/82
f 76/104/83 74/102/81 75/103/82 189/105/33
f 78/106/84 77/101/80 74/102/81 76/104/83
f 80/107/85 79/108/86 77/101/80 78/106/84
f 79/108/86 82/109/87 72/100/79 77/101/80
f 146/110/88 81/111/89 79/108/86 80/107/85
f 81/111/89 83/112/90 82/109/87 79/108/86
f 82/109/87 84/113/91 70/92/74 72/100/79
f 83/112/90 85/114/92 84/113/91 82/109/87
f 85/114/92 88/115/93 86/116/94 84/113/91
f 84/113/91 86/116/94 66/93/71 70/92/74
f 86/117/94 87/118/95 63/88/70 66/89/71
f 88/119/93 90/120/96 87/118/95 86/117/94
f 89/121/97 91/122/98 90/120/96 88/119/93
f 152/123/99 89/124/97 88/115/93 85/114/92
f 91/122/98 93/125/100 92/126/101 90/120/96
f 90/120/96 92/126/101 95/127/102 87/118/95
f 93/125/100 98/128/103 94/129/104 92/126/101
f 92/126/101 94/129/104 96/74/60 95/127/102
f 95/127/102 96/74/60 54/77/61 61/85/67
f 87/118/95 95/127/102 61/85/67 63/88/70
f 94/129/104 97/130/105 53/75/57 96/74/60
f 98/128/103 99/131/106 97/130/105 94/129/104
f 100/132/107 101/133/108 99/131/106 98/128/103
f 103/134/109 100/132/107 98/128/103 93/125/100
f 102/135/110 118/136/111 101/133/108 100/132/107
f 104/137/112 102/135/110 100/132/107 103/134/109
f 107/138/113 104/137/112 103/134/109 105/139/114
f 105/139/114 103/134/109 93/125/100 91/122/98
f 108/140/115 107/138/113 105/139/114 106/141/116
f 106/141/116 105/139/114 91/122/98 89/121/97
f 110/142/117 109/143/118 107/138/113 108/140/115
f 109/143/118 112/144/119 104/137/112 107/138/113
f 110/145/120 188/146/120 111/147/120 109/148/120
f 109/148/120 111/147/120 113/149/120 112/150/120
f 112/150/120 113/149/120 115/151/120 114/152/120
f 112/144/119 114/153/121 102/135/110 104/137/112
f 114/152/120 115/151/120 117/154/120 116/155/120
f 114/153/121 116/156/122 118/136/111 102/135/110
f 116/157/122 117/158/123 119/159/124 118/160/111
f 118/160/111 119/159/124 121/161/125 101/162/108
f 119/159/124 120/163/126 122/164/127 121/161/125
f 117/158/123 169/165/128 120/163/126 119/159/124
f 101/162/108 121/161/125 123/166/129 99/167/106
f 121/161/125 122/164/127 125/168/130 123/166/129
f 99/167/106 123/166/129 124/169/131 97/170/105
f 123/166/129 125/168/130 127/171/132 124/169/131
f 122/164/127 174/172/133 126/173/134 125/168/130
f 125/168/130 126/173/134 128/174/135 127/171/132
f 127/171/132 128/174/135 130/69/55 49/68/54
f 124/169/131 127/171/132 49/68/54 51/70/56
f 126/173/134 176/175/136 129/176/137 128/174/135
f 128/174/135 129/176/137 131/177/138 130/69/55
f 130/69/55 131/177/138 133/178/139 48/67/53
f 129/179/137 187/180/140 132/181/141 131/182/138
f 131/182/138 132/181/141 135/183/142 133/184/139
f 48/67/53 133/178/139 134/185/143 46/64/50
f 133/184/139 135/183/142 136/186/144 134/187/143
f 135/183/142 137/188/145 140/189/146 136/186/144
f 132/181/141 139/190/147 137/188/145 135/183/142
f 137/188/145 138/191/148 141/192/149 140/189/146
f 139/190/147 143/193/150 138/191/148 137/188/145
f 140/189/146 141/192/149 29/46/34 31/47/35
f 136/186/144 140/189/146 31/47/35 33/49/37
f 141/192/149 76/194/83 189/45/33 29/46/34
f 138/191/148 78/195/84 76/194/83 141/192/149
f 142/196/151 144/197/152 143/193/150 139/190/147
f 187/180/140 142/196/151 139/190/147 132/181/141
f 144/197/152 146/198/88 80/199/85 143/193/150
f 143/193/150 80/199/85 78/195/84 138/191/148
f 186/200/153 145/201/154 144/197/152 142/196/151
f 145/201/154 147/202/155 146/198/88 144/197/152
f 147/203/155 149/204/156 81/111/89 146/110/88
f 185/205/157 148/206/158 147/202/155 145/201/154
f 148/207/158 150/208/159 149/204/156 147/203/155
f 149/204/156 151/209/160 83/112/90 81/111/89
f 150/208/159 153/210/161 151/209/160 149/204/156
f 151/209/160 152/123/99 85/114/92 83/112/90
f 153/210/161 154/211/162 152/123/99 151/209/160
f 155/212/163 156/213/164 154/211/162 153/210/161
f 158/214/165 155/212/163 153/210/161 150/208/159
f 157/215/166 188/216/167 156/213/164 155/212/163
f 160/217/168 157/215/166 155/212/163 158/214/165
f 161/218/169 160/217/168 158/214/165 159/219/170
f 159/219/170 158/214/165 150/208/159 148/207/158
f 160/220/120 161/221/120 163/222/120 162/223/120
f 157/224/120 160/220/120 162/223/120 165/225/120
f 162/223/120 163/222/120 183/226/120 164/227/120
f 165/225/120 162/223/120 164/227/120 166/228/120
f 188/146/120 157/224/120 165/225/120 111/147/120
f 111/147/120 165/225/120 166/228/120 113/149/120
f 113/149/120 166/228/120 167/229/120 115/151/120
f 166/228/120 164/227/120 168/230/120 167/229/120
f 167/229/120 168/230/120 170/231/120 169/232/120
f 115/151/120 167/229/120 169/232/120 117/154/120
f 169/165/128 170/233/171 172/234/172 120/163/126
f 170/233/171 171/235/173 173/236/174 172/234/172
f 168/230/120 182/237/120 171/238/120 170/231/120
f 172/234/172 173/236/174 175/239/175 174/172/133
f 120/163/126 172/234/172 174/172/133 122/164/127
f 174/172/133 175/239/175 176/175/136 126/173/134
f 175/240/175 177/241/176 178/242/177 176/243/136
f 173/244/174 180/245/178 177/241/176 175/240/175
f 177/241/176 179/246/179 186/200/153 178/242/177
f 180/245/178 181/247/180 179/246/179 177/241/176
f 182/248/181 183/249/182 181/247/180 180/245/178
f 171/250/173 182/248/181 180/245/178 173/244/174
f 164/227/120 183/226/120 182/237/120 168/230/120
f 183/249/182 163/251/183 184/252/184 181/247/180
f 181/247/180 184/252/184 185/205/157 179/246/179
f 163/251/183 161/253/169 159/254/170 184/252/184
f 184/252/184 159/254/170 148/206/158 185/205/157
f 179/246/179 185/205/157 145/201/154 186/200/153
f 178/242/177 186/200/153 142/196/151 187/180/140
f 176/243/136 178/242/177 187/180/140 129/179/137
f 188/216/167 110/255/117 108/256/115 156/213/164
f 156/213/164 108/256/115 106/257/116 154/211/162
f 154/211/162 106/257/116 89/124/97 152/123/99
f 134/187/143 136/186/144 33/49/37 35/51/39
f 46/64/50 134/185/143 35/52/39 37/55/41
f 97/170/105 124/169/131 51/70/56 53/71/57
f 75/103/82 190/258/185 28/259/30 189/105/33
f 73/99/78 192/260/186 190/258/185 75/103/82
f 192/260/186 193/261/187 191/262/188 190/258/185
f 190/258/185 191/262/188 26/263/29 28/259/30
f 194/264/189 195/265/190 193/261/187 192/260/186
f 69/97/76 194/264/189 192/260/186 73/99/78
f 196/266/191 197/267/192 195/265/190 194/264/189
f 67/96/73 196/266/191 194/264/189 69/97/76
f 198/268/193 199/269/194 197/270/192 196/271/191
f 64/87/69 198/268/193 196/271/191 67/91/73
f 200/272/195 202/273/196 199/269/194 198/268/193
f 60/84/66 200/272/195 198/268/193 64/87/69
f 201/274/197 203/275/198 202/273/196 200/272/195
f 58/82/64 201/274/197 200/272/195 60/84/66
f 203/275/198 205/8/6 204/276/199 202/273/196
f 202/273/196 204/276/199 206/277/200 199/269/194
f 205/8/6 3/7/5 207/278/201 204/276/199
f 204/276/199 207/278/201 208/279/202 206/277/200
f 210/280/203 208/281/202 207/282/201 209/283/204
f 209/283/204 207/282/201 3/10/5 5/9/7
f 212/284/205 210/280/203 209/283/204 211/285/206
f 211/285/206 209/283/204 5/9/7 9/13/8
f 214/286/207 212/284/205 211/285/206 213/287/208
f 213/287/208 211/285/206 9/13/8 11/19/13
f 20/288/23 213/287/208 11/19/13 14/21/14
f 23/289/25 214/286/207 213/287/208 20/288/23
f 216/290/28 215/291/209 214/286/207 23/289/25
f 215/291/209 218/292/210 212/284/205 214/286/207
f 217/293/211 215/294/209 216/295/28 24/296/27
f 220/297/212 218/298/210 215/294/209 217/293/211
f 218/292/210 219/299/213 210/280/203 212/284/205
f 221/300/214 219/301/213 218/298/210 220/297/212
f 195/265/190 221/300/214 220/297/212 193/261/187
f 193/261/187 220/297/212 217/293/211 191/262/188
f 222/302/215 223/303/216 219/301/213 221/300/214
f 197/267/192 222/302/215 221/300/214 195/265/190
f 206/277/200 208/279/202 223/304/216 222/305/215
f 199/269/194 206/277/200 222/305/215 197/270/192
f 219/299/213 223/306/216 208/281/202 210/280/203
f 191/262/188 217/293/211 24/296/27 26/263/29
f 224/307/217 2/5/4 205/8/6 203/275/198
f 226/308/218 224/307/217 203/275/198 201/274/197
f 225/59/45 6/1/1 2/4/4 224/309/217
f 41/60/46 225/59/45 224/309/217 226/310/218
f 43/61/47 41/60/46 226/310/218 56/80/63
f 56/81/63 226/308/218 201/274/197 58/82/64
f 40/58/44 8/15/10 6/1/1 225/59/45
f 38/30/19 12/17/11 8/15/10 40/58/44
o head.007
v -2.575243 1.007544 0.189193
v -2.558790 0.958569 0.181072
v -2.603269 0.998907 0.173349
v -2.527431 0.991252 0.185947
v -2.567308 1.040762 0.196636
v -2.621812 1.032536 0.197961
v -2.608927 1.053933 0.205870
v -2.636897 1.020261 0.181544
v -2.667293 1.040209 0.209135
v -2.679754 1.027014 0.192377
v -2.717300 1.035701 0.223549
v -2.652592 1.061308 0.216908
v -2.699062 1.061382 0.230022
v -2.637656 1.085994 0.216323
v -2.597269 1.077718 0.205721
v -2.679841 1.089731 0.227846
v -2.624940 1.109070 0.208612
v -2.664289 1.115245 0.219184
v -2.616695 1.127352 0.194292
v -2.586710 1.098611 0.198396
v -2.579577 1.114536 0.184342
v -2.550097 1.084010 0.188652
v -2.543344 1.096665 0.174636
v -2.559126 1.065567 0.196052
v -2.516257 1.065225 0.179623
v -2.508726 1.073527 0.165358
v -2.524608 1.050749 0.187271
v -2.488878 1.040955 0.172204
v -2.501252 1.037000 0.180363
v -2.470509 1.008794 0.167367
v -2.478325 1.043865 0.157212
v -2.474377 1.045569 0.136648
v -2.454627 1.006294 0.150863
v -2.437894 0.959863 0.146380
v -2.447582 1.004933 0.129435
v -2.427677 0.955615 0.124038
v -2.446580 1.004280 0.105010
v -2.424792 0.953495 0.098667
v -2.475496 1.046458 0.113075
v -2.448185 1.004305 0.080286
v -2.479177 1.046906 0.089564
v -2.424593 0.952842 0.072159
v -2.450368 1.006145 0.059224
v -2.483480 1.047578 0.069615
v -2.419344 0.952021 0.045669
v -2.453203 1.011518 0.045905
v -2.421988 0.973792 0.035552
v -2.455591 1.015902 0.038002
v -2.486907 1.048933 0.055916
v -2.489282 1.050276 0.047348
v -2.522133 1.082176 0.065567
v -2.518483 1.082008 0.079297
v -2.558336 1.110022 0.074186
v -2.524477 1.082344 0.056855
v -2.525951 1.082419 0.051383
v -2.560481 1.110022 0.066176
v -2.561874 1.110022 0.060966
v -2.596715 1.131786 0.075100
v -2.595098 1.131786 0.081144
v -2.597940 1.131786 0.070529
v -2.632949 1.147331 0.084023
v -2.669077 1.156659 0.093357
v -2.634006 1.147331 0.080093
v -2.631774 1.147331 0.088401
v -2.630530 1.147331 0.093064
v -2.668082 1.156659 0.097057
v -2.667081 1.156659 0.100794
v -2.704161 1.159768 0.106571
v -2.703197 1.159768 0.110171
v -2.740196 1.156783 0.116228
v -2.705124 1.159768 0.102964
v -2.741159 1.156777 0.112621
v -2.706088 1.159768 0.099363
v -2.742123 1.156777 0.109014
v -2.707058 1.159768 0.095757
v -2.670053 1.156659 0.089713
v -2.671018 1.156659 0.086100
v -2.634983 1.147331 0.076443
v -2.671987 1.156659 0.082487
v -2.708022 1.159768 0.092157
v -2.635965 1.147331 0.072780
v -2.672963 1.156659 0.078831
v -2.708986 1.159768 0.088550
v -2.637040 1.147331 0.068751
v -2.673965 1.156659 0.075100
v -2.709956 1.159768 0.084943
v -2.674978 1.156659 0.071325
v -2.638284 1.147331 0.064124
v -2.603088 1.131786 0.051302
v -2.639621 1.147331 0.059125
v -2.649533 1.147331 0.022139
v -2.605358 1.131786 0.042846
v -2.572209 1.110022 0.022400
v -2.614306 1.131786 0.009441
v -2.623404 1.131786 -0.024511
v -2.579192 1.110022 -0.003648
v -2.587369 1.110022 -0.034168
v -2.543636 1.082431 -0.014617
v -2.551452 1.082431 -0.043787
v -2.508515 1.050948 -0.024206
v -2.537013 1.082431 0.010113
v -2.501911 1.050948 0.000449
v -2.532468 1.082431 0.027076
v -2.497347 1.050948 0.017475
v -2.568005 1.110022 0.038095
v -2.529682 1.082431 0.037461
v -2.528053 1.082431 0.043548
v -2.565480 1.110022 0.047503
v -2.494536 1.050948 0.027978
v -2.492888 1.050948 0.034121
v -2.460877 1.017916 0.018955
v -2.459229 1.017916 0.025099
v -2.429468 0.985656 0.010542
v -2.463688 1.017916 0.008458
v -2.468252 1.017916 -0.008573
v -2.432279 0.985656 0.000045
v -2.403625 0.955989 -0.007634
v -2.436843 0.985656 -0.016987
v -2.408189 0.955989 -0.024666
v -2.443447 0.985656 -0.041636
v -2.474855 1.017916 -0.033223
v -2.414793 0.955989 -0.049316
v -2.451219 0.985656 -0.070644
v -2.422566 0.955989 -0.078324
v -2.458992 0.985656 -0.099652
v -2.482628 1.017916 -0.062231
v -2.490401 1.017916 -0.091233
v -2.516288 1.050948 -0.053208
v -2.524061 1.050948 -0.082217
v -2.530671 1.050948 -0.106866
v -2.559269 1.082431 -0.072957
v -2.565897 1.082431 -0.097688
v -2.595546 1.110022 -0.064681
v -2.602523 1.110022 -0.090735
v -2.632501 1.131786 -0.058456
v -2.669357 1.147331 -0.051840
v -2.641455 1.131786 -0.091867
v -2.679269 1.147331 -0.088833
v -2.643719 1.131786 -0.100324
v -2.680606 1.147331 -0.093826
v -2.606727 1.110022 -0.106424
v -2.645547 1.131786 -0.107145
v -2.609251 1.110022 -0.115833
v -2.646853 1.131786 -0.112021
v -2.681843 1.147331 -0.098459
v -2.717996 1.156659 -0.089224
v -2.682925 1.147331 -0.102482
v -2.718979 1.156659 -0.092881
v -2.683908 1.147331 -0.106151
v -2.719943 1.156659 -0.096494
v -2.684890 1.147331 -0.109813
v -2.647867 1.131786 -0.115808
v -2.611832 1.110022 -0.125465
v -2.648880 1.131786 -0.119582
v -2.612876 1.110022 -0.129357
v -2.650174 1.131786 -0.124414
v -2.614387 1.110022 -0.135003
v -2.651970 1.131786 -0.131130
v -2.685966 1.147331 -0.113824
v -2.721895 1.156659 -0.103757
v -2.687191 1.147331 -0.118419
v -2.688521 1.147331 -0.123369
v -2.722890 1.156659 -0.107488
v -2.723904 1.156659 -0.111256
v -2.758882 1.159768 -0.097650
v -2.759845 1.159768 -0.101251
v -2.757911 1.159768 -0.094044
v -2.794917 1.156783 -0.087993
v -2.795886 1.156789 -0.091594
v -2.793947 1.156777 -0.084387
v -2.830932 1.148320 -0.078342
v -2.829944 1.148276 -0.074742
v -2.831921 1.148370 -0.081937
v -2.866912 1.135112 -0.068698
v -2.867963 1.135286 -0.072280
v -2.902841 1.117906 -0.059072
v -2.865873 1.134963 -0.065116
v -2.901703 1.117552 -0.055515
v -2.864860 1.134857 -0.061528
v -2.900615 1.117303 -0.051946
v -2.863871 1.134820 -0.057928
v -2.828968 1.148245 -0.071142
v -2.827992 1.148233 -0.067541
v -2.792983 1.156771 -0.080786
v -2.792012 1.156771 -0.077180
v -2.756948 1.159768 -0.090437
v -2.755983 1.159768 -0.086837
v -2.720913 1.156659 -0.100107
v -2.755014 1.159768 -0.083230
v -2.754050 1.159768 -0.079630
v -2.791049 1.156771 -0.073579
v -2.827034 1.148245 -0.063935
v -2.790085 1.156777 -0.069973
v -2.826082 1.148276 -0.060328
v -2.789121 1.156783 -0.066372
v -2.825137 1.148320 -0.056721
v -2.788157 1.156789 -0.062766
v -2.753086 1.159768 -0.076023
v -2.716995 1.156659 -0.085494
v -2.752122 1.159768 -0.072423
v -2.715988 1.156659 -0.081713
v -2.741818 1.159768 -0.033981
v -2.705734 1.156659 -0.043458
v -2.731521 1.159768 0.004460
v -2.777860 1.156789 -0.024324
v -2.813895 1.148370 -0.014667
v -2.767556 1.156789 0.014117
v -2.803597 1.148370 0.023774
v -2.757258 1.156789 0.052559
v -2.746955 1.156789 0.091000
v -2.793293 1.148370 0.062215
v -2.721218 1.159768 0.042902
v -2.710920 1.159768 0.081343
v -2.685232 1.156659 0.033064
v -2.695480 1.156659 -0.005197
v -2.659445 1.147331 -0.014854
v -2.829334 1.135286 0.071872
v -2.782996 1.148370 0.100657
v -2.819037 1.135286 0.110314
v -2.782007 1.148320 0.104251
v -2.817986 1.135112 0.113896
v -2.781018 1.148276 0.107851
v -2.745991 1.156783 0.094600
v -2.745021 1.156777 0.098207
v -2.744057 1.156777 0.101807
v -2.780036 1.148245 0.111452
v -2.743087 1.156771 0.105414
v -2.779066 1.148233 0.115052
v -2.814945 1.134820 0.124666
v -2.778108 1.148245 0.118659
v -2.814000 1.134857 0.128278
v -2.777157 1.148276 0.122265
v -2.813086 1.134963 0.131891
v -2.776212 1.148320 0.125878
v -2.775273 1.148370 0.129485
v -2.812191 1.135112 0.135517
v -2.811308 1.135286 0.139142
v -2.848120 1.117906 0.145142
v -2.847349 1.118317 0.148799
v -2.883726 1.097330 0.154681
v -2.848910 1.117552 0.141492
v -2.884367 1.096658 0.150994
v -2.849756 1.117303 0.137855
v -2.885101 1.096180 0.147325
v -2.850676 1.117210 0.134242
v -2.885977 1.095999 0.143700
v -2.851690 1.117303 0.130648
v -2.887034 1.096180 0.140118
v -2.852778 1.117552 0.127078
v -2.815934 1.134857 0.121072
v -2.816947 1.134963 0.117477
v -2.888228 1.096658 0.136580
v -2.853909 1.117906 0.123521
v -2.855072 1.118317 0.119971
v -2.889522 1.097330 0.133060
v -2.890858 1.098107 0.129560
v -2.923591 1.073570 0.142189
v -2.925146 1.074789 0.138744
v -2.954664 1.046695 0.150515
v -2.922118 1.072507 0.145659
v -2.920787 1.071754 0.149166
v -2.952998 1.045246 0.153935
v -2.951536 1.044220 0.157405
v -2.979444 1.015019 0.161018
v -2.977870 1.013769 0.164463
v -2.981266 1.016791 0.157641
v -3.000256 0.982205 0.166596
v -3.002178 0.984176 0.163244
v -2.998621 0.980812 0.170022
v -3.015205 0.948122 0.170600
v -3.013545 0.946680 0.174020
v -3.024284 0.914326 0.173032
v -3.017158 0.950162 0.167261
v -3.019247 0.952494 0.163959
v -3.026199 0.916291 0.169686
v -3.028257 0.918555 0.166372
v -3.029315 0.884136 0.170519
v -3.026361 0.855744 0.169730
v -3.031261 0.886163 0.167180
v -3.027492 0.882364 0.173896
v -3.024701 0.854295 0.173143
v -3.025925 0.881114 0.177334
v -3.023239 0.853269 0.176613
v -3.024725 0.880635 0.180879
v -3.022649 0.912933 0.176458
v -3.021424 0.912405 0.179996
v -3.012314 0.946139 0.177552
v -3.020715 0.912933 0.183665
v -3.023991 0.881114 0.184542
v -3.011611 0.946680 0.181227
v -3.020422 0.914326 0.187452
v -3.023631 0.882364 0.188310
v -3.011344 0.948122 0.185014
v -3.020410 0.916291 0.191307
v -3.020528 0.918555 0.195206
v -3.023519 0.884136 0.192140
v -3.011362 0.950162 0.188882
v -3.011524 0.952494 0.192787
v -2.996382 0.984176 0.184871
v -2.996395 0.982205 0.181010
v -2.975470 1.016791 0.179268
v -2.996507 0.986433 0.188764
v -2.975483 1.018824 0.183136
v -2.988168 0.986371 0.218381
v -2.967101 1.018799 0.212741
v -2.978094 0.985911 0.245487
v -3.003242 0.952432 0.222380
v -3.012301 0.918573 0.224724
v -2.993566 0.951990 0.249324
v -3.002968 0.918747 0.251189
v -2.981148 0.950585 0.271106
v -2.991644 0.918704 0.271859
v -2.964906 0.946773 0.285756
v -2.964557 0.984649 0.267587
v -2.945853 0.982049 0.282256
v -2.942346 1.018240 0.261766
v -2.921969 1.017438 0.276087
v -2.915315 1.048859 0.254391
v -2.956722 1.018650 0.239797
v -2.929878 1.048504 0.232565
v -2.899128 1.074938 0.224021
v -2.940318 1.048374 0.205559
v -2.948707 1.048361 0.175960
v -2.909103 1.074807 0.197158
v -2.874977 1.098064 0.187930
v -2.917422 1.074789 0.167578
v -2.917802 1.073570 0.163816
v -2.883135 1.098107 0.158387
v -2.948869 1.046695 0.172136
v -2.918256 1.072507 0.160073
v -2.949136 1.045246 0.168349
v -2.918853 1.071754 0.156373
v -2.919686 1.071468 0.152729
v -2.949603 1.044220 0.164612
v -2.975943 1.013769 0.171670
v -2.950380 1.043834 0.160956
v -2.976677 1.013296 0.168001
v -2.997396 0.980283 0.173554
v -2.996687 0.980812 0.177229
v -2.975582 1.015019 0.175432
v -2.866153 1.097796 0.214532
v -2.839390 1.118186 0.178348
v -2.831958 1.117278 0.204981
v -2.803510 1.135063 0.168778
v -2.797199 1.133496 0.196058
v -2.767562 1.148071 0.159233
v -2.731546 1.156453 0.149620
v -2.761897 1.145994 0.187253
v -2.760486 1.140298 0.211983
v -2.726006 1.154109 0.177938
v -2.724787 1.147729 0.203339
v -2.689772 1.157007 0.168268
v -2.688074 1.150440 0.193633
v -2.653475 1.153960 0.158593
v -2.695480 1.159426 0.139963
v -2.659377 1.156323 0.130436
v -2.623037 1.147020 0.121780
v -2.617148 1.144838 0.149203
v -2.586343 1.131518 0.114517
v -2.580777 1.129628 0.140249
v -2.549580 1.109816 0.107553
v -2.593146 1.131786 0.088432
v -2.554909 1.110022 0.086958
v -2.544513 1.108355 0.131319
v -2.513514 1.081797 0.098978
v -2.508851 1.080864 0.122085
v -2.506557 1.078377 0.145286
v -2.541795 1.104388 0.154681
v -2.577942 1.124510 0.164270
v -2.614462 1.138906 0.173958
v -2.651206 1.147555 0.183764
v -2.654396 1.135075 0.204390
v -2.692389 1.137662 0.214570
v -2.704154 1.117191 0.229935
v -2.730140 1.135274 0.224457
v -2.743684 1.115201 0.240319
v -2.766195 1.128938 0.232509
v -2.781099 1.110277 0.248372
v -2.798436 1.120114 0.237186
v -2.814206 1.103866 0.251805
v -2.821208 1.112098 0.238361
v -2.794220 1.129180 0.218960
v -2.825585 1.115015 0.225930
v -2.855570 1.097411 0.235395
v -2.885648 1.075436 0.245518
v -2.839750 1.098704 0.248254
v -2.865967 1.077121 0.259242
v -2.838059 1.080534 0.263632
v -2.894440 1.049642 0.268482
v -2.865761 1.050979 0.273034
v -2.830578 1.052646 0.269172
v -2.894278 1.016225 0.280875
v -2.921011 0.977865 0.287678
v -2.860718 1.015000 0.276858
v -2.891928 0.973058 0.284339
v -2.823166 1.014304 0.265193
v -2.861893 0.968581 0.273307
v -2.779620 1.015174 0.243957
v -2.790663 1.054449 0.258869
v -2.746626 1.057154 0.244685
v -2.764316 1.088003 0.251419
v -2.722573 1.089968 0.239847
v -2.803417 1.084607 0.260230
v -2.779899 0.996606 0.220433
v -2.838395 0.963594 0.255685
v -2.830864 0.956331 0.233181
v -2.882221 0.917839 0.264241
v -2.876425 0.911665 0.243510
v -2.916086 0.881854 0.268787
v -2.898693 0.924232 0.280054
v -2.928610 0.887544 0.282231
v -2.921303 0.931389 0.289680
v -2.946226 0.894944 0.290333
v -2.944373 0.939653 0.291850
v -2.963326 0.905869 0.291477
v -2.978511 0.880666 0.285203
v -2.978349 0.915526 0.285390
v -2.985376 0.894459 0.282349
v -2.995394 0.890523 0.271436
v -2.991669 0.866619 0.271734
v -3.006145 0.887525 0.251649
v -3.002893 0.860084 0.251127
v -3.015324 0.886338 0.225489
v -3.012183 0.857740 0.224687
v -3.023538 0.886163 0.196008
v -3.020410 0.857404 0.195169
v -3.010523 0.836417 0.192520
v -3.020572 0.855744 0.191351
v -3.010896 0.835198 0.188758
v -3.020833 0.854295 0.187557
v -3.021306 0.853269 0.183826
v -3.011350 0.834141 0.185020
v -3.011953 0.833389 0.181321
v -2.994362 0.826418 0.180469
v -2.969040 0.835659 0.173678
v -2.995095 0.825939 0.176800
v -2.993721 0.827096 0.184156
v -2.968245 0.836013 0.177328
v -2.993130 0.827867 0.187862
v -2.967480 0.836417 0.180985
v -2.984947 0.828433 0.217393
v -2.959415 0.836958 0.210509
v -2.975974 0.832388 0.243914
v -3.002290 0.836896 0.222081
v -2.992956 0.840254 0.248814
v -2.981366 0.849351 0.270111
v -2.965235 0.842660 0.264652
v -2.966174 0.866974 0.284258
v -2.950616 0.860569 0.277729
v -2.937327 0.861290 0.269477
v -2.943303 0.849998 0.257476
v -2.914034 0.874106 0.251121
v -2.951288 0.840739 0.236955
v -2.918505 0.867546 0.228579
v -2.925426 0.864791 0.201449
v -2.878583 0.907020 0.218674
v -2.884634 0.905092 0.190617
v -2.833078 0.950852 0.207089
v -2.839197 0.948663 0.178522
v -2.784575 0.988834 0.194317
v -2.735930 1.012258 0.181171
v -2.791422 0.986054 0.165750
v -2.743697 1.009497 0.153096
v -2.799300 0.985656 0.135927
v -2.751674 1.009105 0.123459
v -2.800264 0.985656 0.132320
v -2.846970 0.948346 0.148699
v -2.892394 0.904818 0.160868
v -2.847934 0.948340 0.145093
v -2.848897 0.948334 0.141492
v -2.893339 0.904769 0.157262
v -2.894278 0.904725 0.153649
v -2.934200 0.864232 0.168206
v -2.935089 0.864082 0.164587
v -2.933317 0.864399 0.171831
v -2.936003 0.863977 0.160968
v -2.895230 0.904694 0.150043
v -2.936954 0.863933 0.157355
v -2.969886 0.835410 0.170047
v -2.970800 0.835310 0.166428
v -2.971814 0.835410 0.162840
v -2.995972 0.825759 0.173174
v -2.997023 0.825939 0.169593
v -3.012780 0.833103 0.177677
v -3.022083 0.852877 0.180170
v -3.013887 0.833389 0.174107
v -3.015212 0.834141 0.170606
v -3.016691 0.835198 0.167137
v -2.998223 0.826418 0.166048
v -2.972903 0.835659 0.159264
v -2.999516 0.827096 0.162535
v -2.974040 0.836013 0.155707
v -3.000853 0.827867 0.159028
v -3.011151 0.827867 0.120587
v -2.975203 0.836417 0.152157
v -3.018246 0.836417 0.163692
v -3.028549 0.836417 0.125250
v -3.028133 0.857404 0.166341
v -3.038431 0.857404 0.127899
v -3.048734 0.857404 0.089458
v -3.041558 0.886163 0.128739
v -3.051862 0.886163 0.090297
v -3.038555 0.918555 0.127930
v -3.048858 0.918555 0.089489
v -3.029551 0.952494 0.125518
v -3.039848 0.952494 0.087076
v -3.014527 0.986433 0.121494
v -3.024831 0.986433 0.083053
v -3.004230 0.986433 0.159936
v -2.993509 1.018824 0.115861
v -2.983212 1.018824 0.154302
v -3.003807 1.018824 0.077419
v -2.966734 1.048361 0.108685
v -2.956430 1.048361 0.147126
v -2.977031 1.048361 0.070243
v -2.935450 1.074789 0.100302
v -2.945747 1.074789 0.061861
v -2.901162 1.098107 0.091118
v -2.911460 1.098107 0.052677
v -2.865376 1.118317 0.081529
v -2.875673 1.118317 0.043088
v -2.885971 1.118317 0.004647
v -2.839638 1.135286 0.033431
v -2.849936 1.135286 -0.005010
v -2.860233 1.135286 -0.043452
v -2.861116 1.135112 -0.047077
v -2.824198 1.148370 -0.053109
v -2.896275 1.118317 -0.033795
v -2.932060 1.098107 -0.024206
v -2.897045 1.117906 -0.037451
v -2.932651 1.097330 -0.027912
v -2.897842 1.117552 -0.041101
v -2.898681 1.117303 -0.044739
v -2.862012 1.134963 -0.050702
v -2.933292 1.096658 -0.031600
v -2.967181 1.072507 -0.022521
v -2.934026 1.096180 -0.035269
v -2.967778 1.071754 -0.026221
v -2.934908 1.095999 -0.038894
v -2.968612 1.071468 -0.029865
v -2.935960 1.096180 -0.042475
v -2.899601 1.117210 -0.048352
v -2.969712 1.071754 -0.033428
v -2.937154 1.096658 -0.046014
v -2.971043 1.072507 -0.036935
v -2.938447 1.097330 -0.049533
v -2.939784 1.098107 -0.053034
v -2.972517 1.073570 -0.040405
v -2.974077 1.074789 -0.043850
v -3.003589 1.046695 -0.032078
v -3.030191 1.016791 -0.024952
v -3.005356 1.048361 -0.035467
v -3.001923 1.045246 -0.028665
v -3.028369 1.015019 -0.021576
v -3.000462 1.044220 -0.025189
v -3.026796 1.013769 -0.018131
v -2.999305 1.043834 -0.021638
v -3.025602 1.013296 -0.014593
v -2.998528 1.044220 -0.017982
v -3.024868 1.013769 -0.010924
v -2.998061 1.045246 -0.014244
v -3.024508 1.015019 -0.007162
v -2.997794 1.046695 -0.010457
v -3.024396 1.016791 -0.003325
v -2.997632 1.048361 -0.006639
v -2.966728 1.073570 -0.018778
v -2.966348 1.074789 -0.015022
v -2.956051 1.074789 0.023420
v -2.987329 1.048361 0.031802
v -2.921763 1.098107 0.014235
v -3.014111 1.018824 0.038978
v -3.024408 1.018824 0.000536
v -3.035135 0.986433 0.044612
v -3.050146 0.952494 0.048635
v -3.045432 0.986433 0.006170
v -3.045308 0.984176 0.002278
v -3.060450 0.952494 0.010193
v -3.069460 0.918555 0.012612
v -3.060288 0.950162 0.006288
v -3.069335 0.916291 0.008713
v -3.060269 0.948122 0.002421
v -3.060543 0.946686 -0.001366
v -3.045320 0.982205 -0.001584
v -3.069348 0.914326 0.004852
v -3.069640 0.912933 0.001071
v -3.072556 0.882364 0.005716
v -3.072917 0.881114 0.001948
v -3.069764 0.854295 0.004964
v -3.072444 0.884136 0.009547
v -3.069497 0.855744 0.008757
v -3.072464 0.886163 0.013414
v -3.069335 0.857404 0.012575
v -3.062160 0.886163 0.051856
v -3.059156 0.918555 0.051047
v -3.059031 0.857404 0.051016
v -3.049151 0.836417 0.048367
v -3.059448 0.836417 0.009926
v -3.031752 0.827867 0.043710
v -3.038847 0.836417 0.086809
v -3.021455 0.827867 0.082151
v -2.995804 0.836417 0.075274
v -3.006101 0.836417 0.036833
v -2.961641 0.864399 0.066121
v -2.985501 0.836417 0.113715
v -2.951337 0.864399 0.104562
v -2.941040 0.864399 0.143003
v -2.910421 0.904818 0.093599
v -2.900117 0.904818 0.132041
v -2.864996 0.948346 0.081430
v -2.920718 0.904818 0.055158
v -2.875300 0.948346 0.042989
v -2.931022 0.904818 0.016716
v -2.941320 0.904818 -0.021725
v -2.971938 0.864399 0.027679
v -2.885598 0.948346 0.004547
v -2.895902 0.948346 -0.033894
v -2.837922 0.985656 -0.008231
v -2.848226 0.985656 -0.046673
v -2.790370 1.009105 -0.020979
v -2.827625 0.985656 0.030210
v -2.780086 1.009105 0.017413
v -2.817321 0.985656 0.068651
v -2.769819 1.009105 0.055724
v -2.807023 0.985656 0.107093
v -2.759565 1.009105 0.093991
v -2.854699 0.948346 0.119865
v -2.806054 0.985656 0.110699
v -2.853729 0.948340 0.123472
v -2.805089 0.985656 0.114300
v -2.758558 1.009105 0.097765
v -2.757557 1.009105 0.101503
v -2.714365 1.017786 0.084508
v -2.676670 1.012475 0.071021
v -2.715702 1.017786 0.079515
v -2.713121 1.017786 0.089141
v -2.674842 1.012475 0.077842
v -2.712046 1.017786 0.093164
v -2.673536 1.012475 0.082717
v -2.756574 1.009105 0.105159
v -2.711063 1.017786 0.096833
v -2.755611 1.009105 0.108766
v -2.672522 1.012475 0.086504
v -2.710081 1.017786 0.100483
v -2.754641 1.009105 0.112378
v -2.709029 1.017786 0.104407
v -2.671515 1.012475 0.090248
v -2.670295 1.012475 0.094812
v -2.641959 0.993951 0.082425
v -2.640566 0.993951 0.087636
v -2.642991 0.993951 0.078588
v -2.623441 0.964072 0.077488
v -2.624474 0.964159 0.073632
v -2.621967 0.963867 0.082972
v -2.613983 0.929032 0.074839
v -2.612522 0.927416 0.080342
v -2.610638 0.895771 0.073558
v -2.614978 0.929729 0.071089
v -2.611527 0.898252 0.070169
v -2.616010 0.929101 0.067271
v -2.612454 0.895957 0.066749
v -2.617621 0.927932 0.061252
v -2.625531 0.964078 0.069690
v -2.644036 0.993951 0.074683
v -2.627153 0.963929 0.063615
v -2.645566 0.993951 0.068962
v -2.629933 0.963824 0.053243
v -2.620400 0.927042 0.050842
v -2.634473 0.963712 0.036298
v -2.648091 0.993951 0.059554
v -2.652294 0.993951 0.043859
v -2.659358 0.993951 0.017512
v -2.678933 1.012475 0.062564
v -2.687937 1.012475 0.028979
v -2.697370 1.012475 -0.006248
v -2.725633 1.017786 0.042460
v -2.735656 1.017786 0.005051
v -2.745842 1.017786 -0.032968
v -2.707332 1.012475 -0.043414
v -2.756127 1.017786 -0.071347
v -2.717586 1.012475 -0.081675
v -2.800668 1.009105 -0.059414
v -2.757091 1.017786 -0.074954
v -2.718550 1.012475 -0.085276
v -2.758054 1.017786 -0.078554
v -2.801639 1.009105 -0.063014
v -2.802602 1.009105 -0.066621
v -2.849189 0.985656 -0.050273
v -2.850154 0.985656 -0.053880
v -2.896859 0.948340 -0.037501
v -2.897823 0.948334 -0.041107
v -2.942265 0.904769 -0.025338
v -2.943204 0.904725 -0.028944
v -2.983125 0.864232 -0.014387
v -2.984014 0.864082 -0.018013
v -3.017170 0.836013 -0.005265
v -2.982242 0.864399 -0.010762
v -3.016399 0.836417 -0.001609
v -3.042056 0.827867 0.005269
v -3.042646 0.827096 0.001562
v -3.043287 0.826418 -0.002131
v -3.059828 0.835198 0.006164
v -3.060275 0.834141 0.002427
v -3.060879 0.833389 -0.001279
v -3.044021 0.825939 -0.005794
v -3.061705 0.833103 -0.004917
v -3.070231 0.853269 0.001227
v -3.071014 0.852877 -0.002423
v -3.073657 0.880635 -0.001715
v -3.072165 0.853269 -0.005980
v -3.074851 0.881114 -0.005259
v -3.062813 0.833389 -0.008486
v -3.073626 0.854295 -0.009450
v -3.076418 0.882364 -0.008698
v -3.064137 0.834141 -0.011993
v -3.075292 0.855744 -0.012864
v -3.065617 0.835198 -0.015457
v -3.077059 0.857404 -0.016253
v -3.078240 0.884136 -0.012074
v -3.080186 0.886163 -0.015413
v -3.075125 0.916291 -0.012908
v -3.077183 0.918555 -0.016222
v -3.066083 0.950162 -0.015333
v -3.073209 0.914326 -0.009562
v -3.064131 0.948122 -0.011993
v -3.071574 0.912933 -0.006136
v -3.062470 0.946680 -0.008573
v -3.070349 0.912405 -0.002604
v -3.061239 0.946139 -0.005041
v -3.046327 0.980283 -0.009040
v -3.047547 0.980812 -0.012578
v -3.045613 0.980812 -0.005365
v -3.049182 0.982205 -0.015998
v -3.051104 0.984176 -0.019350
v -3.053155 0.986433 -0.022658
v -3.062657 0.986371 -0.059607
v -3.068173 0.952494 -0.018635
v -3.032138 1.018824 -0.028292
v -3.041596 1.018799 -0.065253
v -3.047926 1.018650 -0.100560
v -3.014801 1.048373 -0.072429
v -3.021057 1.048504 -0.107705
v -2.983567 1.074807 -0.080749
v -2.990133 1.074938 -0.115615
v -2.949397 1.098064 -0.089803
v -2.913779 1.118186 -0.099286
v -2.956797 1.097796 -0.123742
v -2.959483 1.097411 -0.152408
v -2.922379 1.117278 -0.132479
v -2.887836 1.133496 -0.142217
v -2.928696 1.115015 -0.158882
v -2.898128 1.129180 -0.168850
v -2.931930 1.112098 -0.174881
v -2.911920 1.120114 -0.186348
v -2.953233 1.098704 -0.175279
v -2.933516 1.103866 -0.193455
v -2.981676 1.077121 -0.172581
v -2.990718 1.075436 -0.146594
v -2.960410 1.080528 -0.192989
v -3.011052 1.049642 -0.166704
v -3.038704 1.017438 -0.159578
v -2.989219 1.050979 -0.187722
v -3.020895 1.048859 -0.139655
v -3.048001 1.018240 -0.132553
v -3.070137 0.984649 -0.126459
v -3.069273 0.985911 -0.094790
v -3.086212 0.950585 -0.121006
v -3.062458 0.982049 -0.152925
v -3.080615 0.946773 -0.146066
v -3.044382 0.977865 -0.172742
v -3.066575 0.939653 -0.164217
v -3.017848 1.016225 -0.180304
v -3.017792 0.973058 -0.185396
v -2.986085 0.968581 -0.190184
v -2.987080 1.015000 -0.194718
v -3.045749 0.931389 -0.174763
v -3.021143 0.924232 -0.176933
v -3.067302 0.894944 -0.161518
v -3.047789 0.887544 -0.162550
v -3.080852 0.866974 -0.143728
v -3.082474 0.905869 -0.153186
v -3.091864 0.880666 -0.137851
v -3.091833 0.915526 -0.138144
v -3.095558 0.918704 -0.115951
v -3.096105 0.894459 -0.130893
v -3.098505 0.890523 -0.113382
v -3.095508 0.866619 -0.115795
v -3.096565 0.887525 -0.085804
v -3.089719 0.886338 -0.052145
v -3.093512 0.860084 -0.087054
v -3.093611 0.918747 -0.087079
v -3.086722 0.918573 -0.053009
v -3.084570 0.951990 -0.090313
v -3.077705 0.952432 -0.055528
v -3.083768 0.840254 -0.090095
v -3.086597 0.857740 -0.053034
v -3.076729 0.836896 -0.055733
v -3.059361 0.828433 -0.060334
v -3.067171 0.836417 -0.018902
v -3.049779 0.827867 -0.023566
v -3.024128 0.836417 -0.030437
v -3.048442 0.827096 -0.020059
v -3.022965 0.836013 -0.026886
v -3.047149 0.826418 -0.016545
v -3.021827 0.835659 -0.023329
v -3.045955 0.825939 -0.013001
v -3.020739 0.835410 -0.019754
v -3.044898 0.825759 -0.009419
v -3.019732 0.835310 -0.016166
v -2.985880 0.863933 -0.025238
v -3.018812 0.835410 -0.012547
v -2.984935 0.863977 -0.021625
v -3.017966 0.835659 -0.008915
v -2.944155 0.904694 -0.032551
v -2.898787 0.948334 -0.044708
v -2.945119 0.904682 -0.036158
v -2.899750 0.948328 -0.048314
v -2.946089 0.904694 -0.039758
v -2.900721 0.948334 -0.051915
v -2.947071 0.904725 -0.043358
v -2.986862 0.863977 -0.028833
v -2.987882 0.864082 -0.032427
v -2.988914 0.864232 -0.036008
v -2.948060 0.904769 -0.046959
v -2.989965 0.864399 -0.039590
v -2.999846 0.864791 -0.076290
v -2.949049 0.904818 -0.050553
v -2.903624 0.948346 -0.062728
v -2.959110 0.905092 -0.087328
v -2.969675 0.907020 -0.121298
v -2.913717 0.948663 -0.099584
v -2.924512 0.950852 -0.134151
v -2.865954 0.986054 -0.112419
v -2.876133 0.988834 -0.147390
v -2.818254 1.009497 -0.125172
v -2.855949 0.985656 -0.075501
v -2.808398 1.009105 -0.088242
v -2.854979 0.985656 -0.071900
v -2.807434 1.009105 -0.084642
v -2.854015 0.985656 -0.068294
v -2.902655 0.948340 -0.059122
v -2.901684 0.948334 -0.055521
v -2.806464 1.009105 -0.081035
v -2.853051 0.985656 -0.064687
v -2.805500 1.009105 -0.077428
v -2.852087 0.985656 -0.061087
v -2.804536 1.009105 -0.073828
v -2.851117 0.985656 -0.057480
v -2.803566 1.009105 -0.070221
v -2.759024 1.017786 -0.082161
v -2.720477 1.012475 -0.092489
v -2.759989 1.017786 -0.085761
v -2.721447 1.012475 -0.096090
v -2.760952 1.017786 -0.089367
v -2.722411 1.012475 -0.099696
v -2.761916 1.017786 -0.092974
v -2.723375 1.012475 -0.103296
v -2.762886 1.017786 -0.096575
v -2.763850 1.017786 -0.100181
v -2.724345 1.012475 -0.106903
v -2.725309 1.012475 -0.110503
v -2.694808 0.993951 -0.114813
v -2.695778 0.993951 -0.118419
v -2.693845 0.993951 -0.111212
v -2.676290 0.963376 -0.119775
v -2.666783 0.923473 -0.122324
v -2.677254 0.963376 -0.123381
v -2.675327 0.963376 -0.116174
v -2.665819 0.923473 -0.118724
v -2.674363 0.963376 -0.112568
v -2.664849 0.923473 -0.115117
v -2.673393 0.963376 -0.108968
v -2.692881 0.993951 -0.107606
v -2.691917 0.993951 -0.104005
v -2.690947 0.993951 -0.100399
v -2.672429 0.963376 -0.105361
v -2.689983 0.993951 -0.096798
v -2.671465 0.963376 -0.101760
v -2.689019 0.993951 -0.093192
v -2.719513 1.012475 -0.088882
v -2.670495 0.963376 -0.098154
v -2.688055 0.993951 -0.089585
v -2.669531 0.963376 -0.094554
v -2.677832 0.993951 -0.051448
v -2.659308 0.963382 -0.056398
v -2.668101 0.993951 -0.015127
v -2.649664 0.963438 -0.020407
v -2.641188 0.963569 0.011244
v -2.639982 0.923983 -0.022297
v -2.631550 0.925015 0.009174
v -2.635946 0.879149 -0.021240
v -2.649676 0.923535 -0.058494
v -2.645839 0.877582 -0.058170
v -2.660023 0.923473 -0.097097
v -2.656516 0.877358 -0.098036
v -2.660987 0.923473 -0.100703
v -2.657486 0.877358 -0.101642
v -2.661951 0.923473 -0.104304
v -2.658450 0.877358 -0.105243
v -2.662921 0.923473 -0.107910
v -2.659414 0.877358 -0.108849
v -2.663885 0.923473 -0.111517
v -2.660384 0.877358 -0.112450
v -2.659881 0.828128 -0.112586
v -2.661348 0.877358 -0.116056
v -2.660844 0.828128 -0.116193
v -2.662311 0.877358 -0.119663
v -2.663282 0.877358 -0.123263
v -2.661814 0.828128 -0.119794
v -2.662778 0.828128 -0.123400
v -2.661435 0.779029 -0.119893
v -2.660471 0.779029 -0.116293
v -2.662399 0.779029 -0.123500
v -2.658811 0.733816 -0.120602
v -2.659775 0.733816 -0.124202
v -2.657841 0.733816 -0.116995
v -2.651678 0.696375 -0.122511
v -2.652642 0.696375 -0.126111
v -2.650708 0.696375 -0.118904
v -2.637787 0.670601 -0.126229
v -2.615886 0.658941 -0.132099
v -2.636823 0.670601 -0.122629
v -2.638751 0.670601 -0.129836
v -2.616856 0.658941 -0.135706
v -2.639714 0.670601 -0.133443
v -2.653606 0.696375 -0.129718
v -2.649241 0.670880 -0.170168
v -2.617820 0.658941 -0.139306
v -2.627465 0.659246 -0.176057
v -2.590665 0.658164 -0.146582
v -2.562011 0.663605 -0.154261
v -2.589701 0.658164 -0.142982
v -2.600452 0.658400 -0.183351
v -2.609114 0.660079 -0.217277
v -2.571923 0.663742 -0.190943
v -2.545638 0.670669 -0.197932
v -2.581443 0.664737 -0.224261
v -2.555991 0.671191 -0.230653
v -2.589800 0.667491 -0.251304
v -2.594271 0.673225 -0.271177
v -2.615575 0.664631 -0.245807
v -2.566681 0.672590 -0.255887
v -2.549444 0.678255 -0.262279
v -2.575554 0.674742 -0.270375
v -2.567389 0.680600 -0.278664
v -2.557888 0.692613 -0.286132
v -2.591889 0.683491 -0.284634
v -2.586082 0.700113 -0.292935
v -2.619293 0.687906 -0.281537
v -2.617005 0.709484 -0.289447
v -2.644155 0.694075 -0.270630
v -2.619101 0.673436 -0.267453
v -2.641580 0.677298 -0.258505
v -2.655639 0.683037 -0.248916
v -2.639373 0.667050 -0.238022
v -2.635119 0.661404 -0.209878
v -2.657916 0.677577 -0.231437
v -2.669786 0.699093 -0.230031
v -2.656037 0.672845 -0.203840
v -2.669425 0.697364 -0.200743
v -2.663070 0.696500 -0.166524
v -2.676347 0.733256 -0.199692
v -2.670178 0.733747 -0.164721
v -2.678802 0.777437 -0.199412
v -2.676054 0.731683 -0.230908
v -2.678056 0.773625 -0.231517
v -2.666279 0.727423 -0.257087
v -2.667181 0.766051 -0.258840
v -2.661901 0.698975 -0.253343
v -2.645398 0.719383 -0.277041
v -2.644291 0.754013 -0.279864
v -2.642226 0.796521 -0.280779
v -2.613411 0.739456 -0.293103
v -2.580031 0.724967 -0.297083
v -2.609891 0.778382 -0.294434
v -2.575069 0.760243 -0.298774
v -2.607765 0.825809 -0.295025
v -2.572116 0.806930 -0.299570
v -2.641039 0.844737 -0.281170
v -2.607883 0.877968 -0.295174
v -2.610700 0.930164 -0.294857
v -2.571910 0.860706 -0.299645
v -2.642295 0.895653 -0.281332
v -2.646959 0.945927 -0.281413
v -2.668480 0.910079 -0.259574
v -2.676471 0.958588 -0.259388
v -2.665950 0.860395 -0.259556
v -2.681289 0.918393 -0.231387
v -2.682863 0.922043 -0.198579
v -2.678075 0.870270 -0.231747
v -2.690611 0.962847 -0.230075
v -2.692358 0.963351 -0.196409
v -2.710211 0.998907 -0.225784
v -2.695343 1.007544 -0.259033
v -2.711212 0.995381 -0.191584
v -2.743417 1.020261 -0.215996
v -2.741663 1.014720 -0.183220
v -2.785937 1.027014 -0.203921
v -2.739835 1.032536 -0.242511
v -2.784750 1.040209 -0.229223
v -2.733318 1.053933 -0.258349
v -2.776603 1.061308 -0.245919
v -2.692769 1.040769 -0.271582
v -2.723319 1.077718 -0.264704
v -2.685487 1.065567 -0.275530
v -2.710242 1.098611 -0.262640
v -2.763582 1.085994 -0.253648
v -2.805892 1.089731 -0.242580
v -2.748460 1.109070 -0.252367
v -2.787821 1.115245 -0.241852
v -2.733430 1.127352 -0.241373
v -2.771132 1.135075 -0.231275
v -2.720148 1.138906 -0.220468
v -2.696313 1.114536 -0.251316
v -2.660073 1.096665 -0.261029
v -2.683684 1.124510 -0.230361
v -2.647593 1.104388 -0.240155
v -2.672646 1.129628 -0.202621
v -2.636835 1.108355 -0.213217
v -2.662990 1.131518 -0.171536
v -2.708569 1.144838 -0.191994
v -2.744704 1.153960 -0.181871
v -2.698228 1.147020 -0.158826
v -2.733946 1.156323 -0.147881
v -2.769968 1.159426 -0.138038
v -2.780969 1.157007 -0.172089
v -2.806029 1.156453 -0.128369
v -2.817178 1.154109 -0.162333
v -2.842026 1.148071 -0.118674
v -2.852908 1.145994 -0.152384
v -2.877930 1.135063 -0.108955
v -2.865550 1.140298 -0.180136
v -2.881897 1.128938 -0.199313
v -2.830367 1.147729 -0.190707
v -2.846752 1.135274 -0.210723
v -2.793729 1.150440 -0.200687
v -2.809119 1.137662 -0.221089
v -2.756867 1.147555 -0.210568
v -2.827730 1.117191 -0.231244
v -2.848928 1.089967 -0.231735
v -2.867136 1.115201 -0.220430
v -2.903450 1.110276 -0.208255
v -2.890896 1.088003 -0.220971
v -2.929063 1.084607 -0.208678
v -2.917460 1.054449 -0.214342
v -2.957158 1.052645 -0.203218
v -2.872085 1.057154 -0.223539
v -2.948627 1.014304 -0.203031
v -2.899719 1.015174 -0.204269
v -2.886786 0.996606 -0.178475
v -2.835329 1.035701 -0.216923
v -2.956244 0.963593 -0.184140
v -2.998285 0.917839 -0.168924
v -2.937240 0.956331 -0.163825
v -2.981751 0.911665 -0.149573
v -3.017979 0.874106 -0.136807
v -3.046415 0.849998 -0.127342
v -3.009155 0.867546 -0.109732
v -3.029613 0.881854 -0.154914
v -3.048056 0.861290 -0.143765
v -3.063969 0.860569 -0.145326
v -3.069080 0.842660 -0.122878
v -3.085839 0.849351 -0.119800
v -3.066586 0.832388 -0.094267
v -3.041708 0.840739 -0.100504
v -3.033810 0.836958 -0.067125
v -2.834620 1.019894 -0.191559
v -2.823446 1.061382 -0.234197
v -2.827413 1.012258 -0.160250
v -2.781503 1.020491 -0.172350
v -2.773538 1.018122 -0.137130
v -2.734836 1.012755 -0.147527
v -2.705193 0.994125 -0.155493
v -2.686625 0.963370 -0.160442
v -2.677124 0.923293 -0.162942
v -2.673629 0.877097 -0.163856
v -2.667746 0.923473 -0.125931
v -2.664245 0.877358 -0.126870
v -2.663742 0.828128 -0.127001
v -2.673138 0.827867 -0.163981
v -2.663369 0.779029 -0.127100
v -2.672783 0.778830 -0.164074
v -2.660738 0.733816 -0.127809
v -2.679026 0.826058 -0.199406
v -2.677920 0.821133 -0.231716
v -2.679430 0.875263 -0.199325
v -2.666304 0.811544 -0.259363
v -2.627869 1.109816 -0.184625
v -2.654197 1.131786 -0.139418
v -2.620947 1.110022 -0.159491
v -2.616856 1.110022 -0.144213
v -2.585715 1.082008 -0.171604
v -2.581269 1.082176 -0.155132
v -2.592418 1.081797 -0.195507
v -2.550538 1.047578 -0.180646
v -2.557962 1.046906 -0.204468
v -2.516562 1.006145 -0.187815
v -2.545924 1.048933 -0.164329
v -2.543331 1.050276 -0.154367
v -2.511662 1.011524 -0.172263
v -2.509454 1.015902 -0.163036
v -2.479326 0.973792 -0.178438
v -2.482578 0.952021 -0.190315
v -2.449976 0.942078 -0.182822
v -2.477809 0.982286 -0.170827
v -2.448993 0.952034 -0.177642
v -2.476671 0.985233 -0.165753
v -2.447999 0.955497 -0.173327
v -2.475682 0.985656 -0.161941
v -2.508111 1.017661 -0.157420
v -2.507091 1.017916 -0.153528
v -2.541801 1.050867 -0.148441
v -2.540757 1.050948 -0.144505
v -2.576972 1.082419 -0.139033
v -2.575915 1.082431 -0.135084
v -2.578570 1.082344 -0.145021
v -2.574858 1.082431 -0.131123
v -2.539693 1.050948 -0.140538
v -2.573222 1.082431 -0.125035
v -2.610781 1.110022 -0.121553
v -2.538046 1.050948 -0.134394
v -2.570437 1.082431 -0.114651
v -2.535228 1.050948 -0.123898
v -2.501569 1.017916 -0.132914
v -2.504386 1.017916 -0.143417
v -2.470160 0.985656 -0.141334
v -2.497005 1.017916 -0.115888
v -2.465596 0.985656 -0.124302
v -2.436942 0.955989 -0.131981
v -2.441506 0.955989 -0.149013
v -2.410540 0.928659 -0.139058
v -2.430338 0.955989 -0.107326
v -2.403936 0.928659 -0.114402
v -2.396163 0.928659 -0.085400
v -2.379032 0.902878 -0.121074
v -2.371258 0.902878 -0.092072
v -2.385642 0.902878 -0.145730
v -2.354886 0.877874 -0.127548
v -2.361490 0.877874 -0.152197
v -2.347113 0.877874 -0.098539
v -2.354880 0.853001 -0.127548
v -2.354880 0.828128 -0.127548
v -2.347107 0.853001 -0.098539
v -2.361490 0.853001 -0.152197
v -2.361490 0.828128 -0.152197
v -2.366054 0.853001 -0.169229
v -2.366048 0.828128 -0.169229
v -2.368865 0.853001 -0.179725
v -2.366054 0.877874 -0.169229
v -2.368865 0.877874 -0.179725
v -2.390200 0.902878 -0.162756
v -2.393017 0.902878 -0.173258
v -2.415104 0.928659 -0.156083
v -2.417915 0.928659 -0.166586
v -2.419562 0.928659 -0.172730
v -2.444317 0.955989 -0.159510
v -2.472977 0.985656 -0.151830
v -2.445965 0.955989 -0.165653
v -2.474619 0.985656 -0.157974
v -2.447028 0.955989 -0.169621
v -2.420625 0.928659 -0.176697
v -2.395721 0.902878 -0.183369
v -2.421583 0.928187 -0.180310
v -2.396679 0.902493 -0.186939
v -2.422510 0.924878 -0.183966
v -2.397581 0.899813 -0.190321
v -2.423324 0.915694 -0.187548
v -2.423809 0.896784 -0.190216
v -2.398358 0.892512 -0.193300
v -2.398937 0.878167 -0.195569
v -2.374200 0.870879 -0.199636
v -2.374791 0.861290 -0.201850
v -2.373423 0.875804 -0.196745
v -2.374331 0.849675 -0.200127
v -2.375158 0.846267 -0.203205
v -2.373460 0.851963 -0.196882
v -2.374387 0.828128 -0.200339
v -2.375276 0.828128 -0.203653
v -2.373479 0.828128 -0.196944
v -2.374331 0.806582 -0.200127
v -2.375158 0.809990 -0.203205
v -2.373460 0.804294 -0.196882
v -2.374200 0.785378 -0.199636
v -2.398228 0.763626 -0.193219
v -2.373423 0.780453 -0.196745
v -2.374791 0.794966 -0.201850
v -2.398824 0.777866 -0.195439
v -2.422895 0.757656 -0.189177
v -2.399191 0.800556 -0.196788
v -2.423269 0.788941 -0.190514
v -2.399328 0.828066 -0.197261
v -2.423536 0.827631 -0.191148
v -2.399254 0.855514 -0.196882
v -2.423803 0.865842 -0.191248
v -2.449211 0.878198 -0.186926
v -2.448017 0.826574 -0.185496
v -2.475490 0.892519 -0.183904
v -2.450368 0.919282 -0.186995
v -2.472660 0.825143 -0.180123
v -2.489151 0.892985 -0.216450
v -2.484401 0.828302 -0.215555
v -2.503689 0.894452 -0.247374
v -2.501799 0.952842 -0.215978
v -2.516785 0.953495 -0.244663
v -2.526417 1.004305 -0.211681
v -2.538860 1.004280 -0.239390
v -2.567956 1.046458 -0.231996
v -2.553373 1.004933 -0.265395
v -2.580193 1.045569 -0.258256
v -2.533438 0.955615 -0.270655
v -2.571363 1.006294 -0.284802
v -2.595061 1.043865 -0.278447
v -2.554630 0.959863 -0.289285
v -2.594103 1.008794 -0.293899
v -2.612423 1.040955 -0.288881
v -2.621657 1.014509 -0.293215
v -2.582301 0.966877 -0.297008
v -2.615575 0.977299 -0.294260
v -2.575131 0.915924 -0.298836
v -2.544444 0.904949 -0.292015
v -2.539892 0.846665 -0.293234
v -2.521213 0.898053 -0.273833
v -2.515728 0.837617 -0.275219
v -2.515591 0.780994 -0.275219
v -2.498075 0.832152 -0.248213
v -2.497820 0.773283 -0.248002
v -2.483953 0.764553 -0.214803
v -2.501843 0.726565 -0.246883
v -2.519546 0.735115 -0.274156
v -2.487478 0.713867 -0.213727
v -2.509473 0.698427 -0.244787
v -2.526561 0.704969 -0.272110
v -2.520696 0.684132 -0.241398
v -2.495929 0.690126 -0.211457
v -2.508316 0.680966 -0.208093
v -2.483804 0.678759 -0.175217
v -2.497565 0.677851 -0.171530
v -2.482833 0.678759 -0.171617
v -2.471541 0.678890 -0.178500
v -2.470571 0.678890 -0.174900
v -2.447059 0.730190 -0.183263
v -2.471678 0.753136 -0.178706
v -2.447439 0.773165 -0.184488
v -2.446400 0.711424 -0.180801
v -2.445543 0.705703 -0.177593
v -2.422286 0.739648 -0.186907
v -2.421490 0.731745 -0.183923
v -2.420583 0.729021 -0.180534
v -2.397450 0.756487 -0.190315
v -2.396555 0.753882 -0.186970
v -2.372528 0.778643 -0.193406
v -2.395597 0.753509 -0.183400
v -2.371576 0.778382 -0.189836
v -2.394540 0.753509 -0.179439
v -2.419625 0.728636 -0.176964
v -2.443652 0.703763 -0.170529
v -2.418580 0.728636 -0.173059
v -2.417044 0.728636 -0.167338
v -2.442638 0.703763 -0.166748
v -2.441345 0.703763 -0.161929
v -2.466709 0.678890 -0.160486
v -2.465745 0.678890 -0.156879
v -2.467674 0.678890 -0.164086
v -2.478972 0.678759 -0.157196
v -2.479936 0.678759 -0.160803
v -2.492739 0.677851 -0.153509
v -2.478009 0.678759 -0.153596
v -2.491769 0.677851 -0.149909
v -2.477044 0.678759 -0.149989
v -2.464782 0.678890 -0.153279
v -2.490805 0.677851 -0.146302
v -2.476074 0.678759 -0.146389
v -2.489841 0.677851 -0.142702
v -2.463811 0.678890 -0.149672
v -2.465777 0.678759 -0.107954
v -2.453514 0.678890 -0.111231
v -2.479556 0.677851 -0.104316
v -2.455491 0.678759 -0.069562
v -2.469371 0.677851 -0.066298
v -2.445225 0.678759 -0.031252
v -2.443211 0.678890 -0.072789
v -2.432913 0.678890 -0.034348
v -2.419189 0.703763 -0.079225
v -2.410235 0.703763 -0.045821
v -2.395162 0.728636 -0.085668
v -2.428138 0.703763 -0.112636
v -2.435444 0.703763 -0.139903
v -2.403289 0.728636 -0.116000
v -2.410061 0.728636 -0.141259
v -2.378951 0.753509 -0.121273
v -2.371135 0.753509 -0.092103
v -2.354886 0.778382 -0.127548
v -2.385579 0.753509 -0.146004
v -2.361490 0.778382 -0.152197
v -2.390119 0.753509 -0.162967
v -2.366054 0.778382 -0.169229
v -2.414476 0.728636 -0.157744
v -2.392905 0.753509 -0.173351
v -2.368865 0.778382 -0.179725
v -2.368865 0.803255 -0.179725
v -2.370513 0.778382 -0.185869
v -2.370513 0.803255 -0.185869
v -2.370513 0.828128 -0.185869
v -2.371576 0.803255 -0.189836
v -2.371576 0.828128 -0.189836
v -2.372534 0.803386 -0.193424
v -2.372534 0.828128 -0.193430
v -2.372534 0.852871 -0.193424
v -2.372528 0.877613 -0.193406
v -2.371576 0.853001 -0.189836
v -2.371576 0.877874 -0.189836
v -2.370513 0.853001 -0.185869
v -2.370513 0.877874 -0.185869
v -2.394659 0.902878 -0.179402
v -2.368865 0.828128 -0.179725
v -2.366048 0.803255 -0.169229
v -2.361490 0.803255 -0.152197
v -2.354880 0.803255 -0.127548
v -2.347107 0.803255 -0.098539
v -2.347113 0.778382 -0.098539
v -2.339341 0.803255 -0.069537
v -2.347107 0.828128 -0.098539
v -2.339341 0.828128 -0.069537
v -2.332730 0.828128 -0.044882
v -2.339341 0.853001 -0.069537
v -2.332730 0.853001 -0.044882
v -2.339341 0.877874 -0.069537
v -2.363486 0.902878 -0.063064
v -2.332737 0.877874 -0.044882
v -2.356882 0.902878 -0.038415
v -2.328173 0.877874 -0.027856
v -2.325356 0.877874 -0.017354
v -2.352318 0.902878 -0.021383
v -2.328173 0.853001 -0.027856
v -2.328173 0.828128 -0.027856
v -2.325356 0.853001 -0.017354
v -2.325356 0.828128 -0.017354
v -2.323708 0.853001 -0.011210
v -2.323708 0.828128 -0.011210
v -2.322644 0.853001 -0.007243
v -2.323708 0.877874 -0.011210
v -2.347859 0.902878 -0.004743
v -2.322651 0.877874 -0.007243
v -2.346796 0.902878 -0.000776
v -2.321693 0.877613 -0.003680
v -2.345839 0.902493 0.002800
v -2.320798 0.875804 -0.000334
v -2.321687 0.852871 -0.003661
v -2.320760 0.851963 -0.000197
v -2.321687 0.828128 -0.003655
v -2.320741 0.828128 -0.000135
v -2.321687 0.803386 -0.003661
v -2.322644 0.828128 -0.007243
v -2.322644 0.803255 -0.007243
v -2.322644 0.778382 -0.007243
v -2.323714 0.803255 -0.011210
v -2.323708 0.778382 -0.011210
v -2.325356 0.803255 -0.017354
v -2.328166 0.803255 -0.027856
v -2.325356 0.778382 -0.017354
v -2.328173 0.778382 -0.027856
v -2.349364 0.753509 -0.010855
v -2.347735 0.753509 -0.004768
v -2.352150 0.753509 -0.021240
v -2.373280 0.728636 -0.003997
v -2.371744 0.728636 0.001724
v -2.375848 0.728636 -0.013585
v -2.397028 0.703763 0.003471
v -2.399017 0.703763 -0.003953
v -2.395734 0.703763 0.008291
v -2.420682 0.678890 0.011300
v -2.432956 0.678759 0.014521
v -2.421645 0.678890 0.007694
v -2.419718 0.678890 0.014901
v -2.418748 0.678890 0.018507
v -2.431980 0.678759 0.018184
v -2.431017 0.678759 0.021791
v -2.445760 0.677851 0.021815
v -2.462562 0.675389 0.026187
v -2.444778 0.677851 0.025478
v -2.446836 0.677851 0.017792
v -2.463868 0.675389 0.021312
v -2.448079 0.677851 0.013159
v -2.465696 0.675389 0.014490
v -2.449417 0.677851 0.008160
v -2.433958 0.678759 0.010790
v -2.434971 0.678759 0.007016
v -2.422609 0.678890 0.004093
v -2.402928 0.703763 -0.018554
v -2.380263 0.728636 -0.030076
v -2.387034 0.728636 -0.055329
v -2.356695 0.753509 -0.038203
v -2.363318 0.753509 -0.062933
v -2.332730 0.778382 -0.044882
v -2.339341 0.778382 -0.069537
v -2.332730 0.803255 -0.044882
v -2.467960 0.675389 0.006033
v -2.459347 0.677851 -0.028889
v -2.476957 0.675389 -0.027558
v -2.486397 0.675389 -0.062778
v -2.499187 0.670601 -0.025406
v -2.507930 0.670601 -0.058046
v -2.492124 0.670601 0.000947
v -2.525939 0.663406 -0.019636
v -2.534420 0.663537 -0.051287
v -2.519223 0.663263 0.005411
v -2.554468 0.656616 -0.011477
v -2.581132 0.653482 -0.002330
v -2.547840 0.655447 0.013303
v -2.562900 0.657654 -0.042948
v -2.589520 0.657144 -0.033677
v -2.572595 0.658096 -0.079145
v -2.599414 0.658711 -0.070613
v -2.582941 0.658164 -0.117754
v -2.544058 0.663593 -0.087278
v -2.517662 0.670601 -0.094367
v -2.554288 0.663605 -0.125433
v -2.527879 0.670601 -0.132504
v -2.555252 0.663605 -0.129034
v -2.556215 0.663605 -0.132641
v -2.583906 0.658164 -0.121354
v -2.528849 0.670601 -0.136110
v -2.507576 0.675389 -0.141812
v -2.529813 0.670601 -0.139711
v -2.508540 0.675389 -0.145413
v -2.530776 0.670601 -0.143317
v -2.509504 0.675389 -0.149019
v -2.531747 0.670601 -0.146924
v -2.557179 0.663605 -0.136241
v -2.585839 0.658164 -0.128561
v -2.558149 0.663605 -0.139847
v -2.586803 0.658164 -0.132168
v -2.559113 0.663605 -0.143448
v -2.587767 0.658164 -0.135774
v -2.560077 0.663605 -0.147054
v -2.532710 0.670601 -0.150524
v -2.533674 0.670601 -0.154131
v -2.511438 0.675389 -0.156226
v -2.494667 0.677851 -0.160716
v -2.510473 0.675389 -0.152620
v -2.512401 0.675389 -0.159827
v -2.513365 0.675389 -0.163433
v -2.495637 0.677851 -0.164323
v -2.481870 0.678759 -0.168010
v -2.496600 0.677851 -0.167923
v -2.469607 0.678890 -0.171293
v -2.480906 0.678759 -0.164404
v -2.468643 0.678890 -0.167693
v -2.444609 0.704005 -0.174110
v -2.534644 0.670601 -0.157731
v -2.514335 0.675389 -0.167034
v -2.535608 0.670601 -0.161338
v -2.524552 0.675843 -0.203641
v -2.535857 0.676682 -0.236529
v -2.561041 0.663605 -0.150655
v -2.493703 0.677851 -0.157116
v -2.588737 0.658164 -0.139375
v -2.614922 0.658941 -0.128499
v -2.613959 0.658941 -0.124893
v -2.612988 0.658941 -0.121286
v -2.635853 0.670601 -0.119022
v -2.649745 0.696375 -0.115304
v -2.634889 0.670601 -0.115422
v -2.648781 0.696375 -0.111697
v -2.633925 0.670601 -0.111816
v -2.647810 0.696375 -0.108097
v -2.632955 0.670601 -0.108215
v -2.612025 0.658941 -0.117685
v -2.611061 0.658941 -0.114079
v -2.584869 0.658164 -0.124961
v -2.610090 0.658941 -0.110479
v -2.631992 0.670601 -0.104608
v -2.620649 0.670010 -0.062268
v -2.645883 0.696375 -0.100890
v -2.633577 0.695424 -0.054725
v -2.653015 0.733816 -0.098975
v -2.646847 0.696375 -0.104490
v -2.653979 0.733816 -0.102581
v -2.656609 0.779029 -0.101879
v -2.654943 0.733816 -0.106182
v -2.657573 0.779029 -0.105479
v -2.655913 0.733816 -0.109788
v -2.658537 0.779029 -0.109086
v -2.656877 0.733816 -0.113389
v -2.659507 0.779029 -0.112686
v -2.658916 0.828128 -0.108986
v -2.657947 0.828128 -0.105380
v -2.656982 0.828128 -0.101773
v -2.656018 0.828128 -0.098173
v -2.644670 0.828719 -0.055832
v -2.655639 0.779029 -0.098272
v -2.643333 0.779856 -0.052114
v -2.640131 0.733554 -0.049975
v -2.632370 0.787249 -0.010091
v -2.634361 0.832848 -0.017316
v -2.624007 0.809094 0.022114
v -2.627757 0.731142 0.005698
v -2.626905 0.727019 0.039463
v -2.619996 0.679350 0.032268
v -2.622552 0.687502 -0.012721
v -2.622738 0.782094 0.033002
v -2.624182 0.765603 0.046577
v -2.616190 0.821574 0.055724
v -2.618609 0.802372 0.059753
v -2.615326 0.824037 0.063223
v -2.616881 0.836324 0.048666
v -2.619523 0.853443 0.038275
v -2.614667 0.838967 0.058155
v -2.615594 0.858598 0.053311
v -2.612764 0.843637 0.065685
v -2.613175 0.862982 0.062558
v -2.611322 0.853176 0.070163
v -2.613809 0.828234 0.071307
v -2.614344 0.824397 0.080211
v -2.621426 0.809679 0.074864
v -2.610551 0.842349 0.074888
v -2.609294 0.860961 0.077500
v -2.609164 0.834608 0.082562
v -2.607050 0.851260 0.086585
v -2.607230 0.826841 0.092237
v -2.602622 0.827761 0.103940
v -2.614673 0.822364 0.088028
v -2.618168 0.817408 0.120904
v -2.597212 0.827649 0.122483
v -2.626158 0.807359 0.149713
v -2.637973 0.805954 0.119237
v -2.666317 0.784750 0.154843
v -2.652629 0.793629 0.115245
v -2.680606 0.773600 0.139111
v -2.660322 0.780173 0.109624
v -2.627881 0.811519 0.090813
v -2.642960 0.795308 0.096926
v -2.624461 0.811090 0.082916
v -2.639143 0.792187 0.089850
v -2.658257 0.767537 0.100582
v -2.633135 0.787747 0.080398
v -2.627757 0.783288 0.070679
v -2.649707 0.756848 0.088612
v -2.638390 0.753577 0.074198
v -2.671732 0.711896 0.102149
v -2.683416 0.741390 0.116041
v -2.714222 0.699640 0.132942
v -2.683547 0.674947 0.116128
v -2.644882 0.720042 0.076468
v -2.649838 0.679319 0.088699
v -2.638446 0.689915 0.074223
v -2.633677 0.657486 0.080877
v -2.658674 0.662952 0.100931
v -2.662032 0.648202 0.111191
v -2.640846 0.648973 0.091423
v -2.647002 0.643483 0.100520
v -2.628689 0.638639 0.087089
v -2.639547 0.636798 0.101229
v -2.617739 0.633341 0.085180
v -2.622310 0.642618 0.075970
v -2.611017 0.634336 0.071412
v -2.619418 0.647773 0.067165
v -2.618268 0.653177 0.059666
v -2.627887 0.665794 0.070766
v -2.612385 0.637370 0.062539
v -2.613199 0.640193 0.054928
v -2.604308 0.636008 0.055400
v -2.606745 0.638334 0.045955
v -2.600378 0.634951 0.062458
v -2.591324 0.640492 0.046813
v -2.587114 0.639186 0.055581
v -2.570125 0.646896 0.038412
v -2.595502 0.645255 0.031839
v -2.601895 0.656143 0.007812
v -2.574659 0.649440 0.021946
v -2.613933 0.665533 0.019415
v -2.610333 0.665875 -0.023752
v -2.566401 0.645995 0.048274
v -2.543275 0.654663 0.030179
v -2.514684 0.663164 0.022356
v -2.540153 0.654365 0.040495
v -2.537809 0.654452 0.046315
v -2.511860 0.663126 0.032722
v -2.510138 0.663139 0.038773
v -2.485395 0.670601 0.026044
v -2.483866 0.670601 0.031765
v -2.487920 0.670601 0.016636
v -2.482815 0.670601 0.035676
v -2.481789 0.670601 0.039506
v -2.461542 0.675389 0.029974
v -2.509031 0.663157 0.042696
v -2.536342 0.654576 0.050022
v -2.508054 0.663139 0.046570
v -2.535800 0.654433 0.053883
v -2.506693 0.663108 0.052074
v -2.535204 0.654184 0.059548
v -2.504436 0.663089 0.060847
v -2.480396 0.670601 0.044717
v -2.459316 0.675389 0.038281
v -2.478251 0.670601 0.052726
v -2.474825 0.670601 0.065499
v -2.457699 0.675389 0.044332
v -2.455746 0.675389 0.051613
v -2.441569 0.677851 0.037442
v -2.440325 0.677851 0.042099
v -2.428075 0.678759 0.032747
v -2.442744 0.677851 0.033058
v -2.429070 0.678759 0.029047
v -2.443801 0.677851 0.029128
v -2.430046 0.678759 0.025403
v -2.460541 0.675389 0.033717
v -2.417784 0.678890 0.022108
v -2.416821 0.678890 0.025714
v -2.393763 0.704005 0.015653
v -2.394727 0.703763 0.012071
v -2.369741 0.729021 0.009205
v -2.392830 0.705703 0.019135
v -2.368834 0.731745 0.012587
v -2.391972 0.711424 0.022344
v -2.368032 0.739648 0.015572
v -2.391306 0.730190 0.024806
v -2.415850 0.678890 0.029321
v -2.414886 0.678890 0.032921
v -2.414918 0.753136 0.033120
v -2.412990 0.713867 0.064268
v -2.427074 0.678759 0.036484
v -2.421403 0.690126 0.066668
v -2.418282 0.698427 0.095533
v -2.433547 0.680966 0.070959
v -2.429593 0.684132 0.098605
v -2.449186 0.675843 0.077637
v -2.469576 0.670675 0.085945
v -2.444921 0.676682 0.102846
v -2.465074 0.671191 0.108641
v -2.445492 0.678255 0.125667
v -2.463507 0.672590 0.129162
v -2.453906 0.680600 0.144869
v -2.431384 0.687620 0.123845
v -2.442185 0.692613 0.145690
v -2.420974 0.704969 0.121936
v -2.433074 0.712991 0.144863
v -2.413885 0.735115 0.120164
v -2.426769 0.745220 0.143401
v -2.410639 0.726565 0.093481
v -2.409930 0.781000 0.119113
v -2.410048 0.837617 0.119169
v -2.406603 0.773283 0.092430
v -2.423194 0.791322 0.142444
v -2.423157 0.846665 0.142431
v -2.448844 0.806912 0.161447
v -2.448478 0.860700 0.161329
v -2.483804 0.825660 0.175289
v -2.451947 0.760200 0.162348
v -2.457133 0.724880 0.163536
v -2.487111 0.778034 0.176713
v -2.491284 0.738753 0.178230
v -2.528830 0.795053 0.186183
v -2.575735 0.804990 0.188988
v -2.523010 0.844240 0.182763
v -2.532592 0.751190 0.189609
v -2.578010 0.755971 0.199186
v -2.535807 0.714794 0.190107
v -2.579540 0.716958 0.201300
v -2.496427 0.708097 0.177950
v -2.539898 0.686519 0.185543
v -2.581897 0.685462 0.196760
v -2.502732 0.685456 0.173728
v -2.544854 0.666378 0.174406
v -2.585149 0.662305 0.184883
v -2.509361 0.669985 0.163573
v -2.550277 0.653979 0.156136
v -2.588855 0.647929 0.165588
v -2.515467 0.660670 0.146405
v -2.555078 0.647630 0.133521
v -2.591006 0.640554 0.141853
v -2.521045 0.655981 0.124784
v -2.558342 0.645298 0.110221
v -2.560469 0.644994 0.089955
v -2.590068 0.637868 0.117415
v -2.526187 0.654265 0.102236
v -2.495817 0.663226 0.094128
v -2.530484 0.654029 0.082524
v -2.500835 0.663083 0.074609
v -2.533506 0.654060 0.068552
v -2.561911 0.645081 0.075535
v -2.586343 0.637725 0.080858
v -2.562129 0.645466 0.066158
v -2.584272 0.638396 0.070815
v -2.560792 0.646250 0.060182
v -2.560014 0.646791 0.056370
v -2.580143 0.639895 0.064317
v -2.592723 0.636158 0.065256
v -2.575069 0.641748 0.060418
v -2.581269 0.639994 0.059529
v -2.562552 0.646318 0.053379
v -2.599650 0.634242 0.072625
v -2.604470 0.633421 0.083768
v -2.610339 0.633123 0.100178
v -2.619225 0.633415 0.122900
v -2.587872 0.637544 0.096118
v -2.627458 0.632694 0.101801
v -2.643103 0.633092 0.124498
v -2.667678 0.635660 0.155776
v -2.657076 0.638023 0.119455
v -2.681906 0.641194 0.140298
v -2.685823 0.654016 0.127514
v -2.712195 0.645628 0.159190
v -2.713333 0.657269 0.145429
v -2.708862 0.641319 0.176476
v -2.738572 0.653258 0.172857
v -2.754703 0.666857 0.179088
v -2.738709 0.650080 0.190045
v -2.733287 0.659482 0.159109
v -2.740637 0.671832 0.158257
v -2.743908 0.690872 0.157548
v -2.714427 0.675911 0.136717
v -2.760075 0.685475 0.180543
v -2.740606 0.711417 0.158238
v -2.754678 0.706884 0.179076
v -2.714365 0.722803 0.136692
v -2.733232 0.727212 0.159084
v -2.713202 0.740880 0.145342
v -2.738523 0.729096 0.172839
v -2.738678 0.729973 0.190032
v -2.711971 0.751357 0.159022
v -2.708644 0.755095 0.176358
v -2.704465 0.750891 0.195616
v -2.667772 0.773911 0.184790
v -2.732193 0.728567 0.205547
v -2.701368 0.739325 0.211902
v -2.666528 0.757744 0.205161
v -2.723332 0.726074 0.214986
v -2.702830 0.719483 0.222927
v -2.704422 0.695785 0.226987
v -2.730414 0.709782 0.222324
v -2.666596 0.733020 0.217561
v -2.667187 0.704279 0.221634
v -2.623932 0.747210 0.208930
v -2.624474 0.712524 0.212331
v -2.624536 0.778419 0.197028
v -2.626775 0.796533 0.176290
v -2.584061 0.819236 0.169002
v -2.577979 0.869729 0.165912
v -2.590845 0.825492 0.145261
v -2.589520 0.875076 0.144384
v -2.591591 0.921987 0.144676
v -2.597436 0.877184 0.122067
v -2.600719 0.923355 0.122676
v -2.603008 0.879286 0.102591
v -2.606415 0.924126 0.103225
v -2.606844 0.885007 0.088177
v -2.610140 0.925563 0.089302
v -2.609239 0.890815 0.078955
v -2.619623 0.963637 0.091740
v -2.638421 0.993951 0.095645
v -2.615942 0.963457 0.105495
v -2.610165 0.963382 0.124995
v -2.634995 0.993951 0.108417
v -2.666720 1.012475 0.108144
v -2.628982 0.994125 0.128913
v -2.619157 0.995381 0.151964
v -2.659364 1.012755 0.134142
v -2.698720 1.018122 0.142095
v -2.649900 1.014720 0.159252
v -2.690026 1.020491 0.169052
v -2.706611 1.017786 0.113448
v -2.707855 1.017786 0.108790
v -2.752676 1.009105 0.119722
v -2.668673 1.012475 0.100862
v -2.753664 1.009105 0.116022
v -2.801228 0.985656 0.128714
v -2.802192 0.985656 0.125113
v -2.803162 0.985656 0.121507
v -2.849861 0.948334 0.137886
v -2.850825 0.948328 0.134279
v -2.851795 0.948334 0.130679
v -2.896194 0.904682 0.146436
v -2.897163 0.904694 0.142835
v -2.937937 0.863977 0.153761
v -2.898146 0.904725 0.139235
v -2.852759 0.948334 0.127072
v -2.899128 0.904769 0.135635
v -2.938951 0.864082 0.150167
v -2.939989 0.864232 0.146585
v -2.804126 0.985656 0.117906
v -2.600396 0.963345 0.147120
v -2.584303 0.962829 0.167591
v -2.577028 0.918268 0.165078
v -2.553790 0.909905 0.178684
v -2.520274 0.895528 0.181420
v -2.557708 0.859487 0.180668
v -2.482646 0.877924 0.174779
v -2.522823 0.945915 0.182794
v -2.484736 0.930158 0.175562
v -2.489213 0.977299 0.177316
v -2.451605 0.915924 0.162193
v -2.458731 0.966877 0.164171
v -2.427708 0.904949 0.143650
v -2.415496 0.898053 0.120692
v -2.412051 0.894453 0.094631
v -2.406728 0.832152 0.092685
v -2.413251 0.892985 0.066823
v -2.415962 0.892519 0.038281
v -2.409464 0.828302 0.064106
v -2.415147 0.825143 0.034501
v -2.409408 0.764553 0.063403
v -2.391077 0.826574 0.027020
v -2.391499 0.878198 0.028444
v -2.391027 0.773165 0.026031
v -2.367012 0.827631 0.019807
v -2.367223 0.865842 0.019906
v -2.342972 0.828066 0.013054
v -2.367080 0.788941 0.019179
v -2.343083 0.800556 0.012581
v -2.367429 0.757657 0.017842
v -2.343444 0.777866 0.011232
v -2.319429 0.794966 0.004771
v -2.344041 0.763626 0.009012
v -2.344819 0.756487 0.006108
v -2.320020 0.785378 0.002551
v -2.319890 0.806582 0.003049
v -2.320798 0.780453 -0.000334
v -2.320760 0.804294 -0.000197
v -2.321693 0.778643 -0.003680
v -2.345714 0.753882 0.002763
v -2.346672 0.753509 -0.000807
v -2.370699 0.728636 0.005629
v -2.319069 0.809990 0.006121
v -2.319833 0.828128 0.003254
v -2.318944 0.828128 0.006568
v -2.319890 0.849675 0.003049
v -2.320020 0.870879 0.002551
v -2.319069 0.846267 0.006121
v -2.319429 0.861290 0.004771
v -2.343103 0.855514 0.012675
v -2.343488 0.878167 0.011369
v -2.344122 0.892512 0.009124
v -2.367770 0.896784 0.018943
v -2.368660 0.915694 0.016468
v -2.392556 0.919282 0.028761
v -2.394211 0.942078 0.025279
v -2.395846 0.952034 0.020708
v -2.369711 0.924878 0.013079
v -2.397096 0.955497 0.016642
v -2.424251 0.982286 0.029053
v -2.425719 0.985233 0.024402
v -2.457121 1.017661 0.032890
v -2.426757 0.985656 0.020652
v -2.458165 1.017916 0.029066
v -2.427820 0.985656 0.016685
v -2.398103 0.955989 0.012973
v -2.399166 0.955989 0.009006
v -2.371701 0.928659 0.005897
v -2.372763 0.928659 0.001929
v -2.370724 0.928187 0.009497
v -2.374411 0.928659 -0.004214
v -2.400814 0.955989 0.002862
v -2.377222 0.928659 -0.014711
v -2.349507 0.902878 -0.010887
v -2.381786 0.928659 -0.031743
v -2.388390 0.928659 -0.056392
v -2.491825 1.050948 0.038089
v -2.526990 1.082431 0.047509
v -2.490787 1.050867 0.041950
v -2.562906 1.110022 0.057135
v -2.598941 1.131786 0.066786
v -2.563951 1.110022 0.053224
v -2.599954 1.131786 0.063005
v -2.601260 1.131786 0.058130
v -2.344931 0.899813 0.006170
v -2.495034 1.014509 0.179343
v -2.528009 1.026398 0.188503
v -2.625524 0.681881 0.207823
v -2.627147 0.658400 0.195224
v -2.667062 0.677347 0.217219
v -2.702893 0.673511 0.222890
v -2.667262 0.655913 0.204639
v -2.701480 0.656006 0.211846
v -2.668530 0.642326 0.184448
v -2.704602 0.645112 0.195598
v -2.628932 0.643663 0.174810
v -2.627439 0.636102 0.149327
v -2.732217 0.652611 0.205559
v -2.723344 0.658164 0.214992
v -2.748466 0.666105 0.213481
v -2.756910 0.664376 0.198172
v -2.730427 0.670078 0.222330
v -2.753857 0.684635 0.216727
v -2.748454 0.706194 0.213475
v -2.733933 0.688851 0.225930
v -2.762949 0.683466 0.200864
v -2.756898 0.705821 0.198166
v -2.685269 0.760001 0.127035
v -2.490669 0.664227 0.116196
v -2.486446 0.667000 0.136754
v -2.481534 0.672796 0.152256
v -2.464826 0.674742 0.142867
v -2.473307 0.683180 0.160452
v -2.464365 0.699938 0.163499
v -2.624734 0.671291 0.063030
v -2.629522 0.693695 0.060058
v -2.632619 0.724165 0.058385
v -2.623889 0.688932 0.046502
v -2.629491 0.755922 0.060045
v -2.624685 0.780260 0.063011
v -2.619598 0.806377 0.067103
v -2.610513 0.869592 0.072451
v -2.611091 0.877632 0.070069
v -2.611775 0.869847 0.067700
v -2.613996 0.892295 0.061028
v -2.616688 0.889615 0.050892
v -2.621078 0.886835 0.034383
v -2.627558 0.882799 0.010113
v -2.624921 0.926184 0.033960
v -2.625916 0.842573 0.014254
v -2.506606 0.675389 -0.138206
v -2.496358 0.675389 -0.099945
v -2.439355 0.703763 -0.154504
v -2.536466 0.687620 -0.268311
v -2.549686 0.712991 -0.290324
v -2.543505 0.745220 -0.292264
v -2.539923 0.791322 -0.293221
v -2.652891 0.991252 -0.282271
v -2.654806 1.026398 -0.284727
v -2.651231 1.050749 -0.285293
v -2.627508 1.037000 -0.290846
v -2.639851 1.065225 -0.281637
v -2.625463 1.073527 -0.270307
v -2.673666 1.084010 -0.272521
v -2.612379 1.078377 -0.249644
v -2.601354 1.080864 -0.223141
v -2.506028 1.017916 -0.149560
v -2.903997 1.118317 -0.062623
v -2.862926 1.134857 -0.054321
v -2.728138 1.019894 0.205845
v -2.739232 1.156789 0.119828
vn -0.2564 -0.1483 0.9551
vn 0.0650 -0.0498 0.9966
vn 0.1119 -0.0885 0.9898
vn -0.1137 -0.3080 0.9446
vn -0.5701 -0.5406 0.6187
vn -0.6144 -0.2812 0.7372
vn -0.3432 -0.7576 0.5553
vn 0.0019 -0.5484 0.8362
vn 0.1950 -0.0528 0.9794
vn 0.1443 -0.1358 0.9802
vn 0.1658 -0.2197 0.9614
vn 0.2254 -0.2716 0.9357
vn 0.1609 -0.5284 0.8336
vn 0.0144 -0.9250 0.3798
vn 0.3528 -0.8639 0.3593
vn 0.4983 -0.3790 0.7797
vn 0.2903 -0.2599 0.9210
vn 0.2642 0.0296 0.9640
vn 0.2718 0.0295 0.9619
vn 0.2619 0.0504 0.9638
vn 0.3545 0.3547 0.8652
vn 0.3128 0.3357 0.8885
vn 0.2769 0.3333 0.9012
vn 0.3583 0.6625 0.6578
vn 0.2745 0.6705 0.6892
vn 0.4405 0.6644 0.6038
vn 0.4096 0.3858 0.8267
vn 0.6224 0.5569 0.5500
vn 0.2753 0.0880 0.9573
vn 0.4946 0.4042 0.7694
vn 0.4459 0.7509 0.4871
vn 0.3223 0.1259 0.9382
vn 0.5898 0.3264 0.7386
vn 0.6252 0.4847 0.6117
vn 0.3926 0.1343 0.9099
vn 0.6006 0.1790 0.7793
vn 0.3591 0.0364 0.9326
vn 0.6423 0.3728 0.6697
vn 0.7858 0.6088 0.1087
vn 0.6690 0.7309 0.1354
vn 0.8856 0.4396 0.1498
vn 0.8934 0.3830 0.2347
vn 0.8194 -0.0088 0.5731
vn 0.5539 0.0781 0.8289
vn 0.9543 0.2979 0.0238
vn 0.8747 0.4844 -0.0153
vn 0.7670 0.6398 -0.0476
vn 0.9530 0.3027 0.0156
vn 0.8558 0.5162 -0.0327
vn 0.7448 0.6591 -0.1041
vn 0.8324 0.5461 0.0937
vn 0.7267 0.6806 -0.0933
vn 0.7444 0.3079 0.5925
vn 0.7786 0.6058 0.1637
vn 0.7084 0.7034 -0.0580
vn 0.6576 0.5754 0.4863
vn 0.8087 0.5120 0.2896
vn 0.7365 0.6714 0.0818
vn 0.6858 0.7246 -0.0675
vn 0.6231 0.7702 -0.1363
vn 0.6159 0.7760 -0.1358
vn 0.6301 0.7635 -0.1418
vn 0.5363 0.8331 -0.1350
vn 0.5344 0.8335 -0.1399
vn 0.5335 0.8342 -0.1396
vn 0.6639 0.7377 -0.1228
vn 0.6087 0.7793 -0.1489
vn 0.5326 0.8345 -0.1412
vn 0.4301 0.8954 -0.1152
vn 0.4300 0.8954 -0.1153
vn 0.3038 0.9493 -0.0813
vn 0.3037 0.9493 -0.0815
vn 0.3037 0.9493 -0.0814
vn 0.1578 0.9866 -0.0423
vn 0.1577 0.9866 -0.0423
vn 0.3048 0.9494 -0.0755
vn 0.4308 0.8958 -0.1093
vn 0.1592 0.9866 -0.0365
vn 0.0032 1.0000 0.0046
vn 0.0015 1.0000 -0.0008
vn 0.0015 1.0000 -0.0006
vn -0.1443 0.9887 0.0411
vn -0.1469 0.9885 0.0349
vn -0.1472 0.9885 0.0361
vn -0.1472 0.9884 0.0374
vn 0.0014 1.0000 -0.0004
vn -0.1469 0.9884 0.0394
vn 0.3037 0.9493 -0.0813
vn 0.1577 0.9866 -0.0422
vn 0.0015 1.0000 -0.0002
vn 0.0016 1.0000 -0.0002
vn 0.3038 0.9493 -0.0814
vn 0.0017 1.0000 -0.0000
vn 0.0017 1.0000 -0.0002
vn 0.4300 0.8954 -0.1152
vn 0.5320 0.8347 -0.1425
vn 0.5320 0.8347 -0.1426
vn 0.6041 0.7803 -0.1619
vn 0.6483 0.7413 -0.1737
vn 0.6042 0.7802 -0.1619
vn 0.6042 0.7803 -0.1618
vn 0.6483 0.7413 -0.1738
vn 0.5320 0.8347 -0.1424
vn 0.6724 0.7179 -0.1803
vn 0.6724 0.7179 -0.1802
vn 0.6725 0.7179 -0.1801
vn 0.6816 0.7085 -0.1828
vn 0.6817 0.7085 -0.1827
vn 0.6817 0.7085 -0.1826
vn 0.6725 0.7179 -0.1802
vn 0.6830 0.7071 -0.1830
vn 0.6042 0.7802 -0.1618
vn 0.5319 0.8347 -0.1426
vn 0.1578 0.9866 -0.0422
vn 0.5318 0.8346 -0.1440
vn 0.5319 0.8347 -0.1429
vn 0.5320 0.8342 -0.1454
vn 0.4301 0.8954 -0.1151
vn 0.5329 0.8335 -0.1457
vn 0.3019 0.9494 -0.0859
vn 0.1563 0.9866 -0.0468
vn 0.4280 0.8958 -0.1197
vn 0.0007 1.0000 -0.0046
vn -0.1454 0.9887 0.0374
vn -0.1446 0.9885 0.0432
vn -0.1454 0.9885 0.0426
vn -0.2649 0.9611 0.0788
vn -0.2636 0.9604 0.0907
vn -0.2664 0.9599 0.0873
vn -0.3493 0.9247 0.1512
vn -0.3562 0.9237 0.1414
vn -0.3537 0.9271 0.1237
vn -0.4158 0.8920 0.1773
vn -0.4031 0.8845 0.2348
vn -0.4166 0.8839 0.2125
vn -0.4330 0.8845 0.1736
vn -0.3640 0.9232 0.1237
vn -0.2695 0.9596 0.0813
vn -0.4495 0.8851 0.1206
vn -0.3715 0.9231 0.0997
vn -0.2721 0.9595 0.0730
vn -0.1462 0.9884 0.0413
vn -0.1468 0.9884 0.0394
vn -0.1473 0.9884 0.0373
vn 0.0014 1.0000 -0.0006
vn 0.0014 1.0000 -0.0008
vn -0.1473 0.9884 0.0358
vn -0.2740 0.9596 0.0643
vn -0.2744 0.9599 0.0576
vn -0.2736 0.9604 0.0533
vn -0.2699 0.9609 0.0615
vn -0.1459 0.9886 0.0367
vn 0.0016 1.0000 -0.0006
vn 0.0017 1.0000 -0.0005
vn -0.1451 0.9886 0.0389
vn 0.0017 1.0000 -0.0004
vn -0.1451 0.9887 0.0389
vn -0.2666 0.9612 0.0714
vn -0.1447 0.9886 0.0411
vn -0.2645 0.9609 0.0816
vn -0.1447 0.9885 0.0432
vn -0.3601 0.9279 0.0965
vn -0.3533 0.9270 0.1259
vn -0.3492 0.9247 0.1517
vn -0.3562 0.9237 0.1413
vn -0.2665 0.9599 0.0872
vn -0.1455 0.9885 0.0423
vn -0.2722 0.9595 0.0729
vn -0.3771 0.9232 0.0749
vn -0.3715 0.9231 0.0996
vn -0.3792 0.9236 0.0557
vn -0.2744 0.9599 0.0578
vn -0.3783 0.9247 0.0433
vn -0.2686 0.9611 0.0649
vn -0.3680 0.9272 0.0702
vn -0.4486 0.8920 0.0547
vn -0.4665 0.8845 -0.0019
vn -0.4670 0.8839 0.0243
vn -0.5247 0.8509 0.0242
vn -0.5489 0.8324 -0.0763
vn -0.5495 0.8348 -0.0320
vn -0.4618 0.8845 0.0662
vn -0.5411 0.8399 0.0415
vn -0.5197 0.8429 0.1394
vn -0.4329 0.8845 0.1738
vn -0.4893 0.8399 0.2348
vn -0.4167 0.8839 0.2123
vn -0.4600 0.8349 0.3022
vn -0.4031 0.8845 0.2347
vn -0.4373 0.8324 0.3405
vn -0.4152 0.8919 0.1792
vn -0.4655 0.8508 0.2440
vn -0.4672 0.7588 0.4538
vn -0.5204 0.7940 0.3144
vn -0.5009 0.7673 0.4003
vn -0.5052 0.6635 0.5519
vn -0.5877 0.7146 0.3793
vn -0.5495 0.6781 0.4880
vn -0.5470 0.7806 0.3024
vn -0.6136 0.6999 0.3657
vn -0.6133 0.5680 0.5489
vn -0.5615 0.5511 0.6173
vn -0.6909 0.5922 0.4147
vn -0.7685 0.4659 0.4387
vn -0.6869 0.4459 0.5739
vn -0.6335 0.4311 0.6425
vn -0.7625 0.3181 0.5634
vn -0.7137 0.3080 0.6291
vn -0.8366 0.3305 0.4368
vn -0.8932 0.1802 0.4120
vn -0.8365 0.1750 0.5193
vn -0.7985 0.1694 0.5777
vn -0.7501 0.4793 0.4557
vn -0.8207 0.3411 0.4584
vn -0.8791 0.1892 0.4375
vn -0.8976 -0.0045 0.4407
vn -0.8747 -0.0069 0.4846
vn -0.9202 0.0078 0.3913
vn -0.9067 -0.2804 0.3151
vn -0.9001 -0.2793 0.3343
vn -0.9159 -0.2550 0.3101
vn -0.9157 -0.2827 0.2856
vn -0.9310 -0.0037 0.3650
vn -0.9258 -0.2850 0.2482
vn -0.9659 -0.0045 0.2590
vn -0.9497 0.1819 0.2548
vn -0.9095 0.3366 0.2441
vn -0.9888 -0.0037 0.1495
vn -0.9795 0.1802 0.0896
vn -0.9430 0.3305 0.0397
vn -0.9978 -0.0046 0.0666
vn -0.9841 0.1749 -0.0321
vn -0.9420 0.3180 -0.1072
vn -0.9998 -0.0069 0.0176
vn -0.9804 0.1694 -0.1007
vn -0.9327 0.3080 -0.1877
vn -0.9796 0.1896 0.0659
vn -0.9396 0.3418 0.0188
vn -0.9919 0.0076 0.1265
vn -0.8771 0.4801 -0.0138
vn -0.8699 0.4312 -0.2396
vn -0.8818 0.4458 -0.1538
vn -0.7949 0.5511 -0.2537
vn -0.8056 0.5680 -0.1688
vn -0.7021 0.7098 -0.0558
vn -0.8283 0.4891 0.2734
vn -0.7563 0.6216 0.2039
vn -0.8937 0.3440 0.2880
vn -0.8175 0.4890 0.3042
vn -0.7417 0.5566 0.3743
vn -0.8229 0.4067 0.3968
vn -0.9376 0.1827 0.2958
vn -0.8964 0.1869 0.4018
vn -0.7804 0.1891 0.5960
vn -0.6809 0.4030 0.6115
vn -0.6463 0.4524 0.6145
vn -0.3262 0.0061 0.9453
vn -0.4159 0.3766 0.8277
vn -0.3648 0.3385 0.8674
vn -0.5304 0.5131 0.6748
vn -0.3315 0.4268 0.8414
vn -0.4068 0.7772 0.4801
vn -0.3187 0.5246 0.7895
vn -0.6216 0.7169 0.3156
vn -0.6380 0.7289 0.2481
vn -0.5470 0.7951 0.2618
vn -0.3740 0.8381 0.3972
vn -0.5657 0.8042 0.1825
vn -0.7184 0.6802 -0.1460
vn -0.6076 0.7942 -0.0085
vn -0.4924 0.8564 0.1552
vn -0.4788 0.8512 0.2150
vn -0.6315 0.7588 -0.1595
vn -0.7134 0.6635 -0.2253
vn -0.4263 0.8945 0.1349
vn -0.6340 0.7672 -0.0967
vn -0.7199 0.6781 -0.1482
vn -0.6249 0.7806 0.0117
vn -0.7145 0.6996 -0.0104
vn -0.5948 0.7879 0.1596
vn -0.6788 0.7114 0.1820
vn -0.8057 0.5921 -0.0139
vn -0.7689 0.6053 0.2061
vn -0.8849 0.4658 0.0041
vn -0.8492 0.4765 0.2278
vn -0.4114 0.8923 0.1860
vn -0.3525 0.9283 0.1181
vn -0.3309 0.9270 0.1767
vn -0.2558 0.9616 0.0998
vn -0.2265 0.9577 0.1773
vn -0.1321 0.9883 0.0762
vn -0.0985 0.9796 0.1752
vn -0.2793 0.9097 0.3072
vn -0.0509 0.9449 0.3233
vn -0.0361 0.9745 0.2214
vn -0.0176 0.9838 0.1786
vn 0.1612 0.8607 0.4829
vn 0.0150 0.9989 0.0443
vn 0.2516 0.9606 0.1180
vn 0.2510 0.9259 0.2823
vn 0.1695 0.9855 0.0064
vn 0.3131 0.9492 -0.0320
vn 0.3340 0.9380 0.0930
vn 0.4377 0.8966 -0.0669
vn 0.4537 0.8898 0.0496
vn 0.5437 0.8336 -0.0976
vn 0.5573 0.8303 0.0036
vn 0.6418 0.7577 -0.1180
vn 0.6581 0.7520 -0.0368
vn 0.4863 0.8441 0.2256
vn 0.4533 0.8832 0.1202
vn 0.5172 0.8049 0.2909
vn 0.1837 0.6925 0.6976
vn 0.2383 0.3521 0.9051
vn 0.1751 0.4031 0.8982
vn 0.0779 0.7284 0.6807
vn 0.0589 0.4971 0.8657
vn 0.1316 0.7210 0.6804
vn -0.1111 0.6162 0.7797
vn -0.3143 0.6826 0.6597
vn -0.2851 0.8437 0.4549
vn -0.4067 0.7538 0.5161
vn -0.3773 0.8798 0.2890
vn -0.4821 0.8332 0.2708
vn -0.3165 0.6384 0.7016
vn -0.0677 0.4320 0.8993
vn -0.0355 0.2938 0.9552
vn -0.0206 0.2145 0.9765
vn 0.2090 0.0210 0.9777
vn 0.1777 0.0867 0.9803
vn 0.1323 0.2397 0.9618
vn -0.0283 0.1579 0.9870
vn 0.2262 -0.0200 0.9739
vn 0.3665 -0.1706 0.9146
vn 0.4228 -0.2171 0.8798
vn 0.2998 -0.0799 0.9507
vn 0.6548 -0.2260 0.7212
vn 0.7720 -0.2757 0.5727
vn 0.3289 -0.1948 0.9241
vn 0.2720 0.0541 0.9608
vn 0.2382 0.1163 0.9642
vn 0.5534 -0.7691 0.3198
vn 0.6737 -0.6877 0.2706
vn 0.7105 -0.6641 0.2329
vn 0.4735 -0.4471 0.7589
vn 0.4473 -0.2792 0.8497
vn 0.6844 -0.6957 0.2181
vn 0.5361 -0.5300 0.6570
vn 0.3589 -0.2862 0.8884
vn 0.2150 -0.0844 0.9730
vn 0.1409 -0.2028 0.9690
vn -0.0719 0.0871 0.9936
vn -0.1654 -0.0243 0.9859
vn -0.3924 -0.1849 0.9010
vn -0.0665 -0.4115 0.9090
vn -0.4612 -0.0265 0.8869
vn -0.7853 -0.1309 0.6052
vn -0.7956 -0.3506 0.4941
vn -0.9117 -0.0115 0.4106
vn -0.8489 -0.2940 0.4391
vn -0.9535 -0.0095 0.3014
vn -0.9098 -0.2850 0.3017
vn -0.9467 -0.2559 0.1956
vn -0.9467 -0.2793 0.1607
vn -0.6890 -0.6863 0.2331
vn -0.6511 -0.7153 0.2539
vn -0.6471 -0.7138 0.2680
vn -0.9428 -0.2804 0.1802
vn -0.6434 -0.7230 0.2517
vn -0.9357 -0.2827 0.2108
vn -0.6444 -0.7323 0.2201
vn -0.0002 -0.9827 0.1852
vn 0.0041 -0.9890 0.1480
vn -0.0017 -0.9962 0.0865
vn 0.4923 -0.8704 -0.0054
vn 0.4940 -0.8689 -0.0314
vn 0.4894 -0.8690 -0.0729
vn 0.4746 -0.8786 -0.0524
vn -0.0447 -0.9914 0.1227
vn 0.4658 -0.8825 -0.0651
vn -0.0434 -0.9947 0.0931
vn 0.4939 -0.8660 0.0784
vn 0.0203 -0.9616 0.2736
vn -0.5620 -0.7063 0.4305
vn -0.5160 -0.4124 0.7508
vn -0.0311 -0.7861 0.6174
vn 0.4475 -0.4070 0.7963
vn 0.5400 -0.6458 0.5397
vn 0.5253 -0.7921 0.3109
vn 0.6675 -0.7446 -0.0052
vn 0.6448 -0.7541 -0.1244
vn 0.6736 -0.7273 -0.1315
vn 0.6974 -0.7166 -0.0116
vn 0.6329 -0.7653 -0.1175
vn 0.6579 -0.7531 0.0084
vn 0.5136 -0.8539 -0.0843
vn 0.5368 -0.8425 0.0453
vn 0.3289 -0.9397 0.0940
vn 0.3093 -0.9504 -0.0319
vn 0.5032 -0.8546 -0.1282
vn 0.3008 -0.9508 -0.0746
vn 0.6223 -0.7666 -0.1583
vn 0.5017 -0.8546 -0.1338
vn 0.2996 -0.9507 -0.0801
vn 0.6215 -0.7665 -0.1621
vn 0.6657 -0.7283 -0.1627
vn 0.6672 -0.7276 -0.1595
vn 0.6215 -0.7662 -0.1631
vn 0.5017 -0.8546 -0.1340
vn 0.6671 -0.7268 -0.1632
vn 0.6497 -0.7510 -0.1178
vn 0.6496 -0.7493 -0.1291
vn 0.6430 -0.7535 -0.1370
vn 0.6468 -0.7482 -0.1476
vn 0.6662 -0.7263 -0.1691
vn 0.6411 -0.7480 -0.1719
vn 0.6641 -0.7261 -0.1782
vn 0.4774 -0.8694 -0.1278
vn -0.0191 -0.9998 0.0052
vn 0.4604 -0.8691 -0.1809
vn 0.6339 -0.7482 -0.1956
vn -0.0446 -0.9963 -0.0741
vn -0.6524 -0.7374 0.1748
vn -0.6681 -0.7323 0.1317
vn -0.6830 -0.7230 0.1038
vn -0.0704 -0.9890 -0.1302
vn -0.6945 -0.7137 0.0911
vn -0.0930 -0.9827 -0.1601
vn 0.4435 -0.8689 -0.2198
vn 0.4290 -0.8705 -0.2414
vn -0.0972 -0.9924 -0.0753
vn 0.4397 -0.8787 -0.1856
vn -0.7118 -0.6858 0.1514
vn -0.6794 -0.7108 0.1821
vn -0.0636 -0.9978 0.0170
vn 0.4549 -0.8821 -0.1219
vn -0.9275 -0.2791 0.2485
vn -0.9659 -0.0082 0.2588
vn -0.9500 0.1809 0.2545
vn -0.9500 0.1810 0.2545
vn -0.9077 0.3418 0.2432
vn -0.8427 0.4887 0.2258
vn -0.7796 0.5904 0.2089
vn -0.7795 0.5905 0.2089
vn -0.6686 0.6076 0.4287
vn -0.6349 0.7536 0.1701
vn -0.6673 0.7308 0.1441
vn -0.5713 0.8064 0.1531
vn -0.4969 0.8576 0.1331
vn -0.4315 0.8947 0.1156
vn -0.3689 0.9270 0.0677
vn -0.4492 0.8919 0.0525
vn -0.3783 0.9247 0.0434
vn -0.4665 0.8845 -0.0017
vn -0.5251 0.8508 0.0215
vn -0.4671 0.8839 0.0243
vn -0.5496 0.8348 -0.0320
vn -0.3792 0.9236 0.0556
vn -0.4618 0.8845 0.0661
vn -0.5410 0.8400 0.0416
vn -0.6315 0.7587 -0.1596
vn -0.6249 0.7806 0.0118
vn -0.5197 0.8429 0.1395
vn -0.5948 0.7879 0.1597
vn -0.4894 0.8400 0.2345
vn -0.5471 0.7806 0.3021
vn -0.4600 0.8349 0.3023
vn -0.5009 0.7673 0.4004
vn -0.4373 0.8324 0.3406
vn -0.4671 0.7587 0.4540
vn -0.4663 0.8509 0.2420
vn -0.5217 0.7941 0.3116
vn -0.5894 0.7150 0.3761
vn -0.5050 0.6634 0.5521
vn -0.5495 0.6782 0.4880
vn -0.5617 0.5513 0.6169
vn -0.6706 0.6082 0.4247
vn -0.6137 0.6996 0.3660
vn -0.6909 0.5921 0.4148
vn -0.7689 0.6053 0.2060
vn -0.6788 0.7114 0.1821
vn -0.8057 0.5921 -0.0137
vn -0.8056 0.5679 -0.1688
vn -0.7134 0.6637 -0.2250
vn -0.7933 0.6077 -0.0369
vn -0.6987 0.7146 -0.0347
vn -0.6079 0.7940 -0.0121
vn -0.5713 0.8063 0.1531
vn -0.6589 0.7312 0.1766
vn -0.7555 0.6231 0.2024
vn -0.8774 0.4793 -0.0196
vn -0.9399 0.3411 0.0133
vn -0.9326 0.3080 -0.1880
vn -0.9801 0.1892 0.0606
vn -0.9500 0.1810 0.2546
vn -0.9804 0.1694 -0.1011
vn -0.8821 0.4456 -0.1528
vn -0.9420 0.3181 -0.1067
vn -0.9841 0.1749 -0.0317
vn -0.9429 0.3306 0.0398
vn -0.9795 0.1801 0.0897
vn -0.8848 0.4660 0.0044
vn -0.9887 -0.0036 0.1499
vn -0.9978 -0.0045 0.0668
vn -0.9357 -0.2828 0.2111
vn -0.9429 -0.2803 0.1799
vn -0.9467 -0.2793 0.1606
vn -0.9481 -0.2552 0.1898
vn -0.9926 0.0077 0.1212
vn -0.6921 -0.6859 0.2249
vn -0.6795 -0.7108 0.1821
vn -0.0467 -0.9924 0.1138
vn 0.6337 -0.7547 -0.1698
vn 0.6269 -0.7536 -0.1978
vn 0.6615 -0.7287 -0.1772
vn 0.6615 -0.7287 -0.1773
vn 0.6591 -0.7284 -0.1869
vn 0.6201 -0.7667 -0.1662
vn 0.6195 -0.7667 -0.1684
vn 0.6642 -0.7284 -0.1678
vn 0.6208 -0.7667 -0.1638
vn 0.6418 -0.7536 -0.1423
vn 0.5016 -0.8547 -0.1341
vn 0.5015 -0.8547 -0.1344
vn 0.2994 -0.9507 -0.0803
vn 0.2995 -0.9507 -0.0803
vn 0.5015 -0.8546 -0.1347
vn 0.2995 -0.9507 -0.0802
vn 0.2996 -0.9507 -0.0802
vn 0.5014 -0.8546 -0.1349
vn 0.6192 -0.7665 -0.1704
vn 0.5015 -0.8546 -0.1345
vn 0.6198 -0.7663 -0.1692
vn 0.2996 -0.9507 -0.0803
vn 0.0260 -0.9996 -0.0069
vn 0.0259 -0.9996 -0.0070
vn -0.3208 -0.9432 0.0859
vn -0.3208 -0.9433 0.0860
vn 0.0260 -0.9996 -0.0070
vn -0.3207 -0.9433 0.0860
vn 0.2995 -0.9507 -0.0804
vn -0.3209 -0.9432 0.0861
vn 0.0259 -0.9996 -0.0069
vn 0.2995 -0.9507 -0.0801
vn -0.3208 -0.9433 0.0859
vn -0.6764 -0.7151 0.1766
vn -0.6754 -0.7159 0.1769
vn -0.6739 -0.7164 0.1806
vn -0.8899 -0.4028 0.2140
vn -0.8868 -0.4091 0.2150
vn -0.8801 -0.4125 0.2350
vn -0.9593 -0.1896 0.2091
vn -0.9469 -0.2000 0.2516
vn -0.9616 -0.1757 0.2108
vn -0.9737 -0.0493 0.2225
vn -0.9760 -0.0607 0.2092
vn -0.9634 -0.0808 0.2554
vn -0.9388 -0.1891 0.2878
vn -0.9540 -0.0602 0.2936
vn -0.8770 -0.4093 0.2517
vn -0.9437 -0.1795 0.2779
vn -0.9602 -0.0522 0.2742
vn -0.8799 -0.4050 0.2484
vn -0.6735 -0.7161 0.1834
vn -0.6743 -0.7154 0.1831
vn -0.6751 -0.7149 0.1821
vn -0.8829 -0.4021 0.2427
vn -0.9480 -0.1762 0.2650
vn -0.8847 -0.3989 0.2413
vn -0.9495 -0.1721 0.2623
vn -0.6758 -0.7142 0.1820
vn -0.6766 -0.7136 0.1819
vn -0.8864 -0.3954 0.2409
vn -0.6772 -0.7129 0.1818
vn -0.3208 -0.9432 0.0860
vn -0.3208 -0.9432 0.0864
vn -0.3208 -0.9432 0.0858
vn 0.6215 -0.7665 -0.1618
vn 0.6672 -0.7276 -0.1593
vn 0.6671 -0.7268 -0.1634
vn 0.6495 -0.7493 -0.1294
vn 0.4940 -0.8689 -0.0316
vn 0.4922 -0.8705 -0.0056
vn 0.4737 -0.8787 -0.0592
vn -0.0002 -0.9827 0.1850
vn -0.6472 -0.7136 0.2681
vn 0.0041 -0.9890 0.1478
vn -0.6434 -0.7231 0.2513
vn -0.6444 -0.7323 0.2202
vn -0.0017 -0.9963 0.0865
vn -0.6523 -0.7374 0.1751
vn -0.0190 -0.9998 0.0052
vn -0.9258 -0.2850 0.2484
vn -0.9658 -0.0044 0.2592
vn -0.9312 -0.0037 0.3645
vn -0.9159 -0.2828 0.2849
vn -0.6682 -0.7323 0.1315
vn -0.8975 -0.0045 0.4409
vn -0.9065 -0.2803 0.3157
vn -0.6829 -0.7231 0.1037
vn -0.8748 -0.0069 0.4845
vn -0.9001 -0.2793 0.3344
vn -0.6945 -0.7137 0.0913
vn -0.9174 -0.2558 0.3048
vn -0.7129 -0.6864 0.1440
vn -0.9219 0.0076 0.3874
vn -0.8808 0.1896 0.4339
vn -0.8364 0.1750 0.5194
vn -0.8226 0.3417 0.4544
vn -0.7624 0.3181 0.5636
vn -0.8932 0.1802 0.4119
vn -0.9498 0.1820 0.2546
vn -0.9096 0.3366 0.2435
vn -0.7685 0.4659 0.4385
vn -0.8493 0.4764 0.2274
vn -0.6868 0.4458 0.5741
vn -0.7522 0.4800 0.4515
vn -0.7656 0.6217 0.1657
vn -0.8519 0.4893 0.1867
vn -0.9160 0.3442 0.2063
vn -0.6688 0.7289 0.1463
vn -0.6911 0.7199 0.0644
vn -0.7858 0.6147 0.0681
vn -0.8687 0.4884 0.0830
vn -0.5796 0.8044 0.1304
vn -0.6001 0.7971 0.0677
vn -0.5028 0.8566 0.1160
vn -0.5184 0.8524 0.0690
vn -0.4184 0.9032 0.0954
vn -0.4248 0.9038 0.0523
vn -0.5482 0.8354 -0.0396
vn -0.6334 0.7695 -0.0812
vn -0.4649 0.8849 -0.0279
vn -0.3624 0.9301 0.0600
vn -0.3881 0.9177 -0.0847
vn -0.3425 0.9367 0.0726
vn -0.4333 0.8473 -0.3073
vn -0.4904 0.8520 -0.1832
vn -0.5632 0.7805 -0.2712
vn -0.4965 0.6736 -0.5475
vn -0.6361 0.6761 -0.3717
vn -0.5354 0.4890 -0.6887
vn -0.6941 0.5654 -0.4455
vn -0.7196 0.6839 -0.1205
vn -0.5458 0.3419 -0.7650
vn -0.7408 0.4663 -0.4835
vn -0.8014 0.5811 -0.1420
vn -0.5483 0.2535 -0.7969
vn -0.8735 0.4668 -0.1379
vn -0.7891 0.3721 -0.4888
vn -0.9339 0.3409 -0.1080
vn -0.9311 0.3488 0.1068
vn -0.8475 0.2672 -0.4586
vn -0.5642 0.1872 -0.8041
vn -0.6114 0.1018 -0.7847
vn -0.2986 -0.0249 -0.9541
vn -0.3099 -0.1039 -0.9451
vn -0.3191 0.0256 -0.9474
vn -0.0355 -0.2599 -0.9650
vn 0.0057 -0.3305 -0.9438
vn -0.1137 -0.2069 -0.9717
vn -0.0216 -0.4400 -0.8977
vn -0.3824 -0.2456 -0.8907
vn -0.6944 -0.0308 -0.7190
vn -0.1025 -0.6558 -0.7479
vn -0.5376 -0.4715 -0.6990
vn -0.8351 -0.2079 -0.5092
vn -0.9082 0.1386 -0.3948
vn -0.9515 -0.0018 -0.3076
vn -0.9792 0.1936 -0.0602
vn -0.9985 -0.0141 -0.0537
vn -0.9392 -0.2983 -0.1702
vn -0.9736 0.1879 0.1296
vn -0.9914 -0.0111 0.1306
vn -0.9518 -0.2956 0.0823
vn -0.9580 0.1829 0.2207
vn -0.9745 -0.0093 0.2241
vn -0.9366 -0.2847 0.2043
vn -0.6659 -0.6573 -0.3528
vn -0.6972 -0.7155 -0.0449
vn -0.6879 -0.7158 0.1200
vn -0.1067 -0.9736 -0.2019
vn -0.0794 -0.9958 -0.0447
vn -0.0993 -0.9916 -0.0824
vn 0.4398 -0.8826 -0.1661
vn 0.4377 -0.8787 -0.1907
vn 0.4290 -0.8705 -0.2413
vn 0.4435 -0.8689 -0.2197
vn -0.0703 -0.9890 -0.1303
vn 0.4605 -0.8689 -0.1814
vn -0.0446 -0.9963 -0.0739
vn 0.4773 -0.8694 -0.1277
vn 0.4894 -0.8690 -0.0732
vn 0.6412 -0.7480 -0.1716
vn 0.6467 -0.7483 -0.1478
vn 0.6339 -0.7482 -0.1957
vn 0.6641 -0.7261 -0.1781
vn 0.6661 -0.7263 -0.1698
vn 0.6208 -0.7660 -0.1666
vn 0.6213 -0.7661 -0.1645
vn 0.6617 -0.7263 -0.1863
vn 0.6203 -0.7661 -0.1682
vn 0.6595 -0.7268 -0.1920
vn 0.6198 -0.7663 -0.1693
vn 0.6271 -0.7493 -0.2128
vn 0.6216 -0.7510 -0.2226
vn 0.6574 -0.7276 -0.1959
vn 0.6256 -0.7535 -0.2021
vn 0.6580 -0.7283 -0.1912
vn 0.6233 -0.7543 -0.2061
vn 0.6518 -0.7276 -0.2141
vn 0.6096 -0.7656 -0.2053
vn 0.6183 -0.7666 -0.1731
vn 0.6192 -0.7665 -0.1705
vn 0.6212 -0.7202 -0.3089
vn 0.5776 -0.7572 -0.3049
vn 0.5920 -0.7482 -0.2997
vn 0.4538 -0.8476 -0.2752
vn 0.4897 -0.8543 -0.1742
vn 0.5001 -0.8546 -0.1395
vn 0.2481 -0.9449 -0.2137
vn 0.2866 -0.9508 -0.1177
vn 0.2981 -0.9508 -0.0847
vn 0.2996 -0.9507 -0.0804
vn 0.5013 -0.8547 -0.1350
vn 0.5016 -0.8546 -0.1345
vn 0.5016 -0.8546 -0.1346
vn 0.5016 -0.8546 -0.1343
vn -0.3206 -0.9433 0.0860
vn -0.3209 -0.9432 0.0858
vn 0.0258 -0.9996 -0.0069
vn 0.0247 -0.9996 -0.0113
vn -0.3219 -0.9433 0.0810
vn -0.6791 -0.7127 0.1757
vn -0.6778 -0.7125 0.1817
vn -0.6778 -0.7125 0.1814
vn -0.8910 -0.3902 0.2319
vn -0.8894 -0.3903 0.2380
vn -0.8894 -0.3903 0.2381
vn -0.9536 -0.1595 0.2552
vn -0.9535 -0.1595 0.2557
vn -0.9553 -0.1594 0.2489
vn -0.9535 -0.1595 0.2556
vn -0.8892 -0.3904 0.2384
vn -0.6778 -0.7125 0.1815
vn -0.9536 -0.1595 0.2555
vn -0.8893 -0.3905 0.2381
vn -0.6776 -0.7126 0.1818
vn -0.8893 -0.3903 0.2382
vn -0.8893 -0.3904 0.2384
vn -0.8893 -0.3904 0.2382
vn -0.6777 -0.7126 0.1815
vn -0.6776 -0.7126 0.1817
vn -0.8890 -0.3908 0.2388
vn -0.8880 -0.3923 0.2398
vn -0.9532 -0.1599 0.2565
vn -0.9523 -0.1619 0.2587
vn -0.9508 -0.1665 0.2611
vn -0.9643 -0.0454 0.2610
vn -0.9636 -0.0483 0.2630
vn -0.9648 -0.0445 0.2593
vn -0.9649 -0.0445 0.2588
vn -0.9650 -0.0445 0.2585
vn -0.9649 -0.0445 0.2589
vn -0.9650 -0.0445 0.2584
vn -0.9659 -0.0092 0.2588
vn -0.9658 -0.0092 0.2592
vn -0.9659 -0.0092 0.2587
vn -0.9658 -0.0092 0.2590
vn -0.9659 -0.0093 0.2588
vn -0.9654 -0.0340 0.2586
vn -0.9654 -0.0340 0.2587
vn -0.9581 -0.1270 0.2569
vn -0.9581 -0.1271 0.2568
vn -0.9582 -0.1270 0.2565
vn -0.9069 -0.3446 0.2425
vn -0.9067 -0.3446 0.2431
vn -0.9067 -0.3446 0.2433
vn -0.6714 -0.7190 0.1796
vn -0.6714 -0.7190 0.1799
vn -0.6714 -0.7189 0.1801
vn -0.2403 -0.9686 0.0644
vn -0.2401 -0.9686 0.0643
vn -0.2402 -0.9686 0.0643
vn -0.6729 -0.7189 0.1746
vn -0.2420 -0.9684 0.0603
vn -0.9082 -0.3446 0.2375
vn -0.9178 -0.3443 0.1977
vn -0.6836 -0.7172 0.1354
vn -0.2557 -0.9663 0.0290
vn 0.0607 -0.9972 -0.0440
vn 0.0727 -0.9971 -0.0226
vn 0.0742 -0.9970 -0.0199
vn 0.1981 -0.9775 -0.0726
vn 0.2060 -0.9769 -0.0574
vn 0.2070 -0.9768 -0.0555
vn -0.2957 -0.9531 -0.0641
vn 0.0195 -0.9938 -0.1097
vn 0.1706 -0.9781 -0.1192
vn 0.2254 -0.9710 -0.0795
vn 0.2236 -0.9726 -0.0631
vn 0.2210 -0.9672 -0.1250
vn 0.1026 -0.9685 -0.2270
vn 0.2000 -0.9531 -0.2273
vn -0.0754 -0.9632 -0.2579
vn -0.0055 -0.8759 -0.4825
vn 0.1350 -0.9055 -0.4022
vn -0.2199 -0.8159 -0.5347
vn 0.3158 -0.8788 -0.3577
vn 0.2997 -0.9353 -0.1881
vn 0.1972 -0.7589 -0.6207
vn -0.0515 -0.6120 -0.7892
vn 0.2965 -0.4884 -0.8207
vn 0.5047 -0.6578 -0.5591
vn -0.0193 -0.3083 -0.9511
vn -0.3104 -0.4964 -0.8107
vn -0.3052 -0.1951 -0.9321
vn -0.5686 -0.3876 -0.7256
vn -0.5773 -0.1384 -0.8048
vn -0.4739 -0.7163 -0.5121
vn -0.3609 -0.9014 -0.2392
vn -0.7062 -0.5816 -0.4037
vn -0.8170 -0.3203 -0.4795
vn -0.7273 -0.6642 -0.1727
vn -0.7081 -0.7058 0.0216
vn -0.9345 -0.3230 -0.1494
vn -0.9367 -0.3412 0.0782
vn -0.9697 -0.1256 0.2098
vn -0.9889 -0.1221 0.0843
vn -0.9781 -0.1165 -0.1727
vn -0.9776 -0.0325 0.2082
vn -0.9968 -0.0285 0.0745
vn -0.9801 -0.0216 -0.1972
vn -0.8254 -0.0167 -0.5643
vn -0.8397 -0.1171 -0.5302
vn -0.5493 -0.0225 -0.8353
vn -0.2750 -0.0487 -0.9602
vn -0.8120 0.0062 -0.5836
vn -0.5313 0.0058 -0.8471
vn -0.2599 -0.0061 -0.9656
vn 0.0136 -0.1120 -0.9936
vn 0.0282 -0.0357 -0.9990
vn -0.2558 -0.0022 -0.9667
vn 0.0345 -0.0092 -0.9994
vn -0.5251 -0.0047 -0.8510
vn -0.2488 -0.0059 -0.9685
vn 0.0476 0.0104 -0.9988
vn -0.5167 -0.0326 -0.8555
vn -0.4883 -0.0729 -0.8696
vn -0.2307 -0.0104 -0.9730
vn 0.0761 0.0377 -0.9964
vn -0.7988 -0.0811 -0.5961
vn -0.7566 -0.1914 -0.6253
vn -0.8067 -0.0179 -0.5906
vn -0.9183 -0.3163 -0.2382
vn -0.9669 -0.1292 -0.2198
vn -0.9750 -0.0334 -0.2195
vn -0.9267 -0.3729 0.0471
vn -0.9865 -0.1513 0.0622
vn -0.9971 -0.0415 0.0634
vn -0.7333 -0.6220 -0.2744
vn -0.6103 -0.3586 -0.7063
vn -0.7176 -0.6965 0.0024
vn -0.4085 -0.8625 -0.2987
vn -0.4259 -0.6184 -0.6605
vn -0.3590 -0.9311 -0.0640
vn -0.0196 -0.9903 -0.1378
vn -0.0951 -0.9333 -0.3463
vn -0.2087 -0.7075 -0.6752
vn -0.2725 -0.3263 -0.9051
vn -0.3518 -0.2656 -0.8976
vn -0.3876 -0.1652 -0.9069
vn -0.2519 0.0364 -0.9671
vn -0.2542 0.0619 -0.9652
vn -0.2361 0.1078 -0.9657
vn -0.0977 0.4183 -0.9030
vn -0.0208 0.4499 -0.8928
vn -0.1536 0.3984 -0.9043
vn -0.2424 0.0363 -0.9695
vn -0.1979 0.3960 -0.8967
vn -0.1960 -0.3119 -0.9297
vn -0.0803 0.7373 -0.6708
vn 0.0156 0.7272 -0.6863
vn 0.1203 0.7234 -0.6799
vn 0.1688 0.8975 -0.4074
vn 0.0421 0.9239 -0.3803
vn 0.2918 0.8623 -0.4138
vn 0.2381 0.7168 -0.6554
vn 0.4112 0.8163 -0.4057
vn 0.4897 0.8335 -0.2557
vn 0.3778 0.8941 -0.2406
vn 0.2525 0.9431 -0.2163
vn 0.5220 0.8339 -0.1790
vn 0.4150 0.8971 -0.1520
vn 0.2896 0.9497 -0.1195
vn 0.1137 0.9770 -0.1805
vn 0.1460 0.9860 -0.0809
vn -0.0314 0.9907 -0.1325
vn -0.0071 0.9993 -0.0371
vn -0.1668 0.9831 -0.0759
vn -0.1508 0.9885 0.0075
vn -0.2802 0.9597 -0.0191
vn -0.2702 0.9617 0.0472
vn -0.3043 0.9371 -0.1711
vn -0.2021 0.9449 -0.2576
vn -0.3521 0.8216 -0.4483
vn -0.2604 0.7872 -0.5590
vn -0.0844 0.9403 -0.3297
vn -0.1707 0.7576 -0.6300
vn -0.2978 0.4702 -0.8308
vn -0.2394 0.4165 -0.8771
vn -0.2788 0.1420 -0.9498
vn -0.2413 0.0665 -0.9682
vn -0.3901 0.5639 -0.7280
vn -0.3849 0.2862 -0.8775
vn -0.3530 0.1058 -0.9296
vn -0.2059 -0.0974 -0.9737
vn -0.1581 -0.2357 -0.9589
vn 0.0841 -0.5396 -0.8377
vn 0.2524 -0.5316 -0.8085
vn 0.4849 -0.7105 -0.5099
vn 0.3531 -0.7969 -0.4901
vn -0.0345 -0.6702 -0.7414
vn 0.1519 -0.8937 -0.4222
vn 0.3197 -0.5552 -0.7678
vn 0.5337 -0.6836 -0.4979
vn 0.5154 -0.7144 -0.4733
vn 0.3131 -0.6124 -0.7259
vn 0.3298 -0.8196 -0.4685
vn 0.2446 -0.7017 -0.6692
vn 0.4024 -0.8718 -0.2795
vn -0.1316 -0.8753 -0.4653
vn 0.0146 -0.9990 -0.0434
vn -0.3308 -0.9427 0.0439
vn -0.6903 -0.7115 0.1316
vn -0.9029 -0.3879 0.1852
vn -0.9665 -0.1583 0.2020
vn -0.9778 -0.0441 0.2047
vn -0.9667 -0.0445 0.2520
vn -0.9786 -0.0084 0.2057
vn -0.9675 -0.0092 0.2526
vn -0.9669 -0.0338 0.2530
vn -0.9596 -0.1269 0.2512
vn -0.9978 -0.0056 0.0660
vn -0.9768 0.0002 -0.2144
vn 0.5323 0.8332 -0.1499
vn 0.6178 0.7636 -0.1878
vn 0.6090 0.7703 -0.1893
vn 0.6176 0.7581 -0.2094
vn 0.6815 0.6816 -0.2664
vn 0.6490 0.7049 -0.2864
vn 0.7025 0.6602 -0.2659
vn 0.6984 0.5537 -0.4535
vn 0.7715 0.5193 -0.3676
vn 0.6166 0.6142 -0.4924
vn 0.6022 0.7761 -0.1872
vn 0.6318 0.7254 -0.2730
vn 0.6083 0.6754 -0.4168
vn 0.5916 0.2930 -0.7511
vn 0.4729 0.4862 -0.7349
vn 0.5277 0.6167 -0.5841
vn 0.2426 0.3465 -0.9061
vn 0.0029 0.0744 -0.9972
vn 0.4160 0.5520 -0.7227
vn 0.6227 0.6905 -0.3680
vn 0.5943 0.6792 -0.4307
vn 0.6422 0.7091 -0.2913
vn 0.6731 0.7078 -0.2146
vn 0.6719 0.7064 -0.2226
vn 0.6673 0.7174 -0.2000
vn 0.6375 0.7378 -0.2219
vn 0.6463 0.7410 -0.1822
vn 0.6019 0.7793 -0.1744
vn 0.6037 0.7802 -0.1640
vn 0.6041 0.7802 -0.1621
vn 0.6483 0.7413 -0.1739
vn 0.6816 0.7085 -0.1827
vn 0.6830 0.7072 -0.1830
vn 0.6831 0.7071 -0.1830
vn 0.8924 0.3827 -0.2391
vn 0.8924 0.3827 -0.2392
vn 0.9659 0.0001 -0.2589
vn 0.9659 0.0001 -0.2588
vn 0.9659 -0.0000 -0.2589
vn 0.9659 -0.0000 -0.2588
vn 0.9659 -0.0000 -0.2591
vn 0.8924 0.3826 -0.2391
vn 0.6817 0.7085 -0.1825
vn 0.6714 0.7066 -0.2233
vn 0.5764 0.6750 -0.4606
vn 0.6730 0.7070 -0.2174
vn 0.5823 0.6821 -0.4424
vn 0.3321 0.5111 -0.7927
vn 0.3215 0.5252 -0.7879
vn 0.0606 0.2646 -0.9625
vn 0.0227 0.2818 -0.9592
vn -0.1109 0.0858 -0.9901
vn -0.1515 0.1142 -0.9818
vn 0.5603 0.1756 -0.8095
vn 0.5152 0.0763 -0.8536
vn 0.6774 0.3346 -0.6551
vn 0.5000 0.0281 -0.8656
vn 0.9658 -0.0000 -0.2591
vn 0.4955 -0.0008 -0.8686
vn 0.9659 -0.0000 -0.2590
vn 0.4992 -0.0293 -0.8660
vn 0.5138 -0.0766 -0.8545
vn 0.5588 -0.1751 -0.8106
vn 0.6779 -0.3347 -0.6546
vn 0.0075 -0.2775 -0.9607
vn -0.1687 -0.1149 -0.9789
vn 0.3226 -0.5263 -0.7867
vn -0.2339 -0.0418 -0.9714
vn -0.1681 -0.0872 -0.9819
vn -0.2250 -0.0320 -0.9738
vn 0.0131 -0.2479 -0.9687
vn -0.2262 -0.0134 -0.9740
vn -0.2458 -0.0041 -0.9693
vn -0.2238 0.0353 -0.9740
vn -0.1928 0.0100 -0.9812
vn -0.1461 -0.0276 -0.9889
vn -0.2038 -0.0276 -0.9786
vn 0.4881 -0.0092 -0.8728
vn 0.4874 0.0074 -0.8732
vn 0.9314 0.0298 -0.3628
vn 0.9020 0.1080 -0.4181
vn 0.8405 0.3054 -0.4476
vn 0.8822 0.0401 -0.4692
vn 0.8696 0.1410 -0.4733
vn 0.8385 0.3017 -0.4538
vn 0.7817 0.4881 -0.3883
vn 0.6982 0.6425 -0.3156
vn 0.7513 0.2727 -0.6010
vn 0.7278 0.4499 -0.5175
vn 0.6517 0.6192 -0.4381
vn 0.5389 0.3621 -0.7606
vn 0.5011 0.5462 -0.6712
vn 0.5043 0.2009 -0.8398
vn 0.1997 0.2056 -0.9581
vn 0.2078 0.3719 -0.9047
vn 0.1295 0.0916 -0.9873
vn -0.1318 0.0442 -0.9903
vn -0.0822 0.1630 -0.9832
vn -0.1936 -0.0063 -0.9811
vn 0.4558 0.0935 -0.8852
vn 0.4218 0.0273 -0.9063
vn 0.7459 0.1328 -0.6527
vn 0.7351 0.0389 -0.6768
vn 0.7226 -0.0376 -0.6903
vn 0.4023 -0.0239 -0.9152
vn 0.8777 -0.0401 -0.4776
vn 0.9275 -0.0269 -0.3729
vn 0.8658 -0.2093 -0.4545
vn 0.8498 -0.1710 -0.4986
vn 0.7029 -0.1411 -0.6971
vn 0.7479 -0.4572 -0.4812
vn 0.6493 -0.3492 -0.6756
vn 0.5914 -0.6690 -0.4502
vn 0.5157 -0.7835 -0.3467
vn 0.3599 -0.9036 -0.2325
vn 0.1703 -0.9794 -0.1085
vn 0.2395 -0.9404 -0.2414
vn 0.4086 -0.6277 -0.6626
vn 0.0357 -0.9993 -0.0096
vn 0.0986 -0.9948 -0.0264
vn 0.2484 -0.8499 -0.4647
vn -0.1241 -0.0810 -0.9890
vn 0.2447 -0.3447 -0.9063
vn 0.4778 -0.0201 -0.8782
vn -0.2114 -0.0248 -0.9771
vn 0.3358 -0.9030 -0.2679
vn 0.5257 -0.6025 -0.6005
vn 0.3480 -0.5197 -0.7803
vn 0.6432 -0.6919 -0.3280
vn 0.5993 -0.6815 -0.4199
vn 0.5882 -0.6834 -0.4325
vn 0.8255 -0.4135 -0.3841
vn 0.6739 -0.7069 -0.2149
vn 0.8850 -0.3901 -0.2542
vn 0.6744 -0.7065 -0.2147
vn 0.6830 -0.7071 -0.1830
vn 0.8924 -0.3827 -0.2392
vn 0.6783 -0.7063 -0.2029
vn 0.6830 -0.7071 -0.1831
vn 0.6830 -0.7071 -0.1832
vn 0.3742 -0.9219 -0.1002
vn 0.3737 -0.9221 -0.1003
vn 0.3728 -0.9218 -0.1065
vn 0.3741 -0.9220 -0.1003
vn 0.3743 -0.9219 -0.1003
vn 0.3742 -0.9219 -0.1003
vn 0.8924 -0.3827 -0.2391
vn 0.6830 -0.7071 -0.1829
vn 0.8924 -0.3827 -0.2393
vn 0.9659 -0.0001 -0.2588
vn 0.9659 -0.0000 -0.2587
vn 0.9660 -0.0000 -0.2585
vn 0.9660 -0.0000 -0.2584
vn 0.9661 -0.0000 -0.2583
vn 0.8249 0.4133 -0.3856
vn 0.8849 0.3901 -0.2547
vn 0.9659 -0.0001 -0.2589
vn 0.8924 0.3827 -0.2393
vn 0.6830 0.7071 -0.1831
vn 0.8925 0.3826 -0.2390
vn 0.9659 -0.0001 -0.2591
vn 0.9660 0.0001 -0.2586
vn 0.9660 -0.0000 -0.2587
vn 0.8937 0.3902 -0.2213
vn 0.6916 0.7070 -0.1482
vn 0.7256 0.6817 0.0940
vn 0.9072 0.4133 -0.0781
vn 0.9660 -0.0000 -0.2586
vn 0.6703 0.5234 0.5261
vn 0.9142 0.3342 0.2292
vn 0.9070 -0.4135 -0.0796
vn 0.8937 -0.3900 -0.2219
vn 0.8924 -0.3826 -0.2393
vn 0.8924 -0.3828 -0.2391
vn 0.6831 -0.7071 -0.1829
vn 0.3743 -0.9219 -0.1002
vn 0.3741 -0.9220 -0.1002
vn 0.0357 -0.9993 -0.0095
vn 0.3765 -0.9216 -0.0945
vn 0.6888 -0.7063 -0.1634
vn 0.1706 -0.9843 -0.0458
vn 0.1706 -0.9843 -0.0457
vn 0.1705 -0.9843 -0.0457
vn 0.2254 -0.9723 -0.0616
vn 0.2236 -0.9728 -0.0606
vn 0.2275 -0.9718 -0.0624
vn 0.2279 -0.9709 -0.0731
vn 0.2153 -0.9744 -0.0645
vn 0.2431 -0.9667 -0.0793
vn 0.1452 -0.9849 -0.0943
vn 0.1014 -0.9931 -0.0585
vn 0.1989 -0.9731 -0.1167
vn -0.0683 -0.9861 -0.1513
vn -0.1816 -0.9824 -0.0440
vn 0.0835 -0.9748 -0.2069
vn -0.2284 -0.9730 0.0340
vn 0.0803 -0.9963 -0.0312
vn 0.2089 -0.9762 -0.0581
vn -0.2390 -0.9691 0.0608
vn 0.0748 -0.9970 -0.0212
vn 0.2072 -0.9767 -0.0558
vn 0.2227 -0.9730 -0.0599
vn 0.2224 -0.9731 -0.0597
vn 0.2070 -0.9768 -0.0554
vn 0.2224 -0.9731 -0.0596
vn 0.0742 -0.9970 -0.0198
vn 0.2224 -0.9731 -0.0595
vn 0.0741 -0.9971 -0.0199
vn 0.1873 -0.9801 -0.0653
vn 0.3651 -0.9190 -0.1487
vn 0.2399 -0.9646 -0.1096
vn -0.2403 -0.9686 0.0645
vn -0.6713 -0.7190 0.1799
vn -0.9068 -0.3446 0.2427
vn -0.6713 -0.7191 0.1799
vn -0.2403 -0.9685 0.0645
vn -0.6716 -0.7199 0.1751
vn -0.6700 -0.7297 0.1363
vn -0.9148 -0.3458 0.2089
vn -0.9077 -0.3446 0.2393
vn -0.9641 -0.1196 0.2369
vn -0.9587 -0.1264 0.2548
vn -0.9580 -0.1272 0.2570
vn -0.9582 -0.1271 0.2564
vn -0.9656 -0.0333 0.2580
vn -0.9653 -0.0340 0.2590
vn -0.9580 -0.1271 0.2571
vn -0.9659 -0.0091 0.2589
vn -0.9661 -0.0083 0.2581
vn -0.9677 -0.0265 0.2506
vn -0.9901 -0.0804 0.1151
vn -0.9711 -0.0096 0.2386
vn -0.9663 -0.0062 0.2575
vn -0.9662 -0.0044 0.2577
vn -0.9724 0.0153 0.2329
vn -0.9895 0.0627 0.1299
vn -0.9852 0.1376 -0.1024
vn -0.9894 -0.0175 -0.1443
vn -0.9613 -0.1860 -0.2032
vn -0.9675 -0.2326 -0.0992
vn -0.8521 -0.4893 -0.1858
vn -0.9289 -0.3608 0.0829
vn -0.9749 0.0261 0.2211
vn -0.9906 0.0924 0.1012
vn -0.9766 0.1784 -0.1205
vn -0.9347 0.2385 -0.2634
vn -0.9866 0.1629 0.0114
vn -0.9793 0.0526 0.1953
vn -0.9670 -0.0046 0.2547
vn -0.9683 -0.0010 0.2498
vn -0.9715 0.0706 0.2262
vn -0.9665 0.0037 0.2565
vn -0.9651 0.2482 0.0834
vn -0.9640 0.0002 0.2658
vn -0.9677 0.0316 0.2501
vn -0.9630 0.1054 0.2482
vn -0.9296 0.2235 0.2932
vn -0.8669 0.4906 0.0881
vn -0.8040 0.5087 -0.3077
vn -0.8852 0.3512 -0.3052
vn -0.9703 0.0012 0.2420
vn -0.9701 0.0116 0.2424
vn -0.9653 0.0245 0.2599
vn -0.8262 0.5095 0.2403
vn -0.8071 0.5289 0.2625
vn -0.6938 0.7145 0.0900
vn -0.4729 0.8708 0.1347
vn -0.8198 0.5062 0.2678
vn -0.5354 0.8444 0.0182
vn -0.4626 0.8491 0.2551
vn -0.7822 0.5101 0.3578
vn -0.5344 0.7895 0.3019
vn -0.7804 0.6145 -0.1157
vn -0.6935 0.6606 -0.2874
vn -0.7178 0.6549 -0.2364
vn -0.7401 0.4550 -0.4952
vn -0.7068 0.4672 -0.5312
vn -0.7539 0.4722 -0.4569
vn -0.7497 0.3456 -0.5644
vn -0.7796 0.2738 -0.5633
vn -0.7066 0.2520 -0.6613
vn -0.7168 0.1764 -0.6746
vn -0.8440 0.2436 -0.4778
vn -0.7975 0.1730 -0.5779
vn -0.7705 -0.0002 -0.6375
vn -0.6473 -0.0014 -0.7622
vn -0.6609 0.2267 -0.7155
vn -0.6536 0.2335 -0.7200
vn -0.6115 -0.0019 -0.7913
vn -0.5692 -0.2469 -0.7843
vn -0.5784 -0.2358 -0.7809
vn -0.6217 -0.2692 -0.7355
vn -0.6601 -0.1880 -0.7272
vn -0.7504 -0.1841 -0.6348
vn -0.7825 -0.2695 -0.5613
vn -0.6941 -0.3003 -0.6543
vn -0.6318 -0.3932 -0.6680
vn -0.5855 -0.5215 -0.6207
vn -0.5348 -0.5307 -0.6576
vn -0.5987 -0.5313 -0.5994
vn -0.5511 -0.6665 -0.5021
vn -0.4541 -0.7942 -0.4037
vn -0.6889 -0.5249 -0.4999
vn -0.2545 -0.9398 -0.2280
vn -0.1626 -0.9777 -0.1328
vn -0.3221 -0.9184 -0.2298
vn -0.8288 -0.3949 -0.3964
vn -0.5936 -0.7646 -0.2510
vn -0.9183 -0.2818 -0.2782
vn -0.7794 -0.5849 -0.2245
vn -0.8682 -0.2589 -0.4234
vn -0.4321 -0.8381 -0.3330
vn -0.1007 -0.9674 -0.2323
vn 0.0449 -0.9861 -0.1600
vn -0.1651 -0.9247 -0.3429
vn 0.1694 -0.9512 -0.2578
vn 0.2188 -0.9561 -0.1950
vn 0.2511 -0.9547 -0.1599
vn 0.1985 -0.9611 -0.1922
vn -0.4769 -0.8501 -0.2233
vn 0.2410 -0.9631 -0.1197
vn -0.6383 -0.7698 0.0034
vn 0.2659 -0.9577 -0.1103
vn 0.2552 -0.9635 -0.0813
vn 0.2625 -0.9616 -0.0796
vn 0.2797 -0.9557 -0.0922
vn 0.2791 -0.9531 -0.1174
vn 0.2664 -0.9609 -0.0751
vn 0.2304 -0.9711 -0.0619
vn 0.2299 -0.9712 -0.0625
vn 0.2290 -0.9714 -0.0627
vn 0.2304 -0.9711 -0.0618
vn 0.2678 -0.9608 -0.0721
vn 0.2681 -0.9608 -0.0714
vn 0.2852 -0.9552 -0.0786
vn 0.2870 -0.9552 -0.0727
vn 0.2680 -0.9609 -0.0700
vn 0.2868 -0.9557 -0.0664
vn 0.2305 -0.9711 -0.0616
vn 0.2671 -0.9612 -0.0684
vn 0.2831 -0.9572 -0.0607
vn 0.2304 -0.9711 -0.0615
vn 0.2352 -0.9703 -0.0566
vn 0.2656 -0.9620 -0.0628
vn 0.2044 -0.9784 -0.0315
vn 0.2180 -0.9757 0.0239
vn 0.0986 -0.9948 -0.0265
vn 0.3331 -0.9350 0.1218
vn 0.4246 -0.9031 0.0641
vn 0.3907 -0.9189 -0.0539
vn 0.7209 -0.6920 -0.0383
vn 0.7555 -0.6024 0.2574
vn 0.6914 -0.7065 -0.1512
vn 0.7290 -0.6815 0.0640
vn 0.6914 -0.5196 0.5020
vn 0.7101 -0.4349 0.5537
vn 0.4168 -0.3333 0.8457
vn 0.4473 -0.8502 0.2776
vn 0.3684 -0.1177 0.9222
vn 0.3599 -0.1119 0.9263
vn 0.6658 -0.6257 0.4064
vn 0.8456 -0.0192 0.5335
vn 0.3024 -0.0227 0.9529
vn 0.9932 -0.0270 -0.1131
vn 0.9804 -0.1971 0.0027
vn 0.7429 -0.6511 0.1556
vn 0.4484 -0.8923 0.0520
vn 0.9916 -0.1125 0.0634
vn 0.8895 -0.4453 0.1028
vn 0.6309 -0.7705 0.0907
vn 0.2773 -0.9607 -0.0119
vn 0.3674 -0.9291 0.0434
vn 0.2471 -0.9683 -0.0365
vn 0.2687 -0.9630 0.0191
vn 0.4623 -0.8606 0.2135
vn 0.3054 -0.9418 0.1407
vn 0.7102 -0.6328 0.3085
vn 0.4367 -0.7120 0.5499
vn 0.4805 -0.7924 0.3758
vn 0.6349 -0.4435 0.6327
vn 0.8225 -0.4410 0.3593
vn 0.6546 -0.1678 0.7371
vn 0.8994 -0.0983 0.4259
vn 0.7380 -0.0772 0.6704
vn 0.9464 -0.0352 0.3210
vn 0.7476 -0.0206 0.6638
vn 0.9940 -0.0725 -0.0822
vn 0.9790 0.0772 0.1886
vn 0.7614 0.0248 0.6478
vn 0.9996 -0.0245 0.0158
vn 0.4879 -0.0061 0.8729
vn 0.4953 0.0094 0.8687
vn 0.4877 -0.0266 0.8726
vn 0.2895 0.0103 0.9571
vn 0.2792 0.0024 0.9602
vn 0.3090 0.0119 0.9510
vn 0.4456 -0.1503 0.8825
vn 0.3235 -0.0245 0.9459
vn 0.2272 0.0408 0.9730
vn 0.1664 0.0757 0.9832
vn 0.1031 0.0469 0.9936
vn 0.1643 0.1306 0.9777
vn -0.1297 0.3380 0.9322
vn -0.3123 0.1150 0.9430
vn 0.2562 -0.0972 0.9617
vn 0.3207 -0.1578 0.9339
vn 0.2356 -0.0549 0.9703
vn 0.2543 -0.3233 0.9115
vn 0.2628 -0.3620 0.8944
vn 0.3029 -0.4382 0.8463
vn 0.4684 -0.6199 0.6296
vn 0.3195 -0.4988 0.8057
vn 0.3700 -0.5781 0.7273
vn 0.2128 -0.8875 0.4087
vn 0.2459 -0.9023 0.3542
vn 0.2637 -0.9259 0.2706
vn 0.1942 -0.9624 0.1900
vn 0.2429 -0.9600 0.1394
vn 0.2646 -0.9610 0.0806
vn 0.2030 -0.9763 0.0753
vn 0.2523 -0.9672 0.0286
vn 0.2696 -0.9629 -0.0130
vn 0.2690 -0.9630 -0.0180
vn 0.2764 -0.9597 -0.0505
vn 0.2294 -0.9730 0.0256
vn 0.2657 -0.9634 -0.0358
vn 0.2674 -0.9629 0.0349
vn 0.2850 -0.9579 -0.0341
vn 0.2943 -0.9545 -0.0469
vn 0.2562 -0.9666 0.0043
vn 0.2755 -0.9611 -0.0187
vn 0.2869 -0.9561 -0.0594
vn 0.2964 -0.9529 -0.0645
vn 0.2921 -0.9527 -0.0836
vn 0.2922 -0.9525 -0.0863
vn 0.1388 -0.9895 -0.0399
vn 0.2196 -0.9714 -0.0904
vn 0.2654 -0.9556 -0.1278
vn 0.1135 -0.9934 -0.0147
vn 0.1054 -0.9942 0.0236
vn 0.0925 -0.9924 0.0812
vn -0.1237 -0.9914 -0.0419
vn -0.4117 -0.8469 -0.3367
vn -0.0866 -0.9946 0.0572
vn -0.3693 -0.8602 -0.3516
vn 0.1004 -0.9757 0.1947
vn -0.3756 -0.8549 -0.3578
vn -0.1944 -0.9804 0.0308
vn -0.5083 -0.5492 -0.6634
vn -0.5645 -0.5505 -0.6151
vn -0.5586 -0.7534 -0.3469
vn -0.4497 -0.8905 0.0685
vn -0.8199 -0.4500 -0.3541
vn -0.6804 -0.2966 -0.6701
vn -0.8052 -0.5724 0.1549
vn -0.9398 -0.0124 -0.3414
vn -0.7431 -0.0016 -0.6692
vn -0.8874 0.3663 -0.2798
vn -0.7581 0.2698 -0.5936
vn -0.7593 0.6133 -0.2174
vn -0.7270 0.4751 -0.4957
vn -0.6915 0.4853 -0.5351
vn -0.6671 0.7126 -0.2171
vn -0.8802 0.4398 0.1785
vn -0.7728 0.6091 0.1782
vn -0.4092 0.9110 0.0503
vn -0.4162 0.7941 0.4430
vn -0.3616 0.8100 0.4617
vn -0.4530 0.6859 0.5695
vn -0.2234 0.6219 0.7506
vn -0.1472 0.6029 0.7841
vn -0.3333 0.5938 0.7323
vn 0.0589 0.2895 0.9554
vn -0.0500 0.3198 0.9462
vn -0.3102 0.3642 0.8782
vn 0.1716 -0.0103 0.9851
vn 0.0457 -0.0026 0.9990
vn -0.2517 -0.0050 0.9678
vn 0.1197 0.2221 0.9677
vn -0.1065 0.5436 0.8326
vn 0.2197 -0.0270 0.9752
vn -0.4083 0.8005 0.4387
vn -0.5366 0.6590 0.5270
vn -0.9132 0.0848 0.3985
vn -0.8570 0.0063 0.5153
vn -0.9525 -0.0293 0.3031
vn -0.9353 -0.1501 0.3205
vn -0.8852 -0.0126 0.4651
vn -0.6853 -0.0679 0.7251
vn -0.9538 -0.1589 0.2551
vn -0.9649 -0.0364 0.2599
vn -0.9592 -0.1656 0.2291
vn -0.9704 -0.0427 0.2376
vn -0.8871 -0.3918 0.2441
vn -0.8903 -0.3965 0.2240
vn -0.6771 -0.7139 0.1785
vn -0.6751 -0.7126 0.1910
vn -0.8675 -0.3846 0.3154
vn -0.6575 -0.7089 0.2555
vn -0.3193 -0.9431 0.0930
vn -0.3061 -0.9412 0.1432
vn -0.8542 -0.3602 0.3750
vn -0.6934 -0.6389 0.3333
vn -0.2666 -0.9225 0.2792
vn 0.0272 -0.9996 -0.0014
vn 0.0360 -0.9985 0.0408
vn 0.0599 -0.9847 0.1639
vn 0.6617 -0.7263 -0.1861
vn 0.6595 -0.7268 -0.1917
vn 0.6271 -0.7493 -0.2131
vn 0.6576 -0.7276 -0.1953
vn 0.6216 -0.7510 -0.2227
vn -0.2946 -0.0145 0.9555
vn 0.0616 0.0011 0.9981
vn 0.2849 -0.0056 0.9585
vn 0.3114 -0.0045 0.9503
vn 0.5154 0.0319 0.8564
vn 0.7838 0.0848 0.6152
vn 0.9617 -0.0615 0.2670
vn 0.9899 0.1388 0.0275
vn 0.9930 0.1072 -0.0502
vn 0.9916 0.0296 -0.1258
vn 0.8417 0.0174 0.5396
vn 0.8524 -0.0041 0.5229
vn 0.3046 -0.0217 0.9522
vn 0.3511 -0.0181 0.9362
vn 0.2864 -0.0105 0.9581
vn 0.3147 0.0137 0.9491
vn 0.2904 -0.0308 0.9564
vn 0.2702 -0.0032 0.9628
vn 0.2903 0.0364 0.9562
vn 0.2826 -0.0413 0.9584
vn 0.3432 -0.1149 0.9322
vn 0.4867 -0.2775 0.8283
vn 0.8718 -0.0765 0.4839
vn 0.8651 -0.0293 0.5007
vn 0.8896 -0.1751 0.4218
vn 0.6727 -0.5262 0.5201
vn 0.9142 -0.3349 0.2282
vn 0.7256 -0.6834 0.0806
vn 0.6911 -0.7069 -0.1506
vn 0.8634 -0.0006 0.5045
vn 0.8657 0.0283 0.4998
vn 0.8728 0.0764 0.4820
vn 0.8900 0.1753 0.4208
vn 0.3555 0.1144 0.9277
vn 0.3852 0.0857 0.9189
vn 0.5183 0.2566 0.8158
vn 0.4945 0.2798 0.8229
vn 0.6789 0.2737 0.6813
vn 0.4970 -0.0399 0.8668
vn 0.7664 0.4792 0.4278
vn 0.6774 0.5047 0.5351
vn 0.7303 0.6779 0.0845
vn 0.7294 0.6742 0.1154
vn 0.7242 0.6894 0.0170
vn 0.7030 0.7085 -0.0614
vn 0.6903 0.7078 -0.1503
vn 0.6932 0.7064 -0.1430
vn 0.6780 0.7174 -0.1599
vn 0.6931 0.7066 -0.1423
vn 0.6829 0.7072 -0.1831
vn 0.6509 0.7410 -0.1649
vn 0.6048 0.7802 -0.1597
vn 0.5320 0.8347 -0.1423
vn 0.2477 -0.3175 0.9153
vn 0.2098 -0.3302 0.9203
vn 0.4472 -0.6216 0.6432
vn 0.0757 -0.7202 0.6896
vn 0.1055 -0.3447 0.9328
vn -0.0504 -0.6652 0.7450
vn -0.0566 -0.9612 0.2700
vn 0.0824 -0.8795 0.4687
vn 0.1552 -0.8958 0.4166
vn -0.2572 -0.8451 0.4687
vn -0.1479 -0.5548 0.8187
vn -0.0926 -0.5811 0.8085
vn -0.6238 -0.3263 0.7102
vn -0.9029 -0.0503 0.4270
vn -0.9785 -0.0339 0.2036
vn -0.8167 0.4342 0.3801
vn 0.2703 -0.9455 0.1818
vn 0.4265 -0.6838 0.5920
vn 0.3364 -0.5101 0.7916
vn 0.3380 -0.2317 0.9122
vn -0.8784 -0.1807 -0.4425
vn -0.9027 -0.0019 -0.4303
vn -0.9082 0.1679 -0.3833
vn -0.9138 0.2301 -0.3346
vn -0.9664 -0.0147 0.2566
vn -0.9631 -0.0532 0.2639
vn -0.9634 -0.0520 0.2631
vn 0.3644 -0.2273 -0.9031
vn 0.3896 -0.0887 -0.9167
vn -0.4284 -0.1100 -0.8969
vn -0.3346 -0.0647 -0.9401
vn -0.1746 0.1534 -0.9726
vn 0.0950 0.4647 -0.8803
vn 0.3768 0.6740 -0.6354
vn 0.5345 0.7430 -0.4029
vn 0.5967 0.7545 -0.2734
vn 0.6725 0.7179 -0.1800
vt 0.371036 0.017980
vt 0.480088 0.017980
vt 0.480088 0.132210
vt 0.371036 0.132210
s 1
usemtl Material.003
f 228/311/219 2013/312/220 230/313/221 227/314/222
f 229/311/223 2007/312/224 228/313/219 227/314/222
f 234/311/225 229/312/223 227/313/222 232/314/226
f 227/311/222 230/312/221 2092/313/227 231/314/228
f 227/311/222 231/312/228 233/313/229 232/314/226
f 232/311/226 233/312/229 238/313/230 235/314/231
f 236/311/232 234/312/225 232/313/226 235/314/231
f 2155/311/233 236/312/232 235/313/231 237/314/234
f 235/311/231 238/312/230 239/313/235 237/314/234
f 238/311/230 240/312/236 242/313/237 239/314/235
f 233/311/229 241/312/238 240/313/236 238/314/230
f 241/311/238 246/312/239 243/313/240 240/314/236
f 240/311/236 243/312/240 244/313/241 242/314/237
f 243/311/240 245/312/242 598/313/243 244/314/241
f 246/311/239 247/312/244 245/313/242 243/314/240
f 248/311/245 249/312/246 247/313/244 246/314/239
f 250/311/247 248/312/245 246/313/239 241/314/238
f 249/311/246 248/312/245 251/313/248 252/314/249
f 248/311/245 250/312/247 253/313/250 251/314/248
f 252/311/249 251/312/248 254/313/251 257/314/252
f 251/311/248 253/312/250 255/313/253 254/314/251
f 256/311/254 254/312/251 255/313/253 2091/314/255
f 259/311/256 257/312/252 254/313/251 256/314/254
f 258/311/257 593/312/258 252/313/249 257/314/252
f 261/311/259 258/312/257 257/313/252 259/314/256
f 262/311/260 261/312/259 259/313/256 260/314/261
f 260/311/261 259/312/256 256/313/254 2017/314/262
f 264/311/263 263/312/264 261/313/259 262/314/260
f 263/311/264 265/312/265 258/313/257 261/314/259
f 268/311/266 266/312/267 263/313/264 264/314/263
f 266/311/267 267/312/268 265/313/265 263/314/264
f 269/311/269 270/312/270 267/313/268 266/314/267
f 271/311/271 269/312/269 266/313/267 268/314/266
f 270/311/270 269/312/269 272/313/272 275/314/273
f 269/311/269 271/312/271 273/313/274 272/314/272
f 272/311/272 273/312/274 2065/313/275 274/314/276
f 275/311/273 272/312/272 274/313/276 276/314/277
f 277/311/278 275/312/273 276/313/277 280/314/279
f 278/311/280 270/312/270 275/313/273 277/314/278
f 589/311/281 278/312/280 277/313/278 279/314/282
f 279/311/282 277/312/278 280/313/279 282/314/283
f 280/311/279 276/312/277 2084/313/284 281/314/285
f 282/311/283 280/312/279 281/313/285 283/314/286
f 285/311/287 279/312/282 282/313/283 284/314/287
f 284/311/287 282/312/283 283/313/286 286/314/288
f 290/311/289 285/312/287 284/313/287 287/314/290
f 287/311/290 284/312/287 286/313/288 289/314/291
f 292/311/292 290/312/289 287/313/290 288/314/293
f 288/311/293 287/312/290 289/313/291 302/314/293
f 291/311/294 588/312/295 285/313/287 290/314/289
f 293/311/296 291/312/294 290/313/289 292/314/292
f 295/311/297 293/312/296 292/313/292 294/314/298
f 294/311/298 292/312/292 288/313/293 297/314/299
f 2156/311/300 295/312/297 294/313/298 296/314/301
f 296/311/301 294/312/298 297/313/299 298/314/302
f 298/311/302 297/312/299 299/313/299 300/314/303
f 297/311/299 288/312/293 302/313/293 299/314/299
f 300/311/303 299/312/299 301/313/304 453/314/305
f 299/311/299 302/312/293 303/313/292 301/314/304
f 302/311/293 289/312/291 304/313/289 303/314/292
f 303/311/292 304/312/289 307/313/306 305/314/307
f 301/311/304 303/312/292 305/313/307 306/314/308
f 306/311/308 305/312/307 308/313/292 309/314/309
f 305/311/307 307/312/306 310/313/310 308/314/292
f 309/311/309 308/312/292 311/313/292 312/314/311
f 308/311/292 310/312/310 314/313/291 311/314/292
f 312/311/311 311/312/292 313/313/292 439/314/312
f 311/311/292 314/312/291 316/313/291 313/314/292
f 314/311/291 315/312/288 318/313/313 316/314/291
f 310/311/310 2089/312/287 315/313/288 314/314/291
f 318/311/313 320/312/287 317/313/291 316/314/291
f 316/311/291 317/312/291 440/313/292 313/314/292
f 319/311/314 322/312/314 320/313/287 318/314/313
f 315/311/288 331/312/315 319/313/314 318/314/313
f 322/311/314 323/312/314 321/313/287 320/314/287
f 320/311/287 321/312/287 442/313/291 317/314/291
f 324/311/316 325/312/316 323/313/314 322/314/314
f 327/311/316 324/312/316 322/313/314 319/314/314
f 326/311/317 354/312/317 325/313/316 324/314/316
f 328/311/317 326/312/317 324/313/316 327/314/316
f 329/311/316 330/312/317 328/313/317 327/314/316
f 331/311/315 329/312/316 327/313/316 319/314/314
f 332/311/318 335/312/317 330/313/317 329/314/316
f 334/311/314 332/312/318 329/313/316 331/314/315
f 333/311/319 336/312/320 335/313/317 332/314/318
f 2087/311/321 333/312/319 332/313/318 334/314/314
f 336/311/320 338/312/322 337/313/323 335/314/317
f 335/311/317 337/312/323 340/313/324 330/314/317
f 338/311/322 2070/312/325 339/313/326 337/314/323
f 337/311/323 339/312/326 342/313/327 340/314/324
f 330/311/317 340/312/324 341/313/328 328/314/317
f 340/311/324 342/312/327 344/313/326 341/314/328
f 342/311/327 339/312/326 2077/313/329 343/314/329
f 344/311/326 342/312/327 343/313/329 345/314/329
f 344/311/326 346/312/327 347/313/328 341/314/328
f 346/311/327 344/312/326 345/313/329 348/314/329
f 346/311/327 349/312/326 352/313/323 347/314/328
f 349/311/326 346/312/327 348/313/329 350/314/329
f 351/311/327 349/312/326 350/313/329 1357/314/329
f 349/311/326 351/312/327 353/313/323 352/314/323
f 352/311/323 353/312/323 355/313/320 354/314/317
f 347/311/328 352/312/323 354/313/317 326/314/317
f 354/311/317 355/312/320 357/313/316 325/314/316
f 353/311/323 1352/312/323 356/313/317 355/314/320
f 355/311/320 356/312/317 358/313/330 357/314/316
f 357/311/316 358/312/330 360/313/314 359/314/314
f 325/311/316 357/312/316 359/313/314 323/314/314
f 359/311/314 360/312/314 363/313/313 361/314/287
f 323/311/314 359/312/314 361/313/287 321/314/287
f 321/311/287 361/312/287 362/313/291 442/314/291
f 361/311/287 363/312/313 364/313/306 362/314/291
f 365/311/287 366/312/289 364/313/306 363/314/313
f 367/311/315 365/312/287 363/313/313 360/314/314
f 368/311/287 371/312/310 366/313/289 365/314/287
f 369/311/331 368/312/287 365/313/287 367/314/315
f 1345/311/314 370/312/287 368/313/287 369/314/331
f 370/311/287 373/312/291 371/313/310 368/314/287
f 371/311/310 372/312/292 425/313/332 366/314/289
f 373/311/291 374/312/293 372/313/292 371/314/310
f 375/311/291 376/312/292 374/313/293 373/314/291
f 378/311/288 375/312/291 373/313/291 370/314/287
f 377/311/290 414/312/292 376/313/292 375/314/291
f 380/311/288 377/312/290 375/313/291 378/314/288
f 381/311/333 380/312/288 378/313/288 379/314/334
f 379/311/334 378/312/288 370/313/287 1345/314/314
f 383/311/335 382/312/336 380/313/288 381/314/333
f 382/311/336 385/312/306 377/313/290 380/314/288
f 1316/311/337 384/312/287 382/313/336 383/314/335
f 384/311/287 387/312/310 385/313/306 382/314/336
f 385/311/306 386/312/307 414/313/292 377/314/290
f 387/311/310 389/312/292 386/313/307 385/314/306
f 388/311/338 390/312/339 389/313/292 387/314/310
f 1314/311/340 388/312/338 387/313/310 384/314/287
f 390/311/339 392/312/341 391/313/311 389/314/292
f 389/311/292 391/312/311 393/313/311 386/314/307
f 392/311/341 395/312/342 394/313/343 391/314/311
f 391/311/311 394/312/343 396/313/344 393/314/311
f 395/311/342 399/312/345 397/313/346 394/314/343
f 394/311/343 397/312/346 398/313/347 396/314/344
f 397/311/346 400/312/348 403/313/349 398/314/347
f 399/311/345 401/312/350 400/313/348 397/314/346
f 401/311/350 2153/312/351 402/313/352 400/314/348
f 400/311/348 402/312/352 404/313/353 403/314/349
f 403/311/349 404/312/353 406/313/354 405/314/355
f 398/311/347 403/312/349 405/313/355 408/314/356
f 405/311/355 406/312/354 768/313/357 407/314/358
f 408/311/356 405/312/355 407/313/358 409/314/359
f 410/311/360 408/312/356 409/313/359 411/314/361
f 396/311/344 398/312/347 408/313/356 410/314/360
f 393/311/311 396/312/344 410/313/360 412/314/308
f 412/311/308 410/312/360 411/313/361 413/314/304
f 386/311/307 393/312/311 412/313/308 414/314/292
f 414/311/292 412/312/308 413/313/304 376/314/292
f 413/311/304 411/312/361 417/313/362 415/314/363
f 376/311/292 413/312/304 415/313/363 374/314/293
f 374/311/293 415/312/363 416/313/364 372/314/292
f 415/311/363 417/312/362 419/313/365 416/314/364
f 417/311/362 418/312/366 420/313/367 419/314/365
f 411/311/361 409/312/359 418/313/366 417/314/362
f 419/311/365 420/312/367 422/313/368 421/314/301
f 416/311/364 419/312/365 421/313/301 424/314/298
f 421/311/301 422/312/368 753/313/369 423/314/370
f 424/311/298 421/312/301 423/313/370 426/314/371
f 372/311/292 416/312/364 424/313/298 425/314/332
f 425/311/332 424/312/298 426/313/371 427/314/307
f 428/311/372 426/312/371 423/313/370 431/314/373
f 429/311/292 427/312/307 426/313/371 428/314/372
f 441/311/292 429/312/292 428/313/372 430/314/374
f 430/311/374 428/312/372 431/313/373 433/314/375
f 431/311/373 423/312/370 753/313/369 432/314/376
f 433/311/375 431/312/373 432/313/376 434/314/376
f 435/311/373 433/312/375 434/313/376 437/314/376
f 438/311/372 430/312/374 433/313/375 435/314/373
f 439/311/312 438/312/372 435/313/373 436/314/377
f 436/311/377 435/312/373 437/313/376 444/314/378
f 313/311/292 440/312/292 438/313/372 439/314/312
f 440/311/292 441/312/292 430/313/374 438/314/372
f 317/311/291 442/312/291 441/313/292 440/314/292
f 442/311/291 362/312/291 429/313/292 441/314/292
f 449/311/379 312/312/311 439/313/312 436/314/377
f 437/311/376 434/312/376 749/313/380 443/314/380
f 444/311/378 437/312/376 443/313/380 445/314/381
f 447/311/382 446/312/346 444/313/378 445/314/381
f 446/311/346 449/312/379 436/313/377 444/314/378
f 477/311/383 448/312/384 446/313/346 447/314/382
f 448/311/384 450/312/385 449/313/379 446/314/346
f 450/311/385 309/312/309 312/313/311 449/314/379
f 452/311/356 451/312/360 450/313/385 448/314/384
f 451/311/360 306/312/308 309/313/309 450/314/385
f 453/311/305 301/312/304 306/313/308 451/314/360
f 454/311/386 453/312/305 451/313/360 452/314/356
f 456/311/366 300/312/303 453/313/305 454/314/386
f 457/311/387 456/312/366 454/313/386 455/314/388
f 455/311/388 454/312/386 452/313/356 476/314/355
f 459/311/389 458/312/390 456/313/366 457/314/387
f 458/311/390 298/312/302 300/313/303 456/314/366
f 462/311/391 460/312/368 458/313/390 459/314/389
f 460/311/368 296/312/301 298/313/302 458/314/390
f 461/311/392 2156/312/300 296/313/301 460/314/368
f 463/311/393 461/312/392 460/313/368 462/314/391
f 465/311/394 463/312/393 462/313/391 464/314/395
f 464/311/395 462/312/391 459/313/389 467/314/396
f 554/311/397 465/312/394 464/313/395 466/314/398
f 466/311/398 464/312/395 467/313/396 468/314/399
f 468/311/399 467/312/396 469/313/400 470/314/401
f 467/311/396 459/312/389 457/313/387 469/314/400
f 470/311/401 469/312/400 471/313/357 472/314/402
f 469/311/400 457/312/387 455/313/388 471/314/357
f 472/311/402 471/312/357 473/313/403 474/314/404
f 471/311/357 455/312/388 476/313/355 473/314/403
f 474/311/404 473/312/403 475/313/405 478/314/406
f 473/311/403 476/312/355 477/313/383 475/314/405
f 476/311/355 452/312/356 448/313/384 477/314/383
f 475/311/405 477/312/383 447/313/382 479/314/407
f 478/311/406 475/312/405 479/313/407 481/314/408
f 479/311/407 447/312/382 445/313/381 480/314/409
f 481/311/408 479/312/407 480/313/409 482/314/410
f 483/311/411 481/312/408 482/313/410 484/314/412
f 486/311/413 478/312/406 481/313/408 483/314/411
f 485/311/414 483/312/411 484/313/412 740/314/415
f 488/311/416 486/312/413 483/313/411 485/314/414
f 487/311/417 474/312/404 478/313/406 486/314/413
f 489/311/418 487/312/417 486/313/413 488/314/416
f 490/311/419 488/312/416 485/313/414 492/314/420
f 491/311/421 489/312/418 488/313/416 490/314/419
f 495/311/422 491/312/421 490/313/419 493/314/423
f 493/311/423 490/312/419 492/313/420 494/314/424
f 496/311/425 493/312/423 494/313/424 499/314/426
f 497/311/427 495/312/422 493/313/423 496/314/425
f 511/311/428 497/312/427 496/313/425 498/314/429
f 498/311/429 496/312/425 499/313/426 501/314/430
f 499/311/426 494/312/424 735/313/431 500/314/432
f 501/311/430 499/312/426 500/313/432 502/314/433
f 506/311/434 498/312/429 501/313/430 503/314/435
f 503/311/435 501/312/430 502/313/433 505/314/436
f 507/311/437 506/312/434 503/313/435 504/314/438
f 504/311/438 503/312/435 505/313/436 724/314/439
f 509/311/440 508/312/441 506/313/434 507/314/437
f 508/311/441 511/312/428 498/313/429 506/314/434
f 711/311/442 510/312/443 508/313/441 509/314/440
f 510/311/443 512/312/444 511/313/428 508/314/441
f 512/311/444 513/312/445 497/313/427 511/314/428
f 515/311/446 514/312/447 512/313/444 510/314/443
f 514/311/447 516/312/448 513/313/445 512/314/444
f 518/311/449 517/312/450 514/313/447 515/314/446
f 517/311/450 519/312/451 516/313/448 514/314/447
f 522/311/452 520/312/453 517/313/450 518/314/449
f 520/311/453 523/312/454 519/313/451 517/314/450
f 521/311/455 524/312/456 523/313/454 520/314/453
f 651/311/457 521/312/455 520/313/453 522/314/452
f 524/311/456 528/312/458 525/313/459 523/314/454
f 523/311/454 525/312/459 526/313/460 519/314/451
f 525/311/459 527/312/461 566/313/462 526/314/460
f 528/311/458 529/312/463 527/313/461 525/314/459
f 529/311/463 528/312/458 530/313/464 531/314/465
f 528/311/458 524/312/456 533/313/466 530/314/464
f 531/311/465 530/312/464 532/313/467 545/314/468
f 530/311/464 533/312/466 535/313/469 532/314/467
f 533/311/466 534/312/470 536/313/471 535/314/469
f 524/311/456 521/312/455 534/313/470 533/314/466
f 535/311/469 536/312/471 538/313/472 537/314/473
f 532/311/467 535/312/469 537/313/473 540/314/474
f 537/311/473 538/312/472 643/313/475 539/314/476
f 540/311/474 537/312/473 539/313/476 541/314/477
f 545/311/468 532/312/467 540/313/474 542/314/478
f 542/311/478 540/312/474 541/313/477 543/314/479
f 544/311/480 542/312/478 543/313/479 615/314/481
f 546/311/482 545/312/468 542/313/478 544/314/480
f 548/311/483 531/312/465 545/313/468 546/314/482
f 547/311/484 546/312/482 544/313/480 611/314/485
f 550/311/486 548/312/483 546/313/482 547/314/484
f 549/311/487 529/312/463 531/313/465 548/314/483
f 552/311/488 549/312/487 548/313/483 550/314/486
f 554/311/397 552/312/488 550/313/486 551/314/489
f 551/311/489 550/312/486 547/313/484 567/314/490
f 549/311/487 552/312/488 553/313/491 555/314/492
f 552/311/488 554/312/397 466/313/398 553/314/491
f 465/311/394 554/312/397 551/313/489 568/314/493
f 555/311/492 553/312/491 556/313/494 557/314/495
f 553/311/491 466/312/398 468/313/399 556/314/494
f 557/311/495 556/312/494 558/313/496 560/314/497
f 556/311/494 468/312/399 470/313/401 558/314/496
f 558/311/496 470/312/401 472/313/402 559/314/498
f 560/311/497 558/312/496 559/313/498 562/314/499
f 566/311/462 557/312/495 560/313/497 561/314/500
f 561/311/500 560/312/497 562/313/499 563/314/501
f 563/311/501 562/312/499 489/313/418 491/314/421
f 562/311/499 559/312/498 487/313/417 489/314/418
f 565/311/502 561/312/500 563/313/501 564/314/503
f 564/311/503 563/312/501 491/313/421 495/314/422
f 513/311/445 564/312/503 495/313/422 497/314/427
f 516/311/448 565/312/502 564/313/503 513/314/445
f 526/311/460 566/312/462 561/313/500 565/314/502
f 519/311/451 526/312/460 565/313/502 516/314/448
f 527/311/461 555/312/492 557/313/495 566/314/462
f 559/311/498 472/312/402 474/313/404 487/314/417
f 529/311/463 549/312/487 555/313/492 527/314/461
f 568/311/493 551/312/489 567/313/490 569/314/504
f 570/311/505 568/312/493 569/313/504 571/314/506
f 463/311/393 465/312/394 568/313/493 570/314/505
f 572/311/507 570/312/505 571/313/506 574/314/508
f 461/311/392 463/312/393 570/313/505 572/314/507
f 2156/311/300 461/312/392 572/313/507 573/314/509
f 573/311/509 572/312/507 574/313/508 576/314/510
f 574/311/508 571/312/506 608/313/511 575/314/512
f 576/311/510 574/312/508 575/313/512 577/314/513
f 578/311/514 576/312/510 577/313/513 579/314/515
f 581/311/516 573/312/509 576/313/510 578/314/514
f 580/311/517 578/312/514 579/313/515 597/314/518
f 582/311/519 581/312/516 578/313/514 580/314/517
f 293/311/296 295/312/297 581/313/516 582/314/519
f 295/311/297 2156/312/300 573/313/509 581/314/516
f 583/311/520 582/312/519 580/313/517 584/314/521
f 291/311/294 293/312/296 582/313/519 583/314/520
f 585/311/522 583/312/520 584/313/521 586/314/523
f 588/311/295 291/312/294 583/313/520 585/314/522
f 587/311/524 585/312/522 586/313/523 590/314/525
f 589/311/281 588/312/295 585/313/522 587/314/524
f 588/311/295 589/312/281 279/313/282 285/314/287
f 278/311/280 589/312/281 587/313/524 591/314/526
f 591/311/526 587/312/524 590/313/525 592/314/527
f 270/311/270 278/312/280 591/313/526 267/314/268
f 267/311/268 591/312/526 592/313/527 265/314/265
f 592/311/527 590/312/525 594/313/528 593/314/258
f 265/311/265 592/312/527 593/313/258 258/314/257
f 593/311/258 594/312/528 249/313/246 252/314/249
f 594/311/528 595/312/529 247/313/244 249/314/246
f 590/311/525 586/312/523 595/313/529 594/314/528
f 595/311/529 596/312/530 245/313/242 247/314/244
f 586/311/523 584/312/521 596/313/530 595/314/529
f 584/311/521 580/312/517 597/313/518 596/314/530
f 596/311/530 597/312/518 598/313/243 245/314/242
f 597/311/518 579/312/515 599/313/531 598/314/243
f 244/311/241 598/312/243 599/313/531 600/314/532
f 602/311/533 600/312/532 599/313/531 601/314/534
f 579/311/515 577/312/513 601/313/534 599/314/531
f 604/311/535 602/312/533 601/313/534 603/314/536
f 577/311/513 575/312/512 603/313/536 601/314/534
f 606/311/537 604/312/535 603/313/536 605/314/538
f 575/311/512 608/312/511 605/313/538 603/314/536
f 612/311/539 606/312/537 605/313/538 607/314/540
f 608/311/511 609/312/541 607/313/540 605/314/538
f 571/311/506 569/312/504 609/313/541 608/314/511
f 609/311/541 610/312/542 612/313/539 607/314/540
f 569/311/504 567/312/490 610/313/542 609/314/541
f 567/311/490 547/312/484 611/313/485 610/314/542
f 610/311/542 611/312/485 613/313/543 612/314/539
f 613/311/543 614/312/544 606/313/537 612/314/539
f 615/311/481 616/312/545 614/313/544 613/314/543
f 611/311/485 544/312/480 615/313/481 613/314/543
f 543/311/479 618/312/546 616/313/545 615/314/481
f 618/311/546 620/312/547 617/313/548 616/314/545
f 616/311/545 617/312/548 629/313/549 614/314/544
f 618/311/546 543/312/479 541/313/477 619/314/550
f 620/311/547 618/312/546 619/313/550 621/314/551
f 622/311/552 620/312/547 621/313/551 623/314/553
f 620/311/547 622/312/552 625/313/554 617/314/548
f 624/311/555 622/312/552 623/313/553 631/314/556
f 622/311/552 624/312/555 626/313/557 625/314/554
f 625/311/554 626/312/557 628/313/558 627/314/559
f 617/311/548 625/312/554 627/313/559 629/314/549
f 627/311/559 628/312/558 600/313/532 602/314/533
f 629/311/549 627/312/559 602/313/533 604/314/535
f 614/311/544 629/312/549 604/313/535 606/314/537
f 242/311/237 244/312/241 600/313/532 628/314/558
f 239/311/235 242/312/237 628/313/558 626/314/557
f 237/311/234 239/312/235 626/313/557 624/314/555
f 630/311/560 2155/312/233 237/313/234 624/314/555
f 632/311/561 630/312/560 624/313/555 631/314/556
f 634/311/562 632/312/561 631/313/556 633/314/563
f 631/311/556 623/312/553 636/313/564 633/314/563
f 678/311/565 634/312/562 633/313/563 635/314/566
f 633/311/563 636/312/564 637/313/567 635/314/566
f 636/311/564 638/312/568 639/313/569 637/314/567
f 623/311/553 621/312/551 638/313/568 636/314/564
f 638/311/568 640/312/570 641/313/571 639/314/569
f 621/311/551 619/312/550 640/313/570 638/314/568
f 640/311/570 539/312/476 643/313/475 641/314/571
f 619/311/550 541/312/477 539/313/476 640/314/570
f 639/311/569 641/312/571 642/313/572 674/314/573
f 641/311/571 643/312/475 644/313/574 642/314/572
f 538/311/472 645/312/575 644/313/574 643/314/475
f 645/311/575 646/312/576 642/313/572 644/314/574
f 647/311/577 648/312/578 646/313/576 645/314/575
f 536/311/471 647/312/577 645/313/575 538/314/472
f 649/311/579 650/312/580 648/313/578 647/314/577
f 534/311/470 649/312/579 647/313/577 536/314/471
f 651/311/457 652/312/581 650/313/580 649/314/579
f 521/311/455 651/312/457 649/313/579 534/314/470
f 652/311/581 651/312/457 522/313/452 654/314/582
f 652/311/581 653/312/583 670/313/584 650/314/580
f 653/311/583 652/312/581 654/313/582 655/314/585
f 655/311/585 654/312/582 656/313/586 658/314/587
f 654/311/582 522/312/452 518/313/449 656/314/586
f 656/311/586 518/312/449 515/313/446 657/314/588
f 658/311/587 656/312/586 657/313/588 659/314/589
f 663/311/590 655/312/585 658/313/587 660/314/591
f 660/311/591 658/312/587 659/313/589 662/314/592
f 664/311/593 663/312/590 660/313/591 661/314/594
f 661/311/594 660/312/591 662/313/592 705/314/595
f 666/311/596 665/312/597 663/313/590 664/314/593
f 665/311/597 653/312/583 655/313/585 663/314/590
f 665/311/597 666/312/596 668/313/598 667/314/599
f 653/311/583 665/312/597 667/313/599 670/314/584
f 667/311/599 668/312/598 679/313/600 669/314/601
f 670/311/584 667/312/599 669/313/601 671/314/602
f 650/311/580 670/312/584 671/313/602 648/314/578
f 648/311/578 671/312/602 672/313/603 646/314/576
f 671/311/602 669/312/601 673/313/604 672/314/603
f 672/311/603 673/312/604 675/313/605 674/314/573
f 646/311/576 672/312/603 674/313/573 642/314/572
f 637/311/567 639/312/569 674/313/573 675/314/605
f 635/311/566 637/312/567 675/313/605 676/314/606
f 673/311/604 677/312/607 676/313/606 675/314/605
f 677/311/607 678/312/565 635/313/566 676/314/606
f 679/311/600 680/312/608 678/313/565 677/314/607
f 669/311/601 679/312/600 677/313/607 673/314/604
f 668/311/598 681/312/609 680/313/608 679/314/600
f 681/311/609 683/312/610 682/313/611 680/314/608
f 680/311/608 682/312/611 634/313/562 678/314/565
f 683/311/610 685/312/612 684/313/613 682/314/611
f 682/311/611 684/312/613 632/313/561 634/314/562
f 685/311/612 688/312/614 686/313/615 684/314/613
f 684/311/613 686/312/615 630/313/560 632/314/561
f 686/311/615 687/312/616 2155/313/233 630/314/560
f 688/311/614 689/312/617 687/313/616 686/314/615
f 690/311/618 691/312/619 689/313/617 688/314/614
f 693/311/620 690/312/618 688/313/614 685/314/612
f 691/311/619 690/312/618 692/313/621 1988/314/622
f 690/311/618 693/312/620 695/313/623 692/314/621
f 693/311/620 694/312/624 697/313/625 695/314/623
f 694/311/624 693/312/620 685/313/612 683/314/610
f 692/311/621 695/312/623 696/313/626 1991/314/627
f 695/311/623 697/312/625 698/313/628 696/314/626
f 697/311/625 699/312/629 700/313/630 698/314/628
f 694/311/624 701/312/631 699/313/629 697/314/625
f 701/311/631 666/312/596 664/313/593 699/314/629
f 699/311/629 664/312/593 661/313/594 700/314/630
f 666/311/596 701/312/631 681/313/609 668/314/598
f 701/311/631 694/312/624 683/313/610 681/314/609
f 700/311/630 661/312/594 705/313/595 702/314/632
f 698/311/628 700/312/630 702/313/632 703/314/633
f 703/311/633 702/312/632 704/313/634 1997/314/635
f 702/311/632 705/312/595 706/313/636 704/314/634
f 705/311/595 662/312/592 708/313/637 706/314/636
f 704/311/634 706/312/636 707/313/638 1999/314/639
f 706/311/636 708/312/637 709/313/640 707/314/638
f 708/311/637 710/312/641 712/313/642 709/314/640
f 662/311/592 659/312/589 710/313/641 708/314/637
f 659/311/589 657/312/588 711/313/442 710/314/641
f 710/311/641 711/312/442 509/313/440 712/314/642
f 712/311/642 509/312/440 507/313/437 713/314/643
f 709/311/640 712/312/642 713/313/643 715/314/644
f 713/311/643 507/312/437 504/313/438 714/314/645
f 715/311/644 713/312/643 714/313/645 717/314/646
f 707/311/638 709/312/640 715/313/644 716/314/647
f 716/311/647 715/312/644 717/313/646 718/314/648
f 718/311/648 717/312/646 719/313/649 721/314/650
f 717/311/646 714/312/645 722/313/651 719/314/649
f 722/311/651 723/312/652 720/313/653 719/314/649
f 719/311/649 720/312/653 830/313/654 721/314/650
f 724/311/439 725/312/655 723/313/652 722/314/651
f 714/311/645 504/312/438 724/313/439 722/314/651
f 505/311/436 727/312/656 725/313/655 724/314/439
f 727/311/656 728/312/656 726/313/655 725/314/655
f 725/311/655 726/312/655 825/313/652 723/314/652
f 729/311/657 730/312/658 728/313/656 727/314/656
f 502/311/433 729/312/657 727/313/656 505/314/436
f 731/311/659 732/312/659 730/313/658 729/314/657
f 500/311/432 731/312/659 729/313/657 502/314/433
f 733/311/660 734/312/660 732/313/659 731/314/659
f 735/311/431 733/312/660 731/313/659 500/314/432
f 736/311/661 738/312/662 734/313/660 733/314/660
f 737/311/663 736/312/661 733/313/660 735/314/431
f 740/311/415 739/312/664 736/313/661 737/314/663
f 739/311/664 741/312/665 738/313/662 736/314/661
f 484/311/412 742/312/666 739/313/664 740/314/415
f 742/311/666 743/312/666 741/313/665 739/314/664
f 482/311/410 744/312/667 742/313/666 484/314/412
f 744/311/667 745/312/667 743/313/666 742/314/666
f 746/311/668 747/312/668 745/313/667 744/314/667
f 480/311/409 746/312/668 744/313/667 482/314/410
f 443/311/380 749/312/380 747/313/668 746/314/668
f 445/311/381 443/312/380 746/313/668 480/314/409
f 747/311/668 748/312/668 796/313/667 745/314/667
f 749/311/380 750/312/380 748/313/668 747/314/668
f 434/311/376 432/312/376 750/313/380 749/314/380
f 750/311/380 751/312/669 754/313/670 748/314/668
f 432/311/376 753/312/369 751/313/669 750/314/380
f 752/311/671 756/312/672 754/313/670 751/314/669
f 422/311/368 752/312/671 751/313/669 753/314/369
f 748/311/668 754/312/670 755/313/673 796/314/667
f 756/311/672 757/312/398 755/313/673 754/314/670
f 758/311/674 761/312/675 757/313/398 756/314/672
f 760/311/676 758/312/674 756/313/672 752/314/671
f 759/311/677 763/312/678 761/313/675 758/314/674
f 2154/311/387 759/312/677 758/313/674 760/314/676
f 761/311/675 762/312/494 792/313/679 757/314/398
f 763/311/678 764/312/680 762/313/494 761/314/675
f 765/311/681 766/312/682 764/313/680 763/314/678
f 768/311/357 765/312/681 763/313/678 759/314/677
f 767/311/683 769/312/684 766/313/682 765/314/681
f 406/311/354 767/312/683 765/313/681 768/314/357
f 407/311/358 768/312/357 759/313/677 2154/314/387
f 770/311/685 771/312/686 769/313/684 767/314/683
f 404/311/353 770/312/685 767/313/683 406/314/354
f 772/311/687 774/312/688 771/313/686 770/314/685
f 402/311/352 772/312/687 770/313/685 404/314/353
f 773/311/689 775/312/690 774/313/688 772/314/687
f 2153/311/351 773/312/689 772/313/687 402/314/352
f 775/311/690 778/312/691 776/313/692 774/314/688
f 774/311/688 776/312/692 779/313/693 771/314/686
f 776/311/692 777/312/694 780/313/419 779/314/693
f 778/311/691 963/312/695 777/313/694 776/314/692
f 771/311/686 779/312/693 781/313/696 769/314/684
f 779/311/693 780/312/419 782/313/697 781/314/696
f 781/311/696 782/312/697 784/313/698 783/314/699
f 769/311/684 781/312/696 783/313/699 766/314/682
f 783/311/699 784/312/698 786/313/700 785/314/497
f 766/311/682 783/312/699 785/313/497 764/314/680
f 785/311/497 786/312/700 788/313/701 787/314/495
f 764/311/680 785/312/497 787/313/495 762/314/494
f 787/311/495 788/312/701 790/313/461 789/314/702
f 762/311/494 787/312/495 789/313/702 792/314/679
f 789/311/702 790/312/461 798/313/703 791/314/704
f 792/311/679 789/312/702 791/313/704 793/314/705
f 757/311/398 792/312/679 793/313/705 755/314/673
f 796/311/667 755/312/673 793/313/705 794/314/706
f 794/311/706 793/312/705 791/313/704 795/314/707
f 745/311/667 796/312/667 794/313/706 743/314/666
f 743/311/666 794/312/706 795/313/707 741/314/665
f 741/311/665 795/312/707 797/313/708 738/314/662
f 795/311/707 791/312/704 798/313/703 797/314/708
f 738/311/662 797/312/708 799/313/660 734/314/660
f 797/311/708 798/312/703 801/313/709 799/314/660
f 734/311/660 799/312/660 800/313/659 732/314/659
f 799/311/660 801/312/709 803/313/710 800/314/659
f 790/311/461 802/312/459 801/313/709 798/314/703
f 802/311/459 805/312/711 803/313/710 801/314/709
f 800/311/659 803/312/710 804/313/712 820/314/713
f 805/311/711 806/312/714 804/313/712 803/314/710
f 809/311/715 807/312/716 805/313/711 802/314/459
f 807/311/716 810/312/717 806/313/714 805/314/711
f 808/311/718 811/312/719 810/313/717 807/314/716
f 957/311/720 808/312/718 807/313/716 809/314/715
f 811/311/719 813/312/721 812/313/722 810/314/717
f 810/311/717 812/312/722 815/313/452 806/314/714
f 813/311/721 932/312/723 814/313/724 812/314/722
f 812/311/722 814/312/724 816/313/725 815/314/452
f 815/311/452 816/312/725 818/313/726 817/314/727
f 806/311/714 815/312/452 817/313/727 804/314/712
f 820/311/713 804/312/712 817/313/727 819/314/656
f 819/311/656 817/312/727 818/313/726 821/314/655
f 730/311/658 820/312/713 819/313/656 728/314/656
f 728/311/656 819/312/656 821/313/655 726/314/655
f 821/311/655 818/312/726 823/313/728 822/314/729
f 726/311/655 821/312/655 822/313/729 825/314/652
f 822/311/729 823/312/728 924/313/730 824/314/653
f 825/311/652 822/312/729 824/313/653 826/314/653
f 723/311/652 825/312/652 826/313/653 720/314/653
f 826/311/653 824/312/653 828/313/654 827/314/654
f 720/311/653 826/312/653 827/313/654 830/314/654
f 827/311/654 828/312/654 840/313/731 829/314/731
f 830/311/654 827/312/654 829/313/731 831/314/731
f 721/311/650 830/312/654 831/313/731 832/314/732
f 831/311/731 829/312/731 836/313/733 833/314/734
f 832/311/732 831/312/731 833/313/734 834/314/735
f 834/311/735 833/312/734 835/313/736 852/314/737
f 833/311/734 836/312/733 837/313/736 835/314/736
f 836/311/733 838/312/734 841/313/736 837/314/736
f 829/311/731 840/312/731 838/313/734 836/314/733
f 838/311/734 839/312/738 842/313/739 841/314/736
f 840/311/731 922/312/740 839/313/738 838/314/734
f 841/311/736 842/312/739 844/313/741 843/314/742
f 837/311/736 841/312/736 843/313/742 846/314/742
f 843/311/742 844/312/741 907/313/743 845/314/744
f 846/311/742 843/312/742 845/313/744 847/314/744
f 848/311/742 846/312/742 847/313/744 849/314/744
f 835/311/736 837/312/736 846/313/742 848/314/742
f 852/311/737 835/312/736 848/313/742 850/314/745
f 850/311/745 848/312/742 849/313/744 851/314/746
f 856/311/747 853/312/748 850/313/745 851/314/746
f 853/311/748 854/312/749 852/313/737 850/314/745
f 855/311/750 2001/312/751 854/313/749 853/314/748
f 857/311/752 855/312/750 853/313/748 856/314/747
f 858/311/753 856/312/747 851/313/746 860/314/753
f 861/311/754 857/312/752 856/313/747 858/314/753
f 862/311/755 861/312/754 858/313/753 859/314/756
f 859/311/756 858/312/753 860/313/753 898/314/755
f 863/311/757 865/312/746 857/313/752 861/314/754
f 864/311/755 863/312/757 861/313/754 862/314/755
f 868/311/758 866/312/757 863/313/757 864/314/755
f 866/311/757 867/312/752 865/313/746 863/314/757
f 869/311/754 870/312/759 867/313/752 866/314/757
f 872/311/760 869/312/754 866/313/757 868/314/758
f 871/311/761 1990/312/762 870/313/759 869/314/754
f 873/311/763 871/312/761 869/313/754 872/314/760
f 875/311/764 873/312/763 872/313/760 874/314/765
f 874/311/765 872/312/760 868/313/758 876/314/766
f 879/311/767 875/312/764 874/313/765 877/314/768
f 877/311/768 874/312/765 876/313/766 878/314/769
f 880/311/770 877/312/768 878/313/769 883/314/771
f 881/311/772 879/312/767 877/313/768 880/314/770
f 1973/311/773 881/312/772 880/313/770 882/314/774
f 882/311/774 880/312/770 883/313/771 884/314/775
f 884/311/775 883/312/771 885/313/776 886/314/777
f 883/311/771 878/312/769 888/313/778 885/314/776
f 886/311/777 885/312/776 887/313/779 2130/314/780
f 885/311/776 888/312/778 890/313/781 887/314/779
f 888/311/778 889/312/782 891/313/783 890/314/781
f 878/311/769 876/312/766 889/313/782 888/314/778
f 890/311/781 891/312/783 895/313/784 892/314/785
f 887/311/779 890/312/781 892/313/785 893/314/786
f 893/311/786 892/312/785 894/313/787 2134/314/788
f 892/311/785 895/312/784 896/313/789 894/314/787
f 895/311/784 859/312/756 898/313/755 896/314/789
f 891/311/783 862/312/755 859/313/756 895/314/784
f 898/311/755 899/312/756 897/313/790 896/314/789
f 896/311/789 897/312/790 1113/313/791 894/314/787
f 860/311/753 901/312/757 899/313/756 898/314/755
f 901/311/757 902/312/757 900/313/755 899/314/756
f 899/311/756 900/312/755 1111/313/792 897/314/790
f 851/311/746 849/312/744 901/313/757 860/314/753
f 849/311/744 847/312/744 902/313/757 901/314/757
f 902/311/757 903/312/757 904/313/793 900/314/755
f 847/311/744 845/312/744 903/313/757 902/314/757
f 845/311/744 907/312/743 905/313/757 903/314/757
f 903/311/757 905/312/757 906/313/755 904/314/793
f 908/311/754 909/312/794 906/313/755 905/314/757
f 911/311/752 908/312/754 905/313/757 907/314/743
f 910/311/761 1105/312/795 909/313/794 908/314/754
f 912/311/746 910/312/761 908/313/754 911/314/752
f 914/311/627 912/312/746 911/313/752 913/314/621
f 913/311/621 911/312/752 907/313/743 844/314/741
f 916/311/626 914/312/627 913/313/621 915/314/796
f 915/311/796 913/312/621 844/313/741 842/314/739
f 917/311/797 915/312/796 842/313/739 839/314/738
f 918/311/798 916/312/626 915/313/796 917/314/797
f 919/311/629 917/312/797 839/313/738 922/314/740
f 920/311/799 918/312/798 917/313/797 919/314/629
f 1038/311/800 920/312/799 919/313/629 921/314/801
f 921/311/801 919/312/629 922/313/740 923/314/802
f 828/311/654 923/312/802 922/313/740 840/314/731
f 925/311/803 921/312/801 923/313/802 924/314/730
f 824/311/653 924/312/730 923/313/802 828/314/654
f 927/311/804 925/312/803 924/313/730 823/314/728
f 926/311/805 1038/312/800 921/313/801 925/314/803
f 928/311/806 926/312/805 925/313/803 927/314/804
f 814/311/724 928/312/806 927/313/804 816/314/725
f 816/311/725 927/312/804 823/313/728 818/314/726
f 929/311/807 930/312/808 926/313/805 928/314/806
f 932/311/723 929/312/807 928/313/806 814/314/724
f 931/311/809 1033/312/810 930/313/808 929/314/807
f 933/311/811 931/312/809 929/313/807 932/314/723
f 934/311/812 933/312/811 932/313/723 813/314/721
f 936/311/813 935/312/814 933/313/811 934/314/812
f 935/311/814 937/312/815 931/313/809 933/314/811
f 939/311/816 938/312/817 935/313/814 936/314/813
f 938/311/817 940/312/818 937/313/815 935/314/814
f 944/311/819 941/312/820 938/313/817 939/314/816
f 941/311/820 942/312/821 940/313/818 938/314/817
f 943/311/822 1024/312/823 942/313/821 941/314/820
f 945/311/824 943/312/822 941/313/820 944/314/819
f 947/311/825 945/312/824 944/313/819 946/314/430
f 946/311/430 944/312/819 939/313/816 949/314/826
f 962/311/827 947/312/825 946/313/430 948/314/426
f 948/311/426 946/312/430 949/313/826 950/314/828
f 950/311/828 949/312/826 951/313/829 952/314/427
f 949/311/826 939/312/816 936/313/813 951/314/829
f 952/311/427 951/312/829 953/313/830 954/314/831
f 951/311/829 936/312/813 934/313/812 953/314/830
f 953/311/830 934/312/812 813/313/721 811/314/719
f 954/311/831 953/312/830 811/313/719 808/314/718
f 956/311/832 952/312/427 954/313/831 955/314/833
f 955/311/833 954/312/831 808/313/718 957/314/720
f 782/311/697 956/312/832 955/313/833 784/314/698
f 784/311/698 955/312/833 957/313/720 786/314/700
f 786/311/700 957/312/720 809/313/715 788/314/701
f 958/311/834 950/312/828 952/313/427 956/314/832
f 780/311/419 958/312/834 956/313/832 782/314/697
f 959/311/424 948/312/426 950/313/828 958/314/834
f 777/311/694 959/312/424 958/313/834 780/314/419
f 960/311/835 962/312/827 948/313/426 959/314/424
f 963/311/695 960/312/835 959/313/424 777/314/694
f 963/311/695 964/312/836 961/313/837 960/314/835
f 960/311/835 961/312/837 1019/313/838 962/314/827
f 778/311/691 966/312/839 964/313/836 963/314/695
f 966/311/839 967/312/840 965/313/841 964/314/836
f 964/311/836 965/312/841 991/313/842 961/314/837
f 968/311/843 969/312/844 967/313/840 966/314/839
f 775/311/690 968/312/843 966/313/839 778/314/691
f 970/311/845 972/312/846 969/313/844 968/314/843
f 773/311/689 970/312/845 968/313/843 775/314/690
f 971/311/847 974/312/848 972/313/846 970/314/845
f 2153/311/351 971/312/847 970/313/845 773/314/689
f 972/311/846 973/312/849 983/313/850 969/314/844
f 974/311/848 976/312/851 973/313/849 972/314/846
f 975/311/852 977/312/853 976/313/851 974/314/848
f 1256/311/854 975/312/852 974/313/848 971/314/847
f 977/311/853 979/312/855 978/313/856 976/314/851
f 976/311/851 978/312/856 980/313/857 973/314/849
f 980/311/857 978/312/856 979/313/855 981/314/858
f 973/311/849 980/312/857 982/313/859 983/314/850
f 982/311/859 980/312/857 981/313/858 984/314/860
f 983/311/850 982/312/859 985/313/861 988/314/862
f 985/311/861 982/312/859 984/313/860 987/314/863
f 988/311/862 985/312/861 986/313/864 989/314/865
f 986/311/864 985/312/861 987/313/863 997/314/866
f 967/311/840 988/312/862 989/313/865 965/314/841
f 969/311/844 983/312/850 988/313/862 967/314/840
f 965/311/841 989/312/865 990/313/867 991/314/842
f 989/311/865 986/312/864 993/313/868 990/314/867
f 991/311/842 990/312/867 992/313/869 1018/314/870
f 990/311/867 993/312/868 994/313/871 992/314/869
f 997/311/866 995/312/872 993/313/868 986/314/864
f 995/311/872 996/312/873 994/313/871 993/314/868
f 998/311/874 1001/312/875 996/313/873 995/314/872
f 1000/311/876 998/312/874 995/313/872 997/314/866
f 999/311/877 1002/312/878 1001/313/875 998/314/874
f 1273/311/879 999/312/877 998/313/874 1000/314/876
f 1002/311/878 1004/312/880 1003/313/881 1001/314/875
f 1001/311/875 1003/312/881 1006/313/882 996/314/873
f 1004/311/880 1286/312/883 1005/313/884 1003/314/881
f 1003/311/881 1005/312/884 1007/313/885 1006/314/882
f 996/311/873 1006/312/882 1008/313/886 994/314/871
f 1006/311/882 1007/312/885 1010/313/887 1008/314/886
f 992/311/869 994/312/871 1008/313/886 1009/314/888
f 1009/311/888 1008/312/886 1010/313/887 1011/314/889
f 1011/311/889 1010/312/887 1007/313/885 1012/314/890
f 1016/311/891 1009/312/888 1011/313/889 1013/314/892
f 1013/311/892 1011/312/889 1012/313/890 1015/314/893
f 1017/311/894 1016/312/891 1013/313/892 1014/314/895
f 1014/311/895 1013/312/892 1015/313/893 1021/314/896
f 1019/311/838 1018/312/870 1016/313/891 1017/314/894
f 1018/311/870 992/312/869 1009/313/888 1016/314/891
f 961/311/837 991/312/842 1018/313/870 1019/314/838
f 962/311/827 1019/312/838 1017/313/894 947/314/825
f 947/311/825 1017/312/894 1014/313/895 945/314/824
f 1015/311/893 1012/312/890 1288/313/897 1020/314/898
f 1021/311/896 1015/312/893 1020/313/898 1022/314/899
f 943/311/822 1021/312/896 1022/313/899 1024/314/823
f 945/311/824 1014/312/895 1021/313/896 943/314/822
f 1022/311/899 1020/312/898 1289/313/900 1023/314/901
f 1024/311/823 1022/312/899 1023/313/901 1025/314/902
f 1024/311/823 1025/312/902 1027/313/646 942/314/821
f 1025/311/902 1023/312/901 1291/313/903 1026/314/904
f 1025/311/902 1026/312/904 1028/313/905 1027/314/646
f 1027/311/646 1028/312/905 1030/313/906 1029/314/907
f 942/311/821 1027/312/646 1029/313/907 940/314/818
f 1029/311/907 1030/312/906 1032/313/908 1031/314/909
f 940/311/818 1029/312/907 1031/313/909 937/314/815
f 1031/311/909 1032/312/908 1034/313/910 1033/314/810
f 937/311/815 1031/312/909 1033/313/810 931/314/809
f 1033/311/810 1034/312/910 1036/313/911 930/314/808
f 1034/311/910 1035/312/912 1037/313/913 1036/314/911
f 1032/311/908 1046/312/914 1035/313/912 1034/314/910
f 1036/311/911 1037/312/913 920/313/799 1038/314/800
f 930/311/808 1036/312/911 1038/313/800 926/314/805
f 1035/311/912 1041/312/915 1039/313/916 1037/314/913
f 1037/311/913 1039/312/916 918/313/798 920/314/799
f 1041/311/915 1042/312/917 1040/313/918 1039/314/916
f 1039/311/916 1040/312/918 916/313/626 918/314/798
f 1043/311/919 1044/312/920 1042/313/917 1041/314/915
f 1046/311/914 1043/312/919 1041/313/915 1035/314/912
f 1045/311/921 1067/312/922 1044/313/920 1043/314/919
f 1047/311/923 1045/312/921 1043/313/919 1046/314/914
f 1030/311/906 1047/312/923 1046/313/914 1032/314/908
f 1048/311/924 1049/312/925 1045/313/921 1047/314/923
f 1028/311/905 1048/312/924 1047/313/923 1030/314/906
f 1050/311/926 1052/312/927 1049/313/925 1048/314/924
f 1026/311/904 1050/312/926 1048/313/924 1028/314/905
f 1026/311/904 1291/312/903 1051/313/928 1050/314/926
f 1050/311/926 1051/312/928 1054/313/929 1052/314/927
f 1052/311/927 1054/312/929 1056/313/930 1053/314/931
f 1052/311/927 1053/312/931 1066/313/932 1049/314/925
f 1054/311/929 1055/312/933 1057/313/934 1056/314/930
f 1051/311/928 1283/312/935 1055/313/933 1054/314/929
f 1056/311/930 1057/312/934 1059/313/936 1058/314/937
f 1053/311/931 1056/312/930 1058/313/937 1061/314/938
f 1058/311/937 1059/312/936 1294/313/939 1060/314/940
f 1061/311/938 1058/312/937 1060/313/940 1062/314/941
f 1061/311/938 1062/312/941 1064/313/942 1063/314/943
f 1053/311/931 1061/312/938 1063/313/943 1066/314/932
f 1063/311/943 1064/312/942 1068/313/746 1065/314/944
f 1066/311/932 1063/312/943 1065/313/944 1067/314/922
f 1049/311/925 1066/312/932 1067/313/922 1045/314/921
f 1067/311/922 1065/312/944 1069/313/944 1044/314/920
f 1065/311/944 1068/312/746 1070/313/622 1069/314/944
f 1069/311/944 1070/312/622 1072/313/752 1071/314/945
f 1044/311/920 1069/312/944 1071/313/945 1042/314/917
f 1071/311/945 1072/312/752 1074/313/744 1073/314/946
f 1042/311/917 1071/312/945 1073/313/946 1040/314/918
f 1040/311/918 1073/312/946 914/313/627 916/314/626
f 1073/311/946 1074/312/744 912/313/746 914/314/627
f 1072/311/752 1077/312/757 1075/313/757 1074/314/744
f 1074/311/744 1075/312/757 910/313/761 912/314/746
f 1077/311/757 1078/312/947 1076/313/760 1075/314/757
f 1075/311/757 1076/312/760 1105/313/795 910/314/761
f 1079/311/753 1080/312/948 1078/313/947 1077/314/757
f 1070/311/622 1079/312/753 1077/313/757 1072/314/752
f 1081/311/949 1082/312/793 1080/313/948 1079/314/753
f 1068/311/746 1081/312/949 1079/313/753 1070/314/622
f 1083/311/757 1085/312/758 1082/313/793 1081/314/949
f 1064/311/942 1083/312/757 1081/313/949 1068/314/746
f 1084/311/950 1086/312/951 1085/313/758 1083/314/757
f 1062/311/941 1084/312/950 1083/313/757 1064/314/942
f 1086/311/951 1088/312/952 1087/313/953 1085/314/758
f 1085/311/758 1087/312/953 1089/313/954 1082/314/793
f 1088/311/952 1092/312/955 1090/313/956 1087/314/953
f 1087/311/953 1090/312/956 1093/313/957 1089/314/954
f 1090/311/956 1091/312/958 1094/313/959 1093/314/957
f 1092/311/955 1302/312/960 1091/313/958 1090/314/956
f 1093/311/957 1094/312/959 1096/313/961 1095/314/962
f 1089/311/954 1093/312/957 1095/313/962 1098/314/963
f 1095/311/962 1096/312/961 1127/313/964 1097/314/965
f 1098/311/963 1095/312/962 1097/313/965 1099/314/966
f 1080/311/948 1098/312/963 1099/313/966 1078/314/947
f 1082/311/793 1089/312/954 1098/313/963 1080/314/948
f 1099/311/966 1097/312/965 1101/313/967 1100/314/953
f 1078/311/947 1099/312/966 1100/313/953 1076/314/760
f 1100/311/953 1101/312/967 1103/313/968 1102/314/954
f 1076/311/760 1100/312/953 1102/313/954 1105/314/795
f 1102/311/954 1103/312/968 1106/313/967 1104/314/953
f 1105/311/795 1102/312/954 1104/313/953 909/314/794
f 1104/311/953 1106/312/967 1108/313/969 1107/314/970
f 909/311/794 1104/312/953 1107/313/970 906/314/755
f 1109/311/971 1107/312/970 1108/313/969 1110/314/972
f 904/311/793 906/312/755 1107/313/970 1109/314/971
f 1111/311/792 1109/312/971 1110/313/972 1112/314/973
f 900/311/755 904/312/793 1109/313/971 1111/314/792
f 897/311/790 1111/312/792 1112/313/973 1113/314/791
f 1112/311/973 1110/312/972 1117/313/974 1114/314/975
f 1113/311/791 1112/312/973 1114/313/975 1115/314/976
f 1115/311/976 1114/312/975 1116/313/977 2133/314/978
f 1114/311/975 1117/312/974 1118/313/979 1116/314/977
f 1117/311/974 1119/312/961 1120/313/980 1118/314/979
f 1110/311/972 1108/312/969 1119/313/961 1117/314/974
f 1121/311/964 1122/312/981 1120/313/980 1119/314/961
f 1106/311/967 1121/312/964 1119/313/961 1108/314/969
f 1123/311/959 1124/312/981 1122/313/981 1121/314/964
f 1103/311/968 1123/312/959 1121/313/964 1106/314/967
f 1125/311/961 1126/312/982 1124/313/981 1123/314/959
f 1101/311/967 1125/312/961 1123/313/959 1103/314/968
f 1127/311/964 1128/312/981 1126/313/982 1125/314/961
f 1097/311/965 1127/312/964 1125/313/961 1101/314/967
f 1096/311/961 1130/312/983 1128/313/981 1127/314/964
f 1128/311/981 1129/312/984 1711/313/985 1126/314/982
f 1130/311/983 1131/312/986 1129/313/984 1128/314/981
f 1132/311/982 1134/312/987 1131/313/986 1130/314/983
f 1094/311/959 1132/312/982 1130/313/983 1096/314/961
f 1133/311/981 1135/312/988 1134/313/987 1132/314/982
f 1091/311/958 1133/312/981 1132/313/982 1094/314/959
f 1135/311/988 1138/312/989 1136/313/990 1134/314/987
f 1134/311/987 1136/312/990 1137/313/989 1131/314/986
f 1136/311/990 1139/312/991 1141/313/992 1137/314/989
f 1138/311/989 1140/312/993 1139/313/991 1136/314/990
f 1140/311/993 1143/312/994 1142/313/995 1139/314/991
f 1139/311/991 1142/312/995 1144/313/996 1141/314/992
f 1143/311/994 1148/312/997 1145/313/998 1142/314/995
f 1142/311/995 1145/312/998 1147/313/999 1144/314/996
f 1148/311/997 1149/312/1000 1146/313/1001 1145/314/998
f 1145/311/998 1146/312/1001 1683/313/1002 1147/314/999
f 1150/311/1003 1153/312/1004 1149/313/1000 1148/314/997
f 1151/311/1005 1150/312/1003 1148/313/997 1143/314/994
f 1151/311/1005 1186/312/1006 1152/313/1007 1150/314/1003
f 1150/311/1003 1152/312/1007 1154/313/1008 1153/314/1004
f 1153/311/1004 1154/312/1008 1158/313/1009 1155/314/1010
f 1153/311/1004 1155/312/1010 1157/313/1011 1149/314/1000
f 1155/311/1010 1158/312/1009 1160/313/1012 1156/314/1013
f 1155/311/1010 1156/312/1013 1680/313/1014 1157/314/1011
f 1154/311/1008 1181/312/1015 1159/313/1016 1158/314/1009
f 1158/311/1009 1159/312/1016 1162/313/1017 1160/314/1012
f 1156/311/1013 1160/312/1012 1161/313/1018 1677/314/1019
f 1160/311/1012 1162/312/1017 1163/313/1020 1161/314/1018
f 1162/311/1017 1164/312/1021 1167/313/1022 1163/314/1020
f 1159/311/1016 1166/312/1023 1164/313/1021 1162/314/1017
f 1164/311/1021 1165/312/1024 1169/313/1025 1167/314/1022
f 1166/311/1023 1177/312/1026 1165/313/1024 1164/314/1021
f 1163/311/1020 1167/312/1022 1168/313/1027 1679/314/1028
f 1167/311/1022 1169/312/1025 1170/313/1029 1168/314/1027
f 1165/311/1024 1172/312/1030 1170/313/1029 1169/314/1025
f 1168/311/1027 1170/312/1029 1171/313/1031 2139/314/1032
f 1172/311/1030 1173/312/1033 1171/313/1031 1170/314/1029
f 1174/311/1034 1175/312/1035 1173/313/1033 1172/314/1030
f 1177/311/1026 1174/312/1034 1172/313/1030 1165/314/1024
f 1176/311/1036 1195/312/1037 1175/313/1035 1174/314/1034
f 1178/311/1038 1176/312/1036 1174/313/1034 1177/314/1026
f 1180/311/1039 1178/312/1038 1177/313/1026 1166/314/1023
f 1179/311/1040 1194/312/1041 1176/313/1036 1178/314/1038
f 1182/311/1042 1179/312/1040 1178/313/1038 1180/314/1039
f 1181/311/1015 1180/312/1039 1166/313/1023 1159/314/1016
f 1184/311/1043 1182/312/1042 1180/313/1039 1181/314/1015
f 1183/311/1044 1194/312/1041 1179/313/1040 1182/314/1042
f 1185/311/1045 1183/312/1044 1182/313/1042 1184/314/1043
f 1186/311/1006 1185/312/1045 1184/313/1043 1152/314/1007
f 1152/311/1007 1184/312/1043 1181/313/1015 1154/314/1008
f 1188/311/1046 1187/312/1047 1185/313/1045 1186/314/1006
f 1187/311/1047 1190/312/1048 1183/313/1044 1185/314/1045
f 1307/311/1049 1189/312/1050 1187/313/1047 1188/314/1046
f 1189/311/1050 1191/312/1051 1190/313/1048 1187/314/1047
f 1191/311/1051 1193/312/1052 1192/313/1053 1190/314/1048
f 1190/311/1048 1192/312/1053 1194/313/1041 1183/314/1044
f 1192/311/1053 1193/312/1052 1196/313/1054 1195/314/1037
f 1194/311/1041 1192/312/1053 1195/313/1037 1176/314/1036
f 1195/311/1037 1196/312/1054 1198/313/1055 1175/314/1035
f 1193/311/1052 1312/312/1056 1197/313/1057 1196/314/1054
f 1196/311/1054 1197/312/1057 1200/313/1058 1198/314/1055
f 1175/311/1035 1198/312/1055 1199/313/1059 1173/314/1033
f 1198/311/1055 1200/312/1058 1201/313/1060 1199/314/1059
f 1200/311/1058 1202/312/1061 1203/313/1062 1201/314/1060
f 1197/311/1057 1204/312/1063 1202/313/1061 1200/314/1058
f 1202/311/1061 1205/312/1064 1207/313/1065 1203/314/1062
f 1204/311/1063 1208/312/1066 1205/313/1064 1202/314/1061
f 1208/311/1066 1209/312/1067 1206/313/1068 1205/314/1064
f 1205/311/1064 1206/312/1068 1444/313/1069 1207/314/1065
f 1210/311/1070 1211/312/1071 1209/313/1067 1208/314/1066
f 1212/311/1072 1210/312/1070 1208/313/1066 1204/314/1063
f 1216/311/1073 1211/312/1071 1210/313/1070 1213/314/1074
f 1213/311/1074 1210/312/1070 1212/313/1072 1215/314/1075
f 1217/311/1076 1216/312/1073 1213/313/1074 1214/314/1077
f 1214/311/1077 1213/312/1074 1215/313/1075 1311/314/1078
f 1218/311/1079 1219/312/1080 1211/313/1071 1216/314/1073
f 1220/311/1081 1218/312/1079 1216/313/1073 1217/314/1076
f 1221/311/1082 1224/312/1083 1219/313/1080 1218/314/1079
f 1222/311/1084 1221/312/1082 1218/313/1079 1220/314/1081
f 1295/311/1085 1223/312/1086 1221/313/1082 1222/314/1084
f 1223/311/1086 1225/312/1087 1224/313/1083 1221/314/1082
f 1224/311/1083 1225/312/1087 1227/313/1088 1226/314/1089
f 1219/311/1080 1224/312/1083 1226/313/1089 1228/314/1090
f 1226/311/1089 1227/312/1088 1232/313/1091 1229/314/1092
f 1228/311/1090 1226/312/1089 1229/313/1092 1230/314/1093
f 1230/311/1093 1229/312/1092 1231/313/1094 2149/314/1095
f 1229/311/1092 1232/312/1091 1234/313/1096 1231/314/1094
f 1232/311/1091 1233/312/1097 1235/313/1098 1234/314/1096
f 1227/311/1088 1293/312/1099 1233/313/1097 1232/314/1091
f 1234/311/1096 1235/312/1098 1237/313/1100 1236/314/1101
f 1231/311/1094 1234/312/1096 1236/313/1101 1239/314/1102
f 1238/311/1103 1236/312/1101 1237/313/1100 1263/314/1104
f 1241/311/1105 1239/312/1102 1236/313/1101 1238/314/1103
f 2149/311/1095 1231/312/1094 1239/313/1102 1240/314/1106
f 1242/311/1107 1240/312/1106 1239/313/1102 1241/314/1105
f 1244/311/1108 1242/312/1107 1241/313/1105 1243/314/1109
f 1243/311/1109 1241/312/1105 1238/313/1103 1246/314/1110
f 1313/311/1111 1244/312/1108 1243/313/1109 1245/314/1112
f 1245/311/1112 1243/312/1109 1246/313/1110 1248/314/1113
f 1246/311/1110 1238/312/1103 1263/313/1104 1247/314/1114
f 1248/311/1113 1246/312/1110 1247/313/1114 1249/314/1115
f 1314/311/340 1245/312/1112 1248/313/1113 388/314/338
f 388/311/338 1248/312/1113 1249/313/1115 390/314/339
f 1249/311/1115 1247/312/1114 1251/313/1116 1250/314/1117
f 390/311/339 1249/312/1115 1250/313/1117 392/314/341
f 1250/311/1117 1251/312/1116 1253/313/1118 1252/314/1119
f 392/311/341 1250/312/1117 1252/313/1119 395/314/342
f 1252/311/1119 1253/312/1118 1255/313/1120 1254/314/1121
f 395/311/342 1252/312/1119 1254/313/1121 399/314/345
f 1254/311/1121 1255/312/1120 975/313/852 1256/314/854
f 399/311/345 1254/312/1121 1256/313/854 401/314/350
f 401/311/350 1256/312/854 971/313/847 2153/314/351
f 1255/311/1120 1257/312/1122 977/313/853 975/314/852
f 1253/311/1118 1259/312/1123 1257/313/1122 1255/314/1120
f 1257/311/1122 1258/312/1124 979/313/855 977/314/853
f 1259/311/1123 1260/312/1125 1258/313/1124 1257/314/1122
f 1261/311/1126 1262/312/1127 1260/313/1125 1259/314/1123
f 1251/311/1116 1261/312/1126 1259/313/1123 1253/314/1118
f 1263/311/1104 1237/312/1100 1262/313/1127 1261/314/1126
f 1247/311/1114 1263/312/1104 1261/313/1126 1251/314/1116
f 1266/311/1128 1260/312/1125 1262/313/1127 1264/314/1129
f 1235/311/1098 1264/312/1129 1262/313/1127 1237/314/1100
f 1268/311/1130 1266/312/1128 1264/313/1129 1265/314/1131
f 1233/311/1097 1265/312/1131 1264/313/1129 1235/314/1098
f 1267/311/1132 1258/312/1124 1260/313/1125 1266/314/1128
f 1269/311/1133 1267/312/1132 1266/313/1128 1268/314/1130
f 1271/311/1134 1269/312/1133 1268/313/1130 1270/314/1135
f 1270/311/1135 1268/312/1130 1265/313/1131 1272/314/1136
f 1000/311/876 1271/312/1134 1270/313/1135 1273/314/879
f 1273/311/879 1270/312/1135 1272/313/1136 1274/314/1137
f 1274/311/1137 1277/312/1138 999/313/877 1273/314/879
f 1279/311/1139 1277/312/1138 1274/313/1137 1275/314/1140
f 1275/311/1140 1274/312/1137 1276/313/1141 1292/314/1142
f 1276/311/1141 1274/312/1137 1272/313/1136 1293/314/1099
f 1277/311/1138 1278/312/1143 1002/313/878 999/314/877
f 1280/311/1144 1278/312/1143 1277/313/1138 1279/314/1139
f 1055/311/933 1280/312/1144 1279/313/1139 1057/314/934
f 1057/311/934 1279/312/1139 1275/313/1140 1059/314/936
f 1281/311/1145 1284/312/1146 1278/313/1143 1280/314/1144
f 1283/311/935 1281/312/1145 1280/313/1144 1055/314/933
f 1282/311/1147 1285/312/1148 1284/313/1146 1281/314/1145
f 1290/311/1149 1282/312/1147 1281/313/1145 1283/314/935
f 1278/311/1143 1284/312/1146 1004/313/880 1002/314/878
f 1284/311/1146 1285/312/1148 1286/313/883 1004/314/880
f 1287/311/1150 1286/312/883 1285/313/1148 1282/314/1147
f 1288/311/897 1005/312/884 1286/313/883 1287/314/1150
f 1020/311/898 1288/312/897 1287/313/1150 1289/314/900
f 1289/311/900 1287/312/1150 1282/313/1147 1290/314/1149
f 1023/311/901 1289/312/900 1290/313/1149 1291/314/903
f 1291/311/903 1290/312/1149 1283/313/935 1051/314/928
f 1012/311/890 1007/312/885 1005/313/884 1288/314/897
f 1292/311/1142 1276/312/1141 1225/313/1087 1223/314/1086
f 1225/311/1087 1276/312/1141 1293/313/1099 1227/314/1088
f 1293/311/1099 1272/312/1136 1265/313/1131 1233/314/1097
f 1059/311/936 1275/312/1140 1292/313/1142 1294/314/939
f 1294/311/939 1292/312/1142 1223/313/1086 1295/314/1085
f 1060/311/940 1294/312/939 1295/313/1085 1296/314/1151
f 1296/311/1151 1295/312/1085 1222/313/1084 1297/314/1152
f 1084/311/950 1296/312/1151 1297/313/1152 1086/314/951
f 1062/311/941 1060/312/940 1296/313/1151 1084/314/950
f 1297/311/1152 1222/312/1084 1220/313/1081 1298/314/1153
f 1086/311/951 1297/312/1152 1298/313/1153 1088/314/952
f 1298/311/1153 1220/312/1081 1217/313/1076 1299/314/1154
f 1088/311/952 1298/312/1153 1299/313/1154 1092/314/955
f 1092/311/955 1299/312/1154 1300/313/1155 1302/314/960
f 1299/311/1154 1217/312/1076 1214/313/1077 1300/314/1155
f 1300/311/1155 1214/312/1077 1311/313/1078 1301/314/1156
f 1302/311/960 1300/312/1155 1301/313/1156 1303/314/1157
f 1302/311/960 1303/312/1157 1133/313/981 1091/314/958
f 1303/311/1157 1301/312/1156 1305/313/1158 1304/314/1159
f 1303/311/1157 1304/312/1159 1135/313/988 1133/314/981
f 1304/311/1159 1305/312/1158 1307/313/1049 1306/314/1160
f 1304/311/1159 1306/312/1160 1138/313/989 1135/314/988
f 1306/311/1160 1307/312/1049 1188/313/1046 1308/314/1161
f 1306/311/1160 1308/312/1161 1140/313/993 1138/314/989
f 1308/311/1161 1188/312/1046 1186/313/1006 1151/314/1005
f 1308/311/1161 1151/312/1005 1143/313/994 1140/314/993
f 1305/311/1158 1309/312/1162 1189/313/1050 1307/314/1049
f 1301/311/1156 1311/312/1078 1309/313/1162 1305/314/1158
f 1311/311/1078 1215/312/1075 1310/313/1163 1309/314/1162
f 1309/311/1162 1310/312/1163 1191/313/1051 1189/314/1050
f 1310/311/1163 1312/312/1056 1193/313/1052 1191/314/1051
f 1215/311/1075 1212/312/1072 1312/313/1056 1310/314/1163
f 1312/311/1056 1212/312/1072 1204/313/1063 1197/314/1057
f 987/311/863 984/312/860 1269/313/1133 1271/314/1134
f 997/311/866 987/312/863 1271/313/1134 1000/314/876
f 984/311/860 981/312/858 1267/313/1132 1269/314/1133
f 981/311/858 979/312/855 1258/313/1124 1267/314/1132
f 1315/311/1164 1313/312/1111 1245/313/1112 1314/314/340
f 1315/311/1164 1314/312/340 384/313/287 1316/314/337
f 1317/311/1165 1315/312/1164 1316/313/337 1318/314/1166
f 1317/311/1165 1319/312/1167 1313/313/1111 1315/314/1164
f 1320/311/1168 1317/312/1165 1318/313/1166 1323/314/1169
f 1320/311/1168 1321/312/1170 1319/313/1167 1317/314/1165
f 1322/311/1171 1430/312/1172 1321/313/1170 1320/314/1168
f 1322/311/1171 1320/312/1168 1323/313/1169 1325/314/1173
f 1323/311/1169 1318/312/1166 1341/313/1174 1324/314/1175
f 1325/311/1173 1323/312/1169 1324/313/1175 1326/314/1176
f 1328/311/1177 1322/312/1171 1325/313/1173 1327/314/1178
f 1327/311/1178 1325/312/1173 1326/313/1176 1330/314/1179
f 1328/311/1177 1327/312/1178 1329/313/1180 1423/314/1181
f 1327/311/1178 1330/312/1179 1331/313/1182 1329/314/1180
f 1330/311/1179 1332/312/1183 1333/313/1184 1331/314/1182
f 1330/311/1179 1326/312/1176 1335/313/1185 1332/314/1183
f 1332/311/1183 1334/312/1186 1385/313/1187 1333/314/1184
f 1332/311/1183 1335/312/1185 1336/313/1188 1334/314/1186
f 1335/311/1185 1337/312/1189 1338/313/1190 1336/314/1188
f 1326/311/1176 1324/312/1175 1337/313/1189 1335/314/1185
f 1324/311/1175 1341/312/1174 1339/313/1191 1337/314/1189
f 1337/311/1189 1339/312/1191 1340/313/1192 1338/314/1190
f 1341/311/1174 383/312/335 381/313/333 1339/314/1191
f 1339/311/1191 381/312/333 379/313/334 1340/314/1192
f 1318/311/1166 1316/312/337 383/313/335 1341/314/1174
f 1340/311/1192 379/312/334 1345/313/314 1342/314/318
f 1338/311/1190 1340/312/1192 1342/313/318 1343/314/317
f 1343/311/317 1342/312/318 1344/313/1193 1346/314/1194
f 1342/311/318 1345/312/314 369/313/331 1344/314/1193
f 1346/311/1194 1344/312/1193 1347/313/318 1348/314/320
f 1344/311/1193 369/312/331 367/313/315 1347/314/318
f 1347/311/318 367/312/315 360/313/314 358/314/330
f 1348/311/320 1347/312/318 358/313/330 356/314/317
f 1349/311/322 1348/312/320 356/313/317 1352/314/323
f 1350/311/324 1346/312/1194 1348/313/320 1349/314/322
f 1382/311/327 1350/312/324 1349/313/322 1351/314/1195
f 1351/311/1195 1349/312/322 1352/313/323 1353/314/327
f 351/311/327 1353/312/327 1352/313/323 353/314/323
f 1351/311/1195 1353/312/327 1354/313/329 1355/314/329
f 1353/311/327 351/312/327 1357/313/329 1354/314/329
f 1355/311/329 1354/312/329 1356/313/329 1378/314/329
f 1354/311/329 1357/312/329 1358/313/329 1356/314/329
f 1357/311/329 350/312/329 1359/313/1196 1358/314/329
f 1356/311/329 1358/312/329 1360/313/329 1362/314/1197
f 1358/311/329 1359/312/1196 1361/313/329 1360/314/329
f 1360/311/329 1361/312/329 1365/313/1198 1363/314/1199
f 1362/311/1197 1360/312/329 1363/313/1199 1364/314/1198
f 1366/311/1200 1369/312/1200 1364/313/1198 1363/314/1199
f 1368/311/1201 1366/312/1200 1363/313/1199 1365/314/1198
f 1367/311/1202 1370/312/1203 1369/313/1200 1366/314/1200
f 1547/311/1203 1367/312/1202 1366/313/1200 1368/314/1201
f 1372/311/1201 1371/312/1201 1369/313/1200 1370/314/1203
f 1371/311/1201 1374/312/1198 1364/313/1198 1369/314/1200
f 1540/311/1204 1373/312/1202 1371/313/1201 1372/314/1201
f 1373/311/1202 1375/312/1205 1374/313/1198 1371/314/1201
f 1377/311/1197 1376/312/1197 1374/313/1198 1375/314/1205
f 1376/311/1197 1362/312/1197 1364/313/1198 1374/314/1198
f 1378/311/329 1356/312/329 1362/313/1197 1376/314/1197
f 1379/311/329 1378/312/329 1376/313/1197 1377/314/1197
f 1381/311/329 1355/312/329 1378/313/329 1379/314/329
f 1380/311/329 1379/312/329 1377/313/1197 1539/314/1197
f 1383/311/329 1381/312/329 1379/313/329 1380/314/329
f 1382/311/327 1351/312/1195 1355/313/329 1381/314/329
f 1384/311/1206 1382/312/327 1381/313/329 1383/314/329
f 1334/311/1186 1384/312/1206 1383/313/329 1385/314/1187
f 1385/311/1187 1383/312/329 1380/313/329 1386/314/1207
f 1333/311/1184 1385/312/1187 1386/313/1207 1388/314/1208
f 1386/311/1207 1380/312/329 1539/313/1197 1387/314/1209
f 1388/311/1208 1386/312/1207 1387/313/1209 1389/314/1210
f 1390/311/1211 1388/312/1208 1389/313/1210 1391/314/1212
f 1331/311/1182 1333/312/1184 1388/313/1208 1390/314/1211
f 1392/311/1213 1390/312/1211 1391/313/1212 1394/314/1214
f 1329/311/1180 1331/312/1182 1390/313/1211 1392/314/1213
f 1423/311/1181 1329/312/1180 1392/313/1213 1393/314/1215
f 1393/311/1215 1392/312/1213 1394/313/1214 1395/314/1216
f 1395/311/1216 1394/312/1214 1396/313/1217 1397/314/1218
f 1394/311/1214 1391/312/1212 1398/313/1219 1396/314/1217
f 1400/311/1220 1397/312/1218 1396/313/1217 1399/314/1203
f 1399/311/1203 1396/312/1217 1398/313/1219 1401/314/1221
f 1403/311/1222 1400/312/1220 1399/313/1203 1402/314/1223
f 1402/311/1223 1399/312/1203 1401/313/1221 1404/314/1223
f 1406/311/1224 1403/312/1222 1402/313/1223 1405/314/1203
f 1405/311/1203 1402/312/1223 1404/313/1223 1407/314/1221
f 1411/311/1225 1406/312/1224 1405/313/1203 1408/314/1226
f 1408/311/1226 1405/312/1203 1407/313/1221 1410/314/1227
f 1409/311/1228 1412/312/1229 1411/313/1225 1408/314/1226
f 1474/311/1230 1409/312/1228 1408/313/1226 1410/314/1227
f 1412/311/1229 1414/312/1231 1406/313/1224 1411/314/1225
f 1413/311/1232 1415/312/1233 1414/313/1231 1412/314/1229
f 1471/311/1234 1413/312/1232 1412/313/1229 1409/314/1228
f 1415/311/1233 1417/312/1235 1416/313/1236 1414/314/1231
f 1414/311/1231 1416/312/1236 1403/313/1222 1406/314/1224
f 1416/311/1236 1418/312/1237 1400/313/1220 1403/314/1222
f 1417/311/1235 1419/312/1238 1418/313/1237 1416/314/1236
f 1418/311/1237 1395/312/1216 1397/313/1218 1400/314/1220
f 1419/311/1238 1393/312/1215 1395/313/1216 1418/314/1237
f 1420/311/1239 1423/312/1181 1393/313/1215 1419/314/1238
f 1421/311/1240 1420/312/1239 1419/313/1238 1417/314/1235
f 1424/311/1241 1422/312/1242 1420/313/1239 1421/314/1240
f 1422/311/1242 1328/312/1177 1423/313/1181 1420/314/1239
f 1424/311/1241 1426/312/1243 1425/313/1244 1422/314/1242
f 1422/311/1242 1425/312/1244 1428/313/1245 1328/314/1177
f 1426/311/1243 1450/312/1246 1427/313/1247 1425/314/1244
f 1425/311/1244 1427/312/1247 1429/313/1248 1428/314/1245
f 1428/311/1245 1429/312/1248 1431/313/1249 1430/314/1172
f 1328/311/1177 1428/312/1245 1430/313/1172 1322/314/1171
f 1430/311/1172 1431/312/1249 1432/313/1250 1321/314/1170
f 1429/311/1248 1435/312/1251 1433/313/1252 1431/314/1249
f 1431/311/1249 1433/312/1252 1434/313/1253 1432/314/1250
f 1433/311/1252 1436/312/1254 1437/313/1255 1434/314/1253
f 1435/311/1251 1438/312/1256 1436/313/1254 1433/314/1252
f 1436/311/1254 1439/312/1257 1440/313/1258 1437/314/1255
f 1438/311/1256 1442/312/1259 1439/313/1257 1436/314/1254
f 1439/311/1257 1441/312/1260 2146/313/1261 1440/314/1258
f 1442/311/1259 1443/312/1262 1441/313/1260 1439/314/1257
f 1206/311/1068 1443/312/1262 1442/313/1259 1444/314/1069
f 1444/311/1069 1442/312/1259 1438/313/1256 1445/314/1263
f 1207/311/1065 1444/312/1069 1445/313/1263 1446/314/1264
f 1447/311/1265 1445/312/1263 1438/313/1256 1435/314/1251
f 1448/311/1266 1446/312/1264 1445/313/1263 1447/314/1265
f 1450/311/1246 1448/312/1266 1447/313/1265 1427/314/1247
f 1427/311/1247 1447/312/1265 1435/313/1251 1429/314/1248
f 1449/311/1267 2142/312/1268 1446/313/1264 1448/314/1266
f 1451/311/1269 1449/312/1267 1448/313/1266 1450/314/1246
f 1452/311/1270 1451/312/1269 1450/313/1246 1426/314/1243
f 1455/311/1271 1453/312/1272 1451/313/1269 1452/314/1270
f 1453/311/1272 1454/312/1273 1449/313/1267 1451/314/1269
f 1456/311/1274 1457/312/1275 1454/313/1273 1453/314/1272
f 1459/311/1276 1456/312/1274 1453/313/1272 1455/314/1271
f 1458/311/1277 2139/312/1032 1457/313/1275 1456/314/1274
f 1460/311/1278 1458/312/1277 1456/313/1274 1459/314/1276
f 1462/311/1279 1460/312/1278 1459/313/1276 1461/314/1280
f 1461/311/1280 1459/312/1276 1455/313/1271 1464/314/1281
f 1462/311/1279 1461/312/1280 1463/313/1282 1670/314/1283
f 1461/311/1280 1464/312/1281 1465/313/1284 1463/314/1282
f 1465/311/1284 1464/312/1281 1466/313/1285 1469/314/1286
f 1464/311/1281 1455/312/1271 1452/313/1270 1467/314/1287
f 1464/311/1281 1467/312/1287 1468/313/1288 1466/314/1285
f 1467/311/1287 1424/312/1241 1421/313/1240 1468/314/1288
f 1467/311/1287 1452/312/1270 1426/313/1243 1424/314/1241
f 1466/311/1285 1468/312/1288 1415/313/1233 1413/314/1232
f 1468/311/1288 1421/312/1240 1417/313/1235 1415/314/1233
f 1469/311/1286 1466/312/1285 1413/313/1232 1471/314/1234
f 1671/311/1289 1465/312/1284 1469/313/1286 1470/314/1290
f 1470/311/1290 1469/312/1286 1471/313/1234 1472/314/1291
f 1472/311/1291 1471/312/1234 1409/313/1228 1474/314/1230
f 1674/311/1292 1470/312/1290 1472/313/1291 1473/314/1293
f 1473/311/1293 1472/312/1291 1474/313/1230 1475/314/1294
f 1475/311/1294 1474/312/1230 1410/313/1227 1476/314/1295
f 1477/311/1296 1475/312/1294 1476/313/1295 1478/314/1297
f 1480/311/1298 1473/312/1293 1475/313/1294 1477/314/1296
f 1479/311/1299 1477/312/1296 1478/313/1297 1526/314/1300
f 1482/311/1299 1480/312/1298 1477/313/1296 1479/314/1299
f 1481/311/1301 1674/312/1292 1473/313/1293 1480/314/1298
f 1484/311/1302 1481/312/1301 1480/313/1298 1482/314/1299
f 1485/311/1299 1484/312/1302 1482/313/1299 1483/314/1303
f 1483/311/1303 1482/312/1299 1479/313/1299 1523/314/1303
f 1487/311/1304 1486/312/1305 1484/313/1302 1485/314/1299
f 1486/311/1305 1488/312/1306 1481/313/1301 1484/314/1302
f 1489/311/1282 1486/312/1305 1487/313/1304 1492/314/1282
f 1490/311/1282 1488/312/1306 1486/313/1305 1489/314/1282
f 1681/311/1283 1490/312/1282 1489/313/1282 1491/314/1283
f 1491/311/1283 1489/312/1282 1492/313/1282 1493/314/1283
f 1492/311/1282 1487/312/1304 1495/313/1307 1494/314/1282
f 1493/311/1283 1492/312/1282 1494/313/1282 1496/314/1283
f 1494/311/1282 1495/312/1307 1499/313/1308 1497/314/1282
f 1496/311/1283 1494/312/1282 1497/313/1282 1498/314/1283
f 1502/311/1283 1498/312/1283 1497/313/1282 1500/314/1282
f 1500/311/1282 1497/312/1282 1499/313/1308 1501/314/1309
f 1503/311/1282 1500/312/1282 1501/313/1309 1506/314/1308
f 1504/311/1283 1502/312/1283 1500/313/1282 1503/314/1282
f 1623/311/1283 1504/312/1283 1503/313/1282 1505/314/1282
f 1505/311/1282 1503/312/1282 1506/313/1308 1507/314/1309
f 1507/311/1309 1506/312/1308 1508/313/1299 1509/314/1299
f 1506/311/1308 1501/312/1309 1511/313/1299 1508/314/1299
f 1509/311/1299 1508/312/1299 1510/313/1299 1616/314/1299
f 1508/311/1299 1511/312/1299 1513/313/1299 1510/314/1299
f 1511/311/1299 1512/312/1299 1514/313/1299 1513/314/1299
f 1501/311/1309 1499/312/1308 1512/313/1299 1511/314/1299
f 1513/311/1299 1514/312/1299 1518/313/1299 1515/314/1299
f 1510/311/1299 1513/312/1299 1515/313/1299 1516/314/1299
f 1516/311/1299 1515/312/1299 1517/313/1310 1545/314/1310
f 1515/311/1299 1518/312/1299 1519/313/1310 1517/314/1310
f 1518/311/1299 1520/312/1299 1521/313/1310 1519/314/1310
f 1514/311/1299 1522/312/1311 1520/313/1299 1518/314/1299
f 1520/311/1299 1523/312/1303 1524/313/1312 1521/314/1310
f 1522/311/1311 1483/312/1303 1523/313/1303 1520/314/1299
f 1523/311/1303 1479/312/1299 1526/313/1300 1524/314/1312
f 1524/311/1312 1525/312/1204 1541/313/1313 1521/314/1310
f 1526/311/1300 1527/312/1202 1525/313/1204 1524/314/1312
f 1478/311/1297 1529/312/1223 1527/313/1202 1526/314/1300
f 1527/311/1202 1528/312/1202 1540/313/1204 1525/314/1204
f 1529/311/1223 1530/312/1204 1528/313/1202 1527/314/1202
f 1531/311/1314 1532/312/1315 1530/313/1204 1529/314/1223
f 1476/311/1295 1531/312/1314 1529/313/1223 1478/314/1297
f 1407/311/1221 1404/312/1223 1532/313/1315 1531/314/1314
f 1410/311/1227 1407/312/1221 1531/313/1314 1476/314/1295
f 1404/311/1223 1401/312/1221 1533/313/1316 1532/314/1315
f 1532/311/1315 1533/312/1316 1535/313/1317 1530/314/1204
f 1401/311/1221 1398/312/1219 1534/313/1318 1533/314/1316
f 1533/311/1316 1534/312/1318 1536/313/1319 1535/314/1317
f 1535/311/1317 1536/312/1319 1538/313/1205 1537/314/1202
f 1530/311/1204 1535/312/1317 1537/313/1202 1528/314/1202
f 1528/311/1202 1537/312/1202 1373/313/1202 1540/314/1204
f 1537/311/1202 1538/312/1205 1375/313/1205 1373/314/1202
f 1539/311/1197 1377/312/1197 1375/313/1205 1538/314/1205
f 1387/311/1209 1539/312/1197 1538/313/1205 1536/314/1319
f 1389/311/1210 1387/312/1209 1536/313/1319 1534/314/1318
f 1391/311/1212 1389/312/1210 1534/313/1318 1398/314/1219
f 1525/311/1204 1540/312/1204 1372/313/1201 1541/314/1313
f 1541/311/1313 1372/312/1201 1370/313/1203 1542/314/1313
f 1521/311/1310 1541/312/1313 1542/313/1313 1519/314/1310
f 1517/311/1310 1519/312/1310 1542/313/1313 1543/314/1320
f 1543/311/1320 1542/312/1313 1370/313/1203 1367/314/1202
f 1545/311/1310 1517/312/1310 1543/313/1320 1544/314/1313
f 1544/311/1313 1543/312/1320 1367/313/1202 1547/314/1203
f 1620/311/1300 1545/312/1310 1544/313/1313 1546/314/1203
f 1546/311/1203 1544/312/1313 1547/313/1203 1548/314/1203
f 1548/311/1203 1547/312/1203 1368/313/1201 1550/314/1201
f 1621/311/1202 1546/312/1203 1548/313/1203 1549/314/1203
f 1549/311/1203 1548/312/1203 1550/313/1201 1551/314/1201
f 1551/311/1201 1550/312/1201 1552/313/1198 1554/314/1198
f 1550/311/1201 1368/312/1201 1365/313/1198 1552/314/1198
f 1553/311/329 1555/312/329 1554/313/1198 1552/314/1198
f 1361/311/329 1553/312/329 1552/313/1198 1365/314/1198
f 1555/311/329 1558/312/329 1556/313/1199 1554/314/1198
f 1556/311/1199 1559/312/1202 1551/313/1201 1554/314/1198
f 1557/311/1321 1561/312/1204 1559/313/1202 1556/314/1199
f 1558/311/329 2079/312/1322 1557/313/1321 1556/314/1199
f 1559/311/1202 1560/312/1201 1549/313/1203 1551/314/1201
f 1561/311/1204 1562/312/1202 1560/313/1201 1559/314/1202
f 1566/311/1323 1563/312/1203 1561/313/1204 1557/314/1321
f 1563/311/1203 1564/312/1324 1562/313/1202 1561/314/1204
f 1565/311/1325 1578/312/1326 1564/313/1324 1563/314/1203
f 1568/311/1327 1565/312/1325 1563/313/1203 1566/314/1323
f 1567/311/329 1569/312/1328 1568/313/1327 1566/314/1323
f 2079/311/1322 1567/312/329 1566/313/1323 1557/314/1321
f 1569/311/1328 1571/312/1329 1570/313/1330 1568/314/1327
f 1570/311/1330 1573/312/1331 1565/313/1325 1568/314/1327
f 1571/311/1329 2090/312/1332 1572/313/1333 1570/314/1330
f 1572/311/1333 1574/312/1204 1573/313/1331 1570/314/1330
f 1573/311/1331 1575/312/1315 1578/313/1326 1565/314/1325
f 1574/311/1204 1576/312/1202 1575/313/1315 1573/314/1331
f 1576/311/1202 2043/312/1204 1577/313/1316 1575/314/1315
f 1575/311/1315 1577/312/1316 1579/313/1202 1578/314/1326
f 1578/311/1326 1579/312/1202 1581/313/1326 1564/314/1324
f 1577/311/1316 2044/312/1334 1580/313/1335 1579/314/1202
f 1579/311/1202 1580/312/1335 1582/313/1336 1581/314/1326
f 1581/311/1326 1582/312/1336 1585/313/1310 1583/314/1326
f 1564/311/1324 1581/312/1326 1583/313/1326 1562/314/1202
f 1562/311/1202 1583/312/1326 1584/313/1203 1560/314/1201
f 1583/311/1326 1585/312/1310 1586/313/1337 1584/314/1203
f 1587/311/1302 1589/312/1299 1586/313/1337 1585/314/1310
f 1588/311/1302 1587/312/1302 1585/313/1310 1582/314/1336
f 1591/311/1299 1590/312/1302 1587/313/1302 1588/314/1302
f 1590/311/1302 1592/312/1299 1589/313/1299 1587/314/1302
f 1595/311/1311 1593/312/1302 1590/313/1302 1591/314/1299
f 1593/311/1302 1594/312/1338 1592/313/1299 1590/314/1302
f 1596/311/1304 1598/312/1339 1594/313/1338 1593/314/1302
f 1599/311/1340 1596/312/1304 1593/313/1302 1595/314/1311
f 1599/311/1340 1601/312/1341 1597/313/1341 1596/314/1304
f 1596/311/1304 1597/312/1341 1611/313/1282 1598/314/1339
f 1600/311/1342 1599/312/1340 1595/313/1311 1835/314/1343
f 1600/311/1342 1602/312/1282 1601/313/1341 1599/314/1340
f 1602/311/1282 1605/312/1283 1603/313/1283 1601/314/1341
f 1601/311/1341 1603/312/1283 1606/313/1283 1597/314/1341
f 1603/311/1283 1604/312/1344 1607/313/1345 1606/314/1283
f 1605/311/1283 1810/312/1346 1604/313/1344 1603/314/1283
f 1606/311/1283 1607/312/1345 1609/313/1346 1608/314/1283
f 1597/311/1341 1606/312/1283 1608/313/1283 1611/314/1282
f 1608/311/1283 1609/312/1346 1622/313/1346 1610/314/1283
f 1611/311/1282 1608/312/1283 1610/313/1283 1612/314/1282
f 1598/311/1339 1611/312/1282 1612/313/1282 1613/314/1308
f 1610/311/1283 1623/312/1283 1505/313/1282 1612/314/1282
f 1612/311/1282 1505/312/1282 1507/313/1309 1613/314/1308
f 1598/311/1339 1613/312/1308 1614/313/1299 1594/314/1338
f 1613/311/1308 1507/312/1309 1509/313/1299 1614/314/1299
f 1614/311/1299 1509/312/1299 1616/313/1299 1615/314/1299
f 1594/311/1338 1614/312/1299 1615/313/1299 1592/314/1299
f 1615/311/1299 1616/312/1299 1618/313/1299 1617/314/1299
f 1592/311/1299 1615/312/1299 1617/313/1299 1589/314/1299
f 1589/311/1299 1617/312/1299 1619/313/1310 1586/314/1337
f 1617/311/1299 1618/312/1299 1620/313/1300 1619/314/1310
f 1619/311/1310 1620/312/1300 1546/313/1203 1621/314/1202
f 1584/311/1203 1586/312/1337 1619/313/1310 1621/314/1202
f 1560/311/1201 1584/312/1203 1621/313/1202 1549/314/1203
f 1618/311/1299 1516/312/1299 1545/313/1310 1620/314/1300
f 1616/311/1299 1510/312/1299 1516/313/1299 1618/314/1299
f 1622/311/1346 1624/312/1346 1623/313/1283 1610/314/1283
f 1624/311/1346 1625/312/1346 1504/313/1283 1623/314/1283
f 1626/311/1347 1627/312/1348 1625/313/1346 1624/314/1346
f 1628/311/1349 1626/312/1347 1624/313/1346 1622/314/1346
f 1629/311/1350 1630/312/1351 1627/313/1348 1626/314/1347
f 1631/311/1352 1629/312/1350 1626/313/1347 1628/314/1349
f 1632/311/1353 1635/312/1354 1630/313/1351 1629/314/1350
f 1634/311/1355 1632/312/1353 1629/313/1350 1631/314/1352
f 1633/311/1356 1636/312/1357 1635/313/1354 1632/314/1353
f 1795/311/1358 1633/312/1356 1632/313/1353 1634/314/1355
f 1636/311/1357 1638/312/1359 1637/313/1360 1635/314/1354
f 1635/311/1354 1637/312/1360 1640/313/1361 1630/314/1351
f 1638/311/1359 1696/312/1362 1639/313/1363 1637/314/1360
f 1637/311/1360 1639/312/1363 1642/313/1364 1640/314/1361
f 1630/311/1351 1640/312/1361 1641/313/1365 1627/314/1348
f 1640/311/1361 1642/312/1364 1643/313/1366 1641/314/1365
f 1644/311/1367 1647/312/1368 1643/313/1366 1642/314/1364
f 1646/311/1369 1644/312/1367 1642/313/1364 1639/314/1363
f 1645/311/1367 1649/312/1370 1647/313/1368 1644/314/1367
f 1695/311/1011 1645/312/1367 1644/313/1367 1646/314/1369
f 1647/311/1368 1648/312/1346 2136/313/1346 1643/314/1366
f 1649/311/1370 1650/312/1345 1648/313/1346 1647/314/1368
f 1651/311/1368 1652/312/1346 1650/313/1345 1649/314/1370
f 1654/311/1014 1651/312/1368 1649/313/1370 1645/314/1367
f 1653/311/1366 1665/312/1345 1652/313/1346 1651/314/1368
f 1656/311/1014 1653/312/1366 1651/313/1368 1654/314/1014
f 1657/311/1011 1656/312/1014 1654/313/1014 1655/314/1371
f 1655/311/1371 1654/312/1014 1645/313/1367 1695/314/1011
f 1659/311/1011 1658/312/1367 1656/313/1014 1657/314/1011
f 1658/311/1367 1661/312/1370 1653/313/1366 1656/314/1014
f 1682/311/1371 1660/312/1014 1658/313/1367 1659/314/1011
f 1660/311/1014 1662/312/1368 1661/313/1370 1658/314/1367
f 1662/311/1368 1666/312/1345 1663/313/1345 1661/314/1370
f 1661/311/1370 1663/312/1345 1665/313/1345 1653/314/1366
f 1666/311/1345 1668/312/1283 1664/313/1283 1663/314/1345
f 1663/311/1345 1664/312/1283 1681/313/1283 1665/314/1345
f 1667/311/1346 1670/312/1283 1668/313/1283 1666/314/1345
f 1675/311/1366 1667/312/1346 1666/313/1345 1662/314/1368
f 1668/311/1283 1669/312/1282 1672/313/1282 1664/314/1283
f 1670/311/1283 1463/312/1282 1669/313/1282 1668/314/1283
f 1676/311/1372 1462/312/1279 1670/313/1283 1667/314/1346
f 1669/311/1282 1671/312/1289 1673/313/1373 1672/314/1282
f 1463/311/1282 1465/312/1284 1671/313/1289 1669/314/1282
f 1672/311/1282 1673/312/1373 1488/313/1306 1490/314/1282
f 1664/311/1283 1672/312/1282 1490/313/1282 1681/314/1283
f 1488/311/1306 1673/312/1373 1674/313/1292 1481/314/1301
f 1673/311/1373 1671/312/1289 1470/313/1290 1674/314/1292
f 1677/311/1019 1676/312/1372 1667/313/1346 1675/314/1366
f 1677/311/1019 1161/312/1018 1678/313/1374 1676/314/1372
f 1676/311/1372 1678/312/1374 1460/313/1278 1462/314/1279
f 1161/311/1018 1163/312/1020 1679/313/1028 1678/314/1374
f 1678/311/1374 1679/312/1028 1458/313/1277 1460/314/1278
f 1679/311/1028 1168/312/1027 2139/313/1032 1458/314/1277
f 1156/311/1013 1677/312/1019 1675/313/1366 1680/314/1014
f 1680/311/1014 1675/312/1366 1662/313/1368 1660/314/1014
f 1157/311/1011 1680/312/1014 1660/313/1014 1682/314/1371
f 1665/311/1345 1681/312/1283 1491/313/1283 1652/314/1346
f 1149/311/1000 1157/312/1011 1682/313/1371 1146/314/1001
f 1146/311/1001 1682/312/1371 1659/313/1011 1683/314/1002
f 1683/311/1002 1659/312/1011 1657/313/1011 1684/314/1375
f 1147/311/999 1683/312/1002 1684/313/1375 1686/314/1376
f 1684/311/1375 1657/312/1011 1655/313/1371 1685/314/1001
f 1686/311/1376 1684/312/1375 1685/313/1001 1688/314/1376
f 1144/311/996 1147/312/999 1686/313/1376 1687/314/1377
f 1687/311/1377 1686/312/1376 1688/313/1376 1689/314/995
f 1689/311/995 1688/312/1376 1690/313/999 1691/314/996
f 1688/311/1376 1685/312/1001 1693/313/1002 1690/314/999
f 1691/311/996 1690/312/999 1692/313/1378 1702/314/1377
f 1690/311/999 1693/312/1002 1694/313/1379 1692/314/1378
f 1693/311/1002 1695/312/1011 1646/313/1369 1694/314/1379
f 1685/311/1001 1655/312/1371 1695/313/1011 1693/314/1002
f 1692/311/1378 1694/312/1379 1696/313/1362 1697/314/1380
f 1694/311/1379 1646/312/1369 1639/313/1363 1696/314/1362
f 1698/311/1381 1697/312/1380 1696/313/1362 1638/314/1359
f 1697/311/1380 1698/312/1381 1700/313/1382 1699/314/1383
f 1702/311/1377 1692/312/1378 1697/313/1380 1699/314/1383
f 1699/311/1383 1700/312/1382 1718/313/1384 1701/314/1385
f 1703/311/1386 1702/312/1377 1699/313/1383 1701/314/1385
f 1705/311/1387 1691/312/996 1702/313/1377 1703/314/1386
f 1704/311/990 1703/312/1386 1701/313/1385 1716/314/1388
f 1706/311/989 1705/312/1387 1703/313/1386 1704/314/990
f 1708/311/1389 1707/312/1390 1705/313/1387 1706/314/989
f 1707/311/1390 1689/312/995 1691/313/996 1705/314/1387
f 1710/311/989 1709/312/1387 1707/313/1390 1708/314/1389
f 1709/311/1387 1687/312/1377 1689/313/995 1707/314/1390
f 1141/311/992 1144/312/996 1687/313/1377 1709/314/1387
f 1137/311/989 1141/312/992 1709/313/1387 1710/314/989
f 1131/311/986 1137/312/989 1710/313/989 1129/314/984
f 1129/311/984 1710/312/989 1708/313/1389 1711/314/985
f 1711/311/985 1708/312/1389 1706/313/989 1712/314/986
f 1126/311/982 1711/312/985 1712/313/986 1124/314/981
f 1712/311/986 1706/312/989 1704/313/990 1713/314/984
f 1124/311/981 1712/312/986 1713/313/984 1122/314/981
f 1122/311/981 1713/312/984 1714/313/1391 1120/314/980
f 1713/311/984 1704/312/990 1716/313/1388 1714/314/1391
f 1118/311/979 1120/312/980 1714/313/1391 1715/314/1392
f 1714/311/1391 1716/312/1388 1717/313/1393 1715/314/1392
f 1716/311/1388 1701/312/1385 1718/313/1384 1717/314/1393
f 1717/311/1393 1718/312/1384 1722/313/1394 1719/314/1395
f 1715/311/1392 1717/312/1393 1719/313/1395 1720/314/1396
f 2135/311/1397 1720/312/1396 1719/313/1395 1721/314/1398
f 1721/311/1398 1719/312/1395 1722/313/1394 1726/314/1399
f 1727/311/1400 1726/312/1399 1722/313/1394 1723/314/1401
f 2123/311/1402 1723/312/1401 1722/313/1394 1724/314/1403
f 1796/311/1404 1724/312/1403 1722/313/1394 1725/314/1405
f 1700/311/1382 1725/312/1405 1722/313/1394 1718/314/1384
f 1731/311/1406 1721/312/1398 1726/313/1399 1728/314/1407
f 1729/311/1408 1728/312/1407 1726/313/1399 1727/314/1400
f 1729/311/1408 2126/312/1409 1730/313/1410 1728/314/1407
f 1731/311/1406 1728/312/1407 1730/313/1410 1733/314/1411
f 1732/311/1412 2135/312/1397 1721/313/1398 1731/314/1406
f 1732/311/1412 1731/312/1406 1733/313/1411 1734/314/1413
f 1734/311/1413 1733/312/1411 1735/313/1414 1736/314/1415
f 1733/311/1411 1730/312/1410 1738/313/1416 1735/314/1414
f 2129/311/1417 1736/312/1415 1735/313/1414 1737/314/1418
f 1737/311/1418 1735/312/1414 1738/313/1416 1741/314/1419
f 1743/311/1420 1741/312/1419 1738/313/1416 1739/314/1421
f 1758/311/1422 1739/312/1421 1738/313/1416 1740/314/1423
f 2126/311/1409 1740/312/1423 1738/313/1416 1730/314/1410
f 2127/311/1424 1737/312/1418 1741/313/1419 1742/314/1425
f 1744/311/1426 1742/312/1425 1741/313/1419 1743/314/1420
f 1746/311/1427 1744/312/1426 1743/313/1420 1745/314/1428
f 1745/311/1428 1743/312/1420 1739/313/1421 1747/314/1429
f 1746/311/1427 1745/312/1428 1748/313/1430 1749/314/1431
f 1745/311/1428 1747/312/1429 1751/313/1432 1748/314/1430
f 1749/311/1431 1748/312/1430 1750/313/1433 1964/314/1434
f 1748/311/1430 1751/312/1432 1752/313/1435 1750/314/1433
f 1753/311/1436 1754/312/1437 1752/313/1435 1751/314/1432
f 1756/311/1438 1753/312/1436 1751/313/1432 1747/314/1429
f 1755/311/1439 2113/312/1440 1754/313/1437 1753/314/1436
f 1757/311/1441 1755/312/1439 1753/313/1436 1756/314/1438
f 1757/311/1441 1756/312/1438 1758/313/1422 1759/314/1442
f 1756/311/1438 1747/312/1429 1739/313/1421 1758/314/1422
f 1759/311/1442 1758/312/1422 1740/313/1423 1761/314/1443
f 1757/311/1441 1759/312/1442 1760/313/1444 1755/314/1439
f 1759/311/1442 1761/312/1443 1763/313/1445 1760/314/1444
f 1762/311/1446 1764/312/1447 1763/313/1445 1761/314/1443
f 1762/311/1446 1761/312/1443 1740/313/1423 2126/314/1409
f 1764/311/1447 1769/312/1448 1765/313/1449 1763/314/1445
f 1760/311/1444 1763/312/1445 1765/313/1449 1766/314/1450
f 1940/311/1451 1766/312/1450 1765/313/1449 1767/314/1452
f 1936/311/1453 1767/312/1452 1765/313/1449 1768/314/1454
f 1773/311/1455 1768/312/1454 1765/313/1449 1770/314/1456
f 1771/311/1457 1770/312/1456 1765/313/1449 1769/314/1448
f 1784/311/1458 1772/312/1459 1770/313/1456 1771/314/1457
f 1775/311/1460 1773/312/1455 1770/313/1456 1772/314/1459
f 1774/311/1461 1926/312/1462 1768/313/1454 1773/314/1455
f 1776/311/1463 1774/312/1461 1773/313/1455 1775/314/1460
f 1776/311/1463 1775/312/1460 1777/313/1464 1778/314/1465
f 1775/311/1460 1772/312/1459 1780/313/1466 1777/314/1464
f 1778/311/1465 1777/312/1464 1779/313/1467 1921/314/1468
f 1777/311/1464 1780/312/1466 1781/313/1469 1779/314/1467
f 1784/311/1458 1782/312/1470 1780/313/1466 1772/314/1459
f 1782/311/1470 1785/312/1471 1781/313/1469 1780/314/1466
f 1783/311/1472 1786/312/1473 1785/313/1471 1782/314/1470
f 2120/311/1474 1783/312/1472 1782/313/1470 1784/314/1458
f 1788/311/1475 1787/312/1476 1785/313/1471 1786/314/1473
f 1787/311/1476 1789/312/1477 1781/313/1469 1785/314/1471
f 1793/311/1478 1790/312/1479 1787/313/1476 1788/314/1475
f 1790/311/1479 1791/312/1480 1789/313/1477 1787/314/1476
f 1798/311/1481 1791/312/1480 1790/313/1479 1792/314/1482
f 1792/311/1482 1790/312/1479 1793/313/1478 1795/314/1358
f 1793/311/1478 1788/312/1475 1796/313/1404 1794/314/1483
f 1793/311/1478 1794/312/1483 1633/313/1356 1795/314/1358
f 1799/311/1484 1792/312/1482 1795/313/1358 1634/314/1355
f 1794/311/1483 1796/312/1404 1725/313/1405 1797/314/1485
f 1794/311/1483 1797/312/1485 1636/313/1357 1633/314/1356
f 1698/311/1381 1797/312/1485 1725/313/1405 1700/314/1382
f 1797/311/1485 1698/312/1381 1638/313/1359 1636/314/1357
f 1788/311/1475 1786/312/1473 1724/313/1403 1796/314/1404
f 1801/311/1486 1798/312/1481 1792/313/1482 1799/314/1484
f 1800/311/1487 1799/312/1484 1634/313/1355 1631/314/1352
f 1803/311/1488 1801/312/1486 1799/313/1484 1800/314/1487
f 1802/311/1489 1915/312/1490 1798/313/1481 1801/314/1486
f 1804/311/1491 1802/312/1489 1801/313/1486 1803/314/1488
f 1806/311/1492 1804/312/1491 1803/313/1488 1805/314/1493
f 1805/311/1493 1803/312/1488 1800/313/1487 1807/314/1494
f 1604/311/1344 1806/312/1492 1805/313/1493 1607/314/1345
f 1607/311/1345 1805/312/1493 1807/313/1494 1609/314/1346
f 1609/311/1346 1807/312/1494 1628/313/1349 1622/314/1346
f 1807/311/1494 1800/312/1487 1631/313/1352 1628/314/1349
f 1808/311/1495 1811/312/1496 1804/313/1491 1806/314/1492
f 1810/311/1346 1808/312/1495 1806/313/1492 1604/314/1344
f 1809/311/1495 1813/312/1497 1811/313/1496 1808/314/1495
f 1831/311/1345 1809/312/1495 1808/313/1495 1810/314/1346
f 1811/311/1496 1812/312/1498 1802/313/1489 1804/314/1491
f 1813/311/1497 1814/312/1499 1812/313/1498 1811/314/1496
f 1815/311/1500 1816/312/1501 1814/313/1499 1813/314/1497
f 1818/311/1502 1815/312/1500 1813/313/1497 1809/314/1495
f 1817/311/1503 1904/312/1504 1816/313/1501 1815/314/1500
f 1820/311/1505 1817/312/1503 1815/313/1500 1818/314/1502
f 1822/311/1345 1820/312/1505 1818/313/1502 1819/314/1346
f 1819/311/1346 1818/312/1502 1809/313/1495 1831/314/1345
f 1821/311/1506 1903/312/1507 1817/313/1503 1820/314/1505
f 1823/311/1508 1821/312/1506 1820/313/1505 1822/314/1345
f 1825/311/1509 1823/312/1508 1822/313/1345 1824/314/1283
f 1824/311/1283 1822/312/1345 1819/313/1346 1827/314/1510
f 1846/311/1511 1825/312/1509 1824/313/1283 1826/314/1282
f 1826/311/1282 1824/312/1283 1827/313/1510 1828/314/1282
f 1828/311/1282 1827/312/1510 1829/313/1283 1830/314/1282
f 1827/311/1510 1819/312/1346 1831/313/1345 1829/314/1283
f 1830/311/1282 1829/312/1283 1605/313/1283 1602/314/1282
f 1829/311/1283 1831/312/1345 1810/313/1346 1605/314/1283
f 1833/311/1512 1828/312/1282 1830/313/1282 1832/314/1513
f 1832/311/1513 1830/312/1282 1602/313/1282 1600/314/1342
f 1833/311/1512 1832/312/1513 1834/313/1514 1837/314/1515
f 1832/311/1513 1600/312/1342 1835/313/1343 1834/314/1514
f 1834/311/1514 1835/312/1343 2047/313/1516 1836/314/1517
f 1837/311/1515 1834/312/1514 1836/313/1517 1838/314/1518
f 1839/311/1519 1837/312/1515 1838/313/1518 1840/314/1520
f 1842/311/1521 1833/312/1512 1837/313/1515 1839/314/1519
f 1841/311/1522 1839/312/1519 1840/313/1520 2035/314/1523
f 1843/311/1524 1842/312/1521 1839/313/1519 1841/314/1522
f 1842/311/1521 1826/312/1282 1828/313/1282 1833/314/1512
f 1843/311/1524 1846/312/1511 1826/313/1282 1842/314/1521
f 1844/311/1525 1843/312/1524 1841/313/1522 2029/314/1526
f 1843/311/1524 1844/312/1525 2026/313/1527 1845/314/1528
f 1846/311/1511 1843/312/1524 1845/313/1528 1847/314/1529
f 1825/311/1509 1846/312/1511 1847/313/1529 1849/314/1530
f 1847/311/1529 1845/312/1528 1864/313/1531 1848/314/1532
f 1849/311/1530 1847/312/1529 1848/313/1532 1850/314/1533
f 1823/311/1508 1825/312/1509 1849/313/1530 1851/314/1534
f 1851/311/1534 1849/312/1530 1850/313/1533 1853/314/1535
f 1821/311/1506 1823/312/1508 1851/313/1534 1852/314/1536
f 1852/311/1536 1851/312/1534 1853/313/1535 1854/314/1537
f 1854/311/1537 1853/312/1535 1855/313/1538 1856/314/1539
f 1853/311/1535 1850/312/1533 1858/313/1540 1855/314/1538
f 1856/311/1539 1855/312/1538 1857/313/1541 2117/314/1542
f 1855/311/1538 1858/312/1540 1859/313/1543 1857/314/1541
f 1858/311/1540 1860/312/1544 1861/313/1545 1859/314/1543
f 1850/311/1533 1848/312/1532 1860/313/1544 1858/314/1540
f 1860/311/1544 1862/312/1546 1863/313/1547 1861/314/1545
f 1848/311/1532 1864/312/1531 1862/313/1546 1860/314/1544
f 1862/311/1546 1865/312/1548 1868/313/1549 1863/314/1547
f 1864/311/1531 1867/312/1550 1865/313/1548 1862/314/1546
f 1865/311/1548 1866/312/1551 1869/313/1552 1868/314/1549
f 1867/311/1550 2021/312/1553 1866/313/1551 1865/314/1548
f 1870/311/1554 1868/312/1549 1869/313/1552 1871/314/1555
f 1873/311/1556 1863/312/1547 1868/313/1549 1870/314/1554
f 1872/311/1557 1870/312/1554 1871/313/1555 2012/314/1558
f 1875/311/1559 1873/312/1556 1870/313/1554 1872/314/1557
f 1874/311/1560 1861/312/1545 1863/313/1547 1873/314/1556
f 1876/311/1561 1874/312/1560 1873/313/1556 1875/314/1559
f 1880/311/1562 1876/312/1561 1875/313/1559 1877/314/1563
f 1877/311/1563 1875/312/1559 1872/313/1557 1879/314/1564
f 1881/311/1565 1880/312/1562 1877/313/1563 1878/314/1566
f 1878/311/1566 1877/312/1563 1879/313/1564 2011/314/1567
f 1882/311/1568 1884/312/1569 1876/313/1561 1880/314/1562
f 1883/311/1570 1882/312/1568 1880/313/1562 1881/314/1565
f 1886/311/1571 1885/312/1572 1882/313/1568 1883/314/1570
f 1885/311/1572 1887/312/1573 1884/313/1569 1882/314/1568
f 1889/311/1574 1888/312/1575 1885/313/1572 1886/314/1571
f 1888/311/1575 1890/312/1576 1887/313/1573 1885/314/1572
f 1892/311/1577 1891/312/1578 1888/313/1575 1889/314/1574
f 1891/311/1578 1893/312/1579 1890/313/1576 1888/314/1575
f 1895/311/1580 1894/312/1581 1891/313/1578 1892/314/1577
f 1894/311/1581 1896/312/1582 1893/313/1579 1891/314/1578
f 1899/311/1583 1897/312/1584 1894/313/1581 1895/314/1580
f 1897/311/1584 1900/312/1585 1896/313/1582 1894/314/1581
f 1898/311/1586 1902/312/1587 1900/313/1585 1897/314/1584
f 1920/311/1588 1898/312/1586 1897/313/1584 1899/314/1583
f 1900/311/1585 1901/312/1589 2114/313/1590 1896/314/1582
f 1902/311/1587 1903/312/1507 1901/313/1589 1900/314/1585
f 1903/311/1507 1902/312/1587 1904/313/1504 1817/314/1503
f 1902/311/1587 1898/312/1586 1905/313/1591 1904/314/1504
f 1904/311/1504 1905/312/1591 1907/313/1592 1816/314/1501
f 1898/311/1586 1920/312/1588 1906/313/1593 1905/314/1591
f 1905/311/1591 1906/312/1593 1908/313/1594 1907/314/1592
f 1907/311/1592 1908/312/1594 1911/313/1595 1909/314/1596
f 1816/311/1501 1907/312/1592 1909/313/1596 1814/314/1499
f 1814/311/1499 1909/312/1596 1910/313/1597 1812/314/1498
f 1909/311/1596 1911/312/1595 1913/313/1598 1910/314/1597
f 1911/311/1595 1908/312/1594 1916/313/1599 1912/314/1600
f 1913/311/1598 1911/312/1595 1912/313/1600 1914/314/1601
f 1910/311/1597 1913/312/1598 1914/313/1601 1915/314/1490
f 1915/311/1490 1914/312/1601 1791/313/1480 1798/314/1481
f 1914/311/1601 1912/312/1600 1789/313/1477 1791/314/1480
f 1812/311/1498 1910/312/1597 1915/313/1490 1802/314/1489
f 1912/311/1600 1916/312/1599 1781/313/1469 1789/314/1477
f 1917/311/1602 1779/312/1467 1781/313/1469 1916/314/1599
f 1906/311/1593 1917/312/1602 1916/313/1599 1908/314/1594
f 1918/311/1603 1921/312/1468 1779/313/1467 1917/314/1602
f 1920/311/1588 1918/312/1603 1917/313/1602 1906/314/1593
f 1918/311/1603 1919/312/1604 1922/313/1605 1921/314/1468
f 1920/311/1588 1899/312/1583 1919/313/1604 1918/314/1603
f 1778/311/1465 1921/312/1468 1922/313/1605 1924/314/1606
f 1924/311/1606 1922/312/1605 1923/313/1607 1925/314/1608
f 1919/311/1604 2102/312/1609 1923/313/1607 1922/314/1605
f 1774/311/1461 1924/312/1606 1925/313/1608 1926/314/1462
f 1776/311/1463 1778/312/1465 1924/313/1606 1774/314/1461
f 1927/311/1610 1925/312/1608 1923/313/1607 1929/314/1611
f 1928/311/1612 1926/312/1462 1925/313/1608 1927/314/1610
f 1933/311/1613 1928/312/1612 1927/313/1610 1930/314/1614
f 1930/311/1614 1927/312/1610 1929/313/1611 1932/314/1615
f 1930/311/1614 1931/312/1616 1934/313/1617 1933/314/1613
f 1932/311/1615 2106/312/1618 1931/313/1616 1930/314/1614
f 1933/311/1613 1934/312/1617 1936/313/1453 1928/314/1612
f 1931/311/1616 1937/312/1619 1935/313/1620 1934/314/1617
f 1934/311/1617 1935/312/1620 1767/313/1452 1936/314/1453
f 1928/311/1612 1936/312/1453 1768/313/1454 1926/314/1462
f 1937/311/1619 1939/312/1621 1938/313/1622 1935/314/1620
f 1938/311/1622 1940/312/1451 1767/313/1452 1935/314/1620
f 1939/311/1621 1943/312/1623 1941/313/1624 1938/314/1622
f 1941/311/1624 1942/312/1625 1940/313/1451 1938/314/1622
f 1941/311/1624 1943/312/1623 1945/313/1626 1942/314/1625
f 2112/311/1627 1944/312/1628 1943/313/1623 1939/314/1621
f 1943/311/1623 1944/312/1628 1946/313/1629 1945/314/1626
f 1945/311/1626 1946/312/1629 1752/313/1435 1754/314/1437
f 1942/311/1625 1945/312/1626 1754/313/1437 2113/314/1440
f 1947/311/1630 1948/312/1631 1752/313/1435 1946/314/1629
f 1949/311/1632 1947/312/1630 1946/313/1629 1944/314/1628
f 1950/311/1633 1951/312/1634 1948/313/1631 1947/314/1630
f 1952/311/1635 1950/312/1633 1947/313/1630 1949/314/1632
f 1956/311/1636 1951/312/1634 1950/313/1633 1953/314/1637
f 1953/311/1637 1950/312/1633 1952/313/1635 1955/314/1638
f 1957/311/1639 1956/312/1636 1953/313/1637 1954/314/1640
f 1954/311/1640 1953/312/1637 1955/313/1638 2110/314/1641
f 1958/311/1642 1960/312/1643 1951/313/1634 1956/314/1636
f 1959/311/1644 1958/312/1642 1956/313/1636 1957/314/1639
f 1883/311/1570 1881/312/1565 1958/313/1642 1959/314/1644
f 1881/311/1565 1878/312/1566 1960/313/1643 1958/314/1642
f 1960/311/1643 1961/312/1645 1948/313/1631 1951/314/1634
f 1878/311/1566 1962/312/1646 1961/313/1645 1960/314/1643
f 1962/311/1646 1964/312/1434 1750/313/1433 1961/314/1645
f 1961/311/1645 1750/312/1433 1752/313/1435 1948/314/1631
f 1965/311/1647 1964/312/1434 1962/313/1646 1963/314/1648
f 1963/311/1648 1962/312/1646 1878/313/1566 2011/314/1567
f 1967/311/1649 1749/312/1431 1964/313/1434 1965/314/1647
f 1968/311/1650 1967/312/1649 1965/313/1647 1966/314/1651
f 1966/311/1651 1965/312/1647 1963/313/1648 2008/314/1652
f 1970/311/1653 1969/312/1654 1967/313/1649 1968/314/1650
f 1969/311/1654 1746/312/1427 1749/313/1431 1967/314/1649
f 1969/311/1654 1970/312/1653 1972/313/1655 1971/314/1656
f 1746/311/1427 1969/312/1654 1971/313/1656 1744/314/1426
f 1744/311/1426 1971/312/1656 1973/313/773 1742/314/1425
f 1971/311/1656 1972/312/1655 881/313/772 1973/314/773
f 1742/311/1425 1973/312/773 882/313/774 2127/314/1424
f 1970/311/1653 1976/312/1657 1974/313/1658 1972/314/1655
f 1972/311/1655 1974/312/1658 879/313/767 881/314/772
f 1974/311/1658 1975/312/1659 875/313/764 879/314/767
f 1976/311/1657 1978/312/1660 1975/313/1659 1974/314/1658
f 1976/311/1657 1970/312/1653 1968/313/1650 1977/314/1661
f 1978/311/1660 1976/312/1657 1977/313/1661 1980/314/1662
f 1978/311/1660 1979/312/1663 1989/313/793 1975/314/1659
f 1979/311/1663 1978/312/1660 1980/313/1662 1982/314/1664
f 1980/311/1662 1977/312/1661 2006/313/1665 1981/314/1666
f 1982/311/1664 1980/312/1662 1981/313/1666 1984/314/1667
f 1986/311/1668 1979/312/1663 1982/313/1664 1983/314/1669
f 1983/311/1669 1982/312/1664 1984/313/1667 1985/314/1670
f 1984/311/1667 1981/312/1666 229/313/223 234/314/225
f 1985/311/1670 1984/312/1667 234/313/225 236/314/232
f 689/311/617 1983/312/1669 1985/313/1670 687/314/616
f 687/311/616 1985/312/1670 236/313/232 2155/314/233
f 691/311/619 1986/312/1668 1983/313/1669 689/314/617
f 1986/311/1668 691/312/619 1988/313/622 1987/314/761
f 1979/311/1663 1986/312/1668 1987/313/761 1989/314/793
f 1987/311/761 1988/312/622 1990/313/762 871/314/761
f 1989/311/793 1987/312/761 871/313/761 873/314/763
f 1975/311/1659 1989/312/793 873/313/763 875/314/764
f 1988/311/622 692/312/621 1991/313/627 1990/314/762
f 1990/311/762 1991/312/627 1992/313/946 870/314/759
f 1991/311/627 696/312/626 1994/313/918 1992/314/946
f 870/311/759 1992/312/946 1993/313/945 867/314/752
f 1992/311/946 1994/312/918 1995/313/917 1993/314/945
f 1994/311/918 703/312/633 1997/313/635 1995/314/917
f 696/311/626 698/312/628 703/313/633 1994/314/918
f 1993/311/945 1995/312/917 1996/313/920 2005/314/944
f 1995/311/917 1997/312/635 1998/313/1671 1996/314/920
f 1997/311/635 704/312/634 1999/313/639 1998/314/1671
f 1996/311/920 1998/312/1671 2000/313/1672 2001/314/751
f 1998/311/1671 1999/312/639 2003/313/1673 2000/314/1672
f 2001/311/751 2000/312/1672 2002/313/1674 854/314/749
f 2000/311/1672 2003/312/1673 2004/313/1675 2002/314/1674
f 1999/311/639 707/312/638 716/313/647 2003/314/1673
f 2003/311/1673 716/312/647 718/313/648 2004/314/1675
f 2002/311/1674 2004/312/1675 832/313/732 834/314/735
f 2004/311/1675 718/312/648 721/313/650 832/314/732
f 854/311/749 2002/312/1674 834/313/735 852/314/737
f 2005/311/944 1996/312/920 2001/313/751 855/314/750
f 867/311/752 1993/312/945 2005/313/944 865/314/746
f 865/311/746 2005/312/944 855/313/750 857/314/752
f 1981/311/1666 2006/312/1665 2007/313/224 229/314/223
f 2006/311/1665 1966/312/1651 2008/313/1652 2007/314/224
f 1977/311/1661 1968/312/1650 1966/313/1651 2006/314/1665
f 2007/311/224 2008/312/1652 2009/313/1676 228/314/219
f 2008/311/1652 1963/312/1648 2011/313/1567 2009/314/1676
f 2009/311/1676 2010/312/1677 2013/313/220 228/314/219
f 2011/311/1567 1879/312/1564 2010/313/1677 2009/314/1676
f 2010/311/1677 2012/312/1558 2014/313/1678 2013/314/220
f 1879/311/1564 1872/312/1557 2012/313/1558 2010/314/1677
f 2013/311/220 2014/312/1678 2015/313/1679 230/314/221
f 2014/311/1678 2016/312/1680 2017/313/262 2015/314/1679
f 2012/311/1558 1871/312/1555 2016/313/1680 2014/314/1678
f 2016/311/1680 2018/312/1681 260/313/261 2017/314/262
f 1871/311/1555 1869/312/1552 2018/313/1681 2016/314/1680
f 2019/311/1682 262/312/260 260/313/261 2018/314/1681
f 1866/311/1551 2019/312/1682 2018/313/1681 1869/314/1552
f 2020/311/1683 264/312/263 262/313/260 2019/314/1682
f 2021/311/1553 2020/312/1683 2019/313/1682 1866/314/1551
f 2022/311/1684 268/312/266 264/313/263 2020/314/1683
f 2024/311/1685 2022/312/1684 2020/313/1683 2021/314/1553
f 2023/311/1686 271/312/271 268/313/266 2022/314/1684
f 2025/311/1687 2023/312/1686 2022/313/1684 2024/314/1685
f 1844/311/1525 2025/312/1687 2024/313/1685 2026/314/1527
f 2026/311/1527 2024/312/1685 2021/313/1553 1867/314/1550
f 1845/311/1528 2026/312/1527 1867/313/1550 1864/314/1531
f 2023/311/1686 2025/312/1687 2027/313/1688 2028/314/1689
f 2025/311/1687 1844/312/1525 2029/313/1526 2027/314/1688
f 2028/311/1689 2027/312/1688 2030/313/1690 2031/314/1691
f 2027/311/1688 2029/312/1526 2033/313/1692 2030/314/1690
f 2031/311/1691 2030/312/1690 2032/313/1693 2055/314/1694
f 2030/311/1690 2033/312/1692 2034/313/1695 2032/314/1693
f 2033/311/1692 2035/312/1523 2036/313/1696 2034/314/1695
f 2029/311/1526 1841/312/1522 2035/313/1523 2033/314/1692
f 2035/311/1523 1840/312/1520 2038/313/1697 2036/314/1696
f 2034/311/1695 2036/312/1696 2037/313/1698 2048/314/1699
f 2036/311/1696 2038/312/1697 2040/313/1700 2037/314/1698
f 2038/311/1697 2039/312/1701 2042/313/1702 2040/314/1700
f 1840/311/1520 1838/312/1518 2039/313/1701 2038/314/1697
f 2048/311/1699 2037/312/1698 2040/313/1700 2041/314/1315
f 2041/311/1315 2040/312/1700 2042/313/1702 2043/314/1204
f 2043/311/1204 2042/312/1702 2044/313/1334 1577/314/1316
f 2039/311/1701 2045/312/1703 2044/313/1334 2042/314/1702
f 2045/311/1703 2046/312/1704 1580/313/1335 2044/314/1334
f 1836/311/1517 2047/312/1516 2046/313/1704 2045/314/1703
f 1838/311/1518 1836/312/1517 2045/313/1703 2039/314/1701
f 2046/311/1704 1588/312/1302 1582/313/1336 1580/314/1335
f 2047/311/1516 1591/312/1299 1588/313/1302 2046/314/1704
f 1835/311/1343 1595/312/1311 1591/313/1299 2047/314/1516
f 2049/311/1326 2041/312/1315 2043/313/1204 1576/314/1202
f 2050/311/1705 2048/312/1699 2041/313/1315 2049/314/1326
f 2053/311/1706 2050/312/1705 2049/313/1326 2051/314/1315
f 2051/311/1315 2049/312/1326 1576/313/1202 1574/314/1204
f 2054/311/1707 2053/312/1706 2051/313/1315 2052/314/1708
f 2052/311/1708 2051/312/1315 1574/313/1204 1572/314/1333
f 2056/311/1709 2055/312/1694 2053/313/1706 2054/314/1707
f 2055/311/1694 2032/312/1693 2050/313/1705 2053/314/1706
f 2058/311/1710 2031/312/1691 2055/313/1694 2056/314/1709
f 2059/311/1711 2058/312/1710 2056/313/1709 2057/314/1712
f 2057/311/1712 2056/312/1709 2054/313/1707 2052/314/1708
f 2061/311/1713 2060/312/1714 2058/313/1710 2059/314/1711
f 2060/311/1714 2028/312/1689 2031/313/1691 2058/314/1710
f 271/311/271 2023/312/1686 2028/313/1689 2060/314/1714
f 273/311/274 271/312/271 2060/313/1714 2061/314/1713
f 2065/311/275 273/312/274 2061/313/1713 2062/314/1715
f 2062/311/1715 2061/312/1713 2059/313/1711 2063/314/1716
f 2064/311/1717 2062/312/1715 2063/313/1716 2075/314/1718
f 2066/311/1719 2065/312/275 2062/313/1715 2064/314/1717
f 274/311/276 2065/312/275 2066/313/1719 2067/314/1720
f 2068/311/1721 2066/312/1719 2064/313/1717 2071/314/1722
f 2067/311/1720 2066/312/1719 2068/313/1721 2069/314/1723
f 2069/311/1723 2068/312/1721 2070/313/325 338/314/322
f 2070/311/325 2068/312/1721 2071/313/1722 2072/314/1322
f 2072/311/1322 2071/312/1722 2073/313/1724 2074/314/1725
f 2071/311/1722 2064/312/1717 2075/313/1718 2073/314/1724
f 2074/311/1725 2073/312/1724 1569/313/1328 1567/314/329
f 2073/311/1724 2075/312/1718 1571/313/1329 1569/314/1328
f 2075/311/1718 2063/312/1716 2090/313/1332 1571/314/1329
f 2077/311/329 2072/312/1322 2074/313/1725 2076/314/329
f 2076/311/329 2074/312/1725 1567/313/329 2079/314/1322
f 343/311/329 2077/312/329 2076/313/329 2078/314/329
f 2078/311/329 2076/312/329 2079/313/1322 1558/314/329
f 345/311/329 343/312/329 2078/313/329 2080/314/329
f 2080/311/329 2078/312/329 1558/313/329 1555/314/329
f 348/311/329 345/312/329 2080/313/329 2081/314/329
f 2081/311/329 2080/312/329 1555/313/329 1553/314/329
f 350/311/329 348/312/329 2081/313/329 1359/314/1196
f 1359/311/1196 2081/312/329 1553/313/329 1361/314/329
f 339/311/326 2070/312/325 2072/313/1322 2077/314/329
f 2084/311/284 2067/312/1720 2069/313/1723 2082/314/1726
f 2082/311/1726 2069/312/1723 338/313/322 336/314/320
f 281/311/285 2084/312/284 2082/313/1726 2083/314/1727
f 2083/311/1727 2082/312/1726 336/313/320 333/314/319
f 276/311/277 274/312/276 2067/313/1720 2084/314/284
f 283/311/286 281/312/285 2083/313/1727 2085/314/1728
f 2085/311/1728 2083/312/1727 333/313/319 2087/314/321
f 286/311/288 283/312/286 2085/313/1728 2086/314/287
f 2086/311/287 2085/312/1728 2087/313/321 2088/314/336
f 2088/311/336 2087/312/321 334/313/314 2089/314/287
f 304/311/289 2086/312/287 2088/313/336 307/314/306
f 307/311/306 2088/312/336 2089/313/287 310/314/310
f 2089/311/287 334/312/314 331/313/315 315/314/288
f 289/311/291 286/312/288 2086/313/287 304/314/289
f 2063/311/1716 2059/312/1711 2057/313/1712 2090/314/1332
f 2090/311/1332 2057/312/1712 2052/313/1708 1572/314/1333
f 2032/311/1693 2034/312/1695 2048/313/1699 2050/314/1705
f 2017/311/262 256/312/254 2091/313/255 2015/314/1679
f 230/311/221 2015/312/1679 2091/313/255 2092/314/227
f 2092/311/227 2091/312/255 255/313/253 253/314/250
f 231/311/228 2092/312/227 253/313/250 250/314/247
f 1886/311/1571 1883/312/1570 1959/313/1644 2093/314/1729
f 2093/311/1729 1959/312/1644 1957/313/1639 2095/314/1730
f 1889/311/1574 1886/312/1571 2093/313/1729 2094/314/1731
f 2094/311/1731 2093/312/1729 2095/313/1730 2097/314/1732
f 2095/311/1730 1957/312/1639 1954/313/1640 2096/314/1733
f 2097/311/1732 2095/312/1730 2096/313/1733 2098/314/1734
f 2098/311/1734 2100/312/1735 2099/313/1736 2097/314/1732
f 2094/311/1731 2097/312/1732 2099/313/1736 2101/314/1737
f 2100/311/1735 1929/312/1611 1923/313/1607 2099/314/1736
f 2101/311/1737 2099/312/1736 1923/313/1607 2102/314/1609
f 1889/311/1574 2094/312/1731 2101/313/1737 1892/314/1577
f 1892/311/1577 2101/312/1737 2102/313/1609 1895/314/1580
f 1899/311/1583 1895/312/1580 2102/313/1609 1919/314/1604
f 2103/311/1738 1932/312/1615 1929/313/1611 2100/314/1735
f 2104/311/1739 2103/312/1738 2100/313/1735 2098/314/1734
f 2104/311/1739 2107/312/1740 2105/313/1741 2103/314/1738
f 2103/311/1738 2105/312/1741 2106/313/1618 1932/314/1615
f 2105/311/1741 2108/312/1742 2111/313/1743 2106/314/1618
f 2107/311/1740 2110/312/1641 2108/313/1742 2105/314/1741
f 2108/311/1742 2109/312/1744 2112/313/1627 2111/314/1743
f 2110/311/1641 1955/312/1638 2109/313/1744 2108/314/1742
f 2111/311/1743 2112/312/1627 1939/313/1621 1937/314/1619
f 2106/311/1618 2111/312/1743 1937/313/1619 1931/314/1616
f 2109/311/1744 1949/312/1632 1944/313/1628 2112/314/1627
f 2096/311/1733 1954/312/1640 2110/313/1641 2107/314/1740
f 1955/311/1638 1952/312/1635 1949/313/1632 2109/314/1744
f 2098/311/1734 2096/312/1733 2107/313/1740 2104/314/1739
f 1942/311/1625 2113/312/1440 1766/313/1450 1940/314/1451
f 1755/311/1439 1760/312/1444 1766/313/1450 2113/314/1440
f 1903/311/1507 1821/312/1506 1852/313/1536 1901/314/1589
f 1901/311/1589 1852/312/1536 1854/313/1537 2114/314/1590
f 2114/311/1590 1854/312/1537 1856/313/1539 2115/314/1745
f 1896/311/1582 2114/312/1590 2115/313/1745 1893/314/1579
f 1893/311/1579 2115/312/1745 2116/313/1746 1890/314/1576
f 2115/311/1745 1856/312/1539 2117/313/1542 2116/314/1746
f 1890/311/1576 2116/312/1746 2118/313/1747 1887/314/1573
f 2116/311/1746 2117/312/1542 1857/313/1541 2118/314/1747
f 1887/311/1573 2118/312/1747 2119/313/1748 1884/314/1569
f 2118/311/1747 1857/312/1541 1859/313/1543 2119/314/1748
f 2119/311/1748 1859/312/1543 1861/313/1545 1874/314/1560
f 1884/311/1569 2119/312/1748 1874/313/1560 1876/314/1561
f 1783/311/1472 2123/312/1402 1724/313/1403 1786/314/1473
f 2120/311/1474 1784/312/1458 1771/313/1457 2121/314/1749
f 2120/311/1474 2121/312/1749 2123/313/1402 1783/314/1472
f 2121/311/1749 1771/312/1457 1769/313/1448 2122/314/1750
f 2121/311/1749 2122/312/1750 1723/313/1401 2123/314/1402
f 2124/311/1751 1727/312/1400 1723/313/1401 2122/314/1750
f 2124/311/1751 2122/312/1750 1769/313/1448 1764/314/1447
f 2125/311/1752 2124/312/1751 1764/313/1447 1762/314/1446
f 2125/311/1752 1729/312/1408 1727/313/1400 2124/314/1751
f 2125/311/1752 1762/312/1446 2126/313/1409 1729/314/1408
f 2128/311/1753 2129/312/1417 1737/313/1418 2127/314/1424
f 2127/311/1424 882/312/774 884/313/775 2128/314/1753
f 2128/311/1753 884/312/775 886/313/777 2129/314/1417
f 2129/311/1417 886/312/777 2130/313/780 1736/314/1415
f 1736/311/1415 2130/312/780 2131/313/1754 1734/314/1413
f 2130/311/780 887/312/779 893/313/786 2131/314/1754
f 1734/311/1413 2131/312/1754 2132/313/1755 1732/314/1412
f 2131/311/1754 893/312/786 2134/313/788 2132/314/1755
f 2132/311/1755 2133/312/978 2135/313/1397 1732/314/1412
f 2134/311/788 1115/312/976 2133/313/978 2132/314/1755
f 894/311/787 1113/312/791 1115/313/976 2134/314/788
f 2133/311/978 1116/312/977 1720/313/1396 2135/314/1397
f 1116/311/977 1118/312/979 1715/313/1392 1720/314/1396
f 1652/311/1346 1491/312/1283 1493/313/1283 1650/314/1345
f 1650/311/1345 1493/312/1283 1496/313/1283 1648/314/1346
f 1648/311/1346 1496/312/1283 1498/313/1283 2136/314/1346
f 1641/311/1365 1643/312/1366 2136/313/1346 2137/314/1345
f 2137/311/1345 2136/312/1346 1498/313/1283 1502/314/1283
f 1625/311/1346 2137/312/1345 1502/313/1283 1504/314/1283
f 1627/311/1348 1641/312/1365 2137/313/1345 1625/314/1346
f 1512/311/1299 2138/312/1299 1522/313/1311 1514/314/1299
f 2138/311/1299 1485/312/1299 1483/313/1303 1522/314/1311
f 1499/311/1308 1495/312/1307 2138/313/1299 1512/314/1299
f 1495/311/1307 1487/312/1304 1485/313/1299 2138/314/1299
f 2139/311/1032 1171/312/1031 2140/313/1756 1457/314/1275
f 1457/311/1275 2140/312/1756 2141/313/1757 1454/314/1273
f 1173/311/1033 1199/312/1059 2140/313/1756 1171/314/1031
f 1199/311/1059 1201/312/1060 2141/313/1757 2140/314/1756
f 1201/311/1060 1203/312/1062 2142/313/1268 2141/314/1757
f 1454/311/1273 2141/312/1757 2142/313/1268 1449/314/1267
f 1203/311/1062 1207/312/1065 1446/313/1264 2142/314/1268
f 2143/311/1758 2144/312/1759 1441/313/1260 1443/314/1262
f 1209/311/1067 2143/312/1758 1443/313/1262 1206/314/1068
f 1219/311/1080 1228/312/1090 2144/313/1759 2143/314/1758
f 1211/311/1071 1219/312/1080 2143/313/1758 1209/314/1067
f 2144/311/1759 2145/312/1760 2146/313/1261 1441/314/1260
f 1228/311/1090 1230/312/1093 2145/313/1760 2144/314/1759
f 2147/311/1761 1440/312/1258 2146/313/1261 2145/314/1760
f 2149/311/1095 2147/312/1761 2145/313/1760 1230/314/1093
f 2148/311/1762 1437/312/1255 1440/313/1258 2147/314/1761
f 1240/311/1106 2148/312/1762 2147/313/1761 2149/314/1095
f 1434/311/1253 1437/312/1255 2148/313/1762 2150/314/1763
f 2150/311/1763 2148/312/1762 1240/313/1106 1242/314/1107
f 1432/311/1250 1434/312/1253 2150/313/1763 2151/314/1764
f 2151/311/1764 2150/312/1763 1242/313/1107 1244/314/1108
f 1321/311/1170 1432/312/1250 2151/313/1764 1319/314/1167
f 1319/311/1167 2151/312/1764 1244/313/1108 1313/314/1111
f 1384/311/1206 2152/312/1765 1350/313/324 1382/314/327
f 1334/311/1186 1336/312/1188 2152/313/1765 1384/314/1206
f 1336/311/1188 1338/312/1190 1343/313/317 2152/314/1765
f 2152/311/1765 1343/312/317 1346/313/1194 1350/314/324
f 889/311/782 864/312/755 862/313/755 891/314/783
f 876/311/766 868/312/758 864/313/755 889/314/782
f 732/311/659 800/312/659 820/313/713 730/314/658
f 788/311/701 809/312/715 802/313/459 790/314/461
f 418/311/366 2154/312/387 760/313/676 420/314/367
f 420/311/367 760/312/676 752/313/671 422/314/368
f 409/311/359 407/312/358 2154/313/387 418/314/366
f 492/311/420 485/312/414 740/313/415 737/314/663
f 494/311/424 492/312/420 737/313/663 735/314/431
f 657/311/588 515/312/446 510/313/443 711/314/442
f 362/311/291 364/312/306 427/313/307 429/314/292
f 366/311/289 425/312/332 427/313/307 364/314/306
f 341/311/328 347/312/328 326/313/317 328/314/317
f 231/311/228 250/312/247 241/313/238 233/314/229
